municipio_cod,municipio_fato,data_fato,mes,ano,natureza_delito,tentado_consumado,qtde_vitimas
313420,ITUIUTABA,2014-01-01,1,2014,AMEACA,CONSUMADO,1
313420,ITUIUTABA,2014-01-01,1,2014,VIAS DE FATO / AGRESSAO,CONSUMADO,5
313420,ITUIUTABA,2014-01-02,1,2014,AMEACA,CONSUMADO,1
313420,ITUIUTABA,2014-01-02,1,2014,VIAS DE FATO / AGRESSAO,CONSUMADO,1
313420,ITUIUTABA,2014-01-03,1,2014,AMEACA,CONSUMADO,1
313420,ITUIUTABA,2014-01-04,1,2014,LESAO CORPORAL,CONSUMADO,1
313420,ITUIUTABA,2014-01-04,1,2014,VIAS DE FATO / AGRESSAO,CONSUMADO,3
313420,ITUIUTABA,2014-01-05,1,2014,AMEACA,CONSUMADO,2
313420,ITUIUTABA,2014-01-05,1,2014,LESAO CORPORAL,CONSUMADO,1
313420,ITUIUTABA,2014-01-06,1,2014,AMEACA,CONSUMADO,2
313420,ITUIUTABA,2014-01-06,1,2014,HOMICIDIO,TENTADO,1
313420,ITUIUTABA,2014-01-06,1,2014,LESAO CORPORAL,CONSUMADO,1
313420,ITUIUTABA,2014-01-09,1,2014,AMEACA,CONSUMADO,2
313420,ITUIUTABA,2014-01-09,1,2014,VIAS DE FATO / AGRESSAO,CONSUMADO,1
313420,ITUIUTABA,2014-01-11,1,2014,DESOBEDIENCIA,CONSUMADO,1
313420,ITUIUTABA,2014-01-12,1,2014,DANO,CONSUMADO,1
313420,ITUIUTABA,2014-01-12,1,2014,LESAO CORPORAL,CONSUMADO,2
313420,ITUIUTABA,2014-01-12,1,2014,VIAS DE FATO / AGRESSAO,CONSUMADO,1
313420,ITUIUTABA,2014-01-13,1,2014,AMEACA,CONSUMADO,1
313420,ITUIUTABA,2014-01-13,1,2014,LESAO CORPORAL,CONSUMADO,1
313420,ITUIUTABA,2014-01-14,1,2014,MAUS TRATOS,CONSUMADO,1
313420,ITUIUTABA,2014-01-16,1,2014,ABUSO DE INCAPAZES,CONSUMADO,1
313420,ITUIUTABA,2014-01-17,1,2014,AMEACA,CONSUMADO,2
313420,ITUIUTABA,2014-01-17,1,2014,DANO,CONSUMADO,1
313420,ITUIUTABA,2014-01-17,1,2014,ESTUPRO DE VULNERAVEL,CONSUMADO,1
313420,ITUIUTABA,2014-01-18,1,2014,INJURIA,CONSUMADO,1
313420,ITUIUTABA,2014-01-18,1,2014,VIAS DE FATO / AGRESSAO,CONSUMADO,2
313420,ITUIUTABA,2014-01-19,1,2014,LESAO CORPORAL,CONSUMADO,2
313420,ITUIUTABA,2014-01-20,1,2014,VIAS DE FATO / AGRESSAO,CONSUMADO,1
313420,ITUIUTABA,2014-01-23,1,2014,LESAO CORPORAL,CONSUMADO,1
313420,ITUIUTABA,2014-01-24,1,2014,LESAO CORPORAL,CONSUMADO,1
313420,ITUIUTABA,2014-01-25,1,2014,VIAS DE FATO / AGRESSAO,CONSUMADO,1
313420,ITUIUTABA,2014-01-26,1,2014,AMEACA,CONSUMADO,1
313420,ITUIUTABA,2014-01-26,1,2014,LESAO CORPORAL,CONSUMADO,3
313420,ITUIUTABA,2014-01-27,1,2014,OUTRAS ACOES DEFESA SOCIAL,CONSUMADO,1
313420,ITUIUTABA,2014-01-27,1,2014,OUTROS INFRACOES C/ A PESSOA,CONSUMADO,1
313420,ITUIUTABA,2014-01-27,1,2014,VIAS DE FATO / AGRESSAO,CONSUMADO,1
313420,ITUIUTABA,2014-01-28,1,2014,AMEACA,CONSUMADO,1
313420,ITUIUTABA,2014-01-28,1,2014,FURTO,CONSUMADO,1
313420,ITUIUTABA,2014-01-29,1,2014,AMEACA,CONSUMADO,3
313420,ITUIUTABA,2014-01-30,1,2014,AMEACA,CONSUMADO,1
313420,ITUIUTABA,2014-01-30,1,2014,ATRITO VERBAL,CONSUMADO,1
313420,ITUIUTABA,2014-01-30,1,2014,FURTO,CONSUMADO,1
313420,ITUIUTABA,2014-01-31,1,2014,AMEACA,CONSUMADO,1
313420,ITUIUTABA,2014-02-01,2,2014,AMEACA,CONSUMADO,1
313420,ITUIUTABA,2014-02-02,2,2014,AMEACA,CONSUMADO,1
313420,ITUIUTABA,2014-02-02,2,2014,OUTROS INFRACOES C/ A PESSOA,CONSUMADO,1
313420,ITUIUTABA,2014-02-02,2,2014,VIAS DE FATO / AGRESSAO,CONSUMADO,1
313420,ITUIUTABA,2014-02-03,2,2014,AMEACA,CONSUMADO,1
313420,ITUIUTABA,2014-02-04,2,2014,AMEACA,CONSUMADO,1
313420,ITUIUTABA,2014-02-06,2,2014,AMEACA,CONSUMADO,1
313420,ITUIUTABA,2014-02-06,2,2014,VIAS DE FATO / AGRESSAO,CONSUMADO,1
313420,ITUIUTABA,2014-02-07,2,2014,AMEACA,CONSUMADO,3
313420,ITUIUTABA,2014-02-07,2,2014,OUTROS INFRACOES C/ A PESSOA,CONSUMADO,1
313420,ITUIUTABA,2014-02-08,2,2014,AMEACA,CONSUMADO,1
313420,ITUIUTABA,2014-02-08,2,2014,LESAO CORPORAL,CONSUMADO,1
313420,ITUIUTABA,2014-02-08,2,2014,OUTRAS ACOES DEFESA SOCIAL,CONSUMADO,1
313420,ITUIUTABA,2014-02-09,2,2014,VIAS DE FATO / AGRESSAO,CONSUMADO,1
313420,ITUIUTABA,2014-02-10,2,2014,AMEACA,CONSUMADO,1
313420,ITUIUTABA,2014-02-10,2,2014,DESOBEDIENCIA,CONSUMADO,1
313420,ITUIUTABA,2014-02-10,2,2014,VIAS DE FATO / AGRESSAO,CONSUMADO,2
313420,ITUIUTABA,2014-02-11,2,2014,AMEACA,CONSUMADO,1
313420,ITUIUTABA,2014-02-12,2,2014,AMEACA,CONSUMADO,1
313420,ITUIUTABA,2014-02-14,2,2014,AMEACA,CONSUMADO,1
313420,ITUIUTABA,2014-02-14,2,2014,LESAO CORPORAL,CONSUMADO,2
313420,ITUIUTABA,2014-02-14,2,2014,VIAS DE FATO / AGRESSAO,CONSUMADO,1
313420,ITUIUTABA,2014-02-15,2,2014,AMEACA,CONSUMADO,1
313420,ITUIUTABA,2014-02-15,2,2014,LESAO CORPORAL,CONSUMADO,1
313420,ITUIUTABA,2014-02-16,2,2014,AMEACA,CONSUMADO,2
313420,ITUIUTABA,2014-02-16,2,2014,LESAO CORPORAL,CONSUMADO,1
313420,ITUIUTABA,2014-02-16,2,2014,OUTRAS ACOES DEFESA SOCIAL,CONSUMADO,1
313420,ITUIUTABA,2014-02-20,2,2014,LESAO CORPORAL,CONSUMADO,1
313420,ITUIUTABA,2014-02-23,2,2014,LESAO CORPORAL,CONSUMADO,2
313420,ITUIUTABA,2014-02-24,2,2014,AMEACA,CONSUMADO,1
313420,ITUIUTABA,2014-02-24,2,2014,LESAO CORPORAL,CONSUMADO,1
313420,ITUIUTABA,2014-02-25,2,2014,AMEACA,CONSUMADO,1
313420,ITUIUTABA,2014-02-26,2,2014,AMEACA,CONSUMADO,1
313420,ITUIUTABA,2014-02-27,2,2014,LESAO CORPORAL,CONSUMADO,2
313420,ITUIUTABA,2014-02-27,2,2014,VIAS DE FATO / AGRESSAO,CONSUMADO,1
313420,ITUIUTABA,2014-02-28,2,2014,LESAO CORPORAL,CONSUMADO,2
313420,ITUIUTABA,2014-03-01,3,2014,AMEACA,CONSUMADO,2
313420,ITUIUTABA,2014-03-01,3,2014,DANO,CONSUMADO,1
313420,ITUIUTABA,2014-03-01,3,2014,LESAO CORPORAL,CONSUMADO,1
313420,ITUIUTABA,2014-03-01,3,2014,VIAS DE FATO / AGRESSAO,CONSUMADO,1
313420,ITUIUTABA,2014-03-02,3,2014,AMEACA,CONSUMADO,1
313420,ITUIUTABA,2014-03-02,3,2014,DANO,CONSUMADO,1
313420,ITUIUTABA,2014-03-02,3,2014,LESAO CORPORAL,CONSUMADO,1
313420,ITUIUTABA,2014-03-02,3,2014,VIAS DE FATO / AGRESSAO,CONSUMADO,1
313420,ITUIUTABA,2014-03-03,3,2014,AMEACA,CONSUMADO,1
313420,ITUIUTABA,2014-03-03,3,2014,LESAO CORPORAL,CONSUMADO,1
313420,ITUIUTABA,2014-03-04,3,2014,AMEACA,CONSUMADO,2
313420,ITUIUTABA,2014-03-05,3,2014,OUTRAS INFRACOES DEMAIS LEIS ESPECIAIS,CONSUMADO,1
313420,ITUIUTABA,2014-03-07,3,2014,AMEACA,CONSUMADO,1
313420,ITUIUTABA,2014-03-07,3,2014,ESTUPRO,CONSUMADO,1
313420,ITUIUTABA,2014-03-08,3,2014,AMEACA,CONSUMADO,1
313420,ITUIUTABA,2014-03-09,3,2014,AMEACA,CONSUMADO,2
313420,ITUIUTABA,2014-03-09,3,2014,LESAO CORPORAL,CONSUMADO,1
313420,ITUIUTABA,2014-03-09,3,2014,VIAS DE FATO / AGRESSAO,CONSUMADO,1
313420,ITUIUTABA,2014-03-10,3,2014,AMEACA,CONSUMADO,2
313420,ITUIUTABA,2014-03-11,3,2014,AMEACA,CONSUMADO,1
313420,ITUIUTABA,2014-03-11,3,2014,LESAO CORPORAL,CONSUMADO,1
313420,ITUIUTABA,2014-03-12,3,2014,AMEACA,CONSUMADO,1
313420,ITUIUTABA,2014-03-12,3,2014,VIAS DE FATO / AGRESSAO,CONSUMADO,1
313420,ITUIUTABA,2014-03-13,3,2014,AMEACA,CONSUMADO,1
313420,ITUIUTABA,2014-03-13,3,2014,VIAS DE FATO / AGRESSAO,CONSUMADO,2
313420,ITUIUTABA,2014-03-14,3,2014,AMEACA,CONSUMADO,1
313420,ITUIUTABA,2014-03-14,3,2014,LESAO CORPORAL,CONSUMADO,2
313420,ITUIUTABA,2014-03-14,3,2014,VIAS DE FATO / AGRESSAO,CONSUMADO,3
313420,ITUIUTABA,2014-03-15,3,2014,VIAS DE FATO / AGRESSAO,CONSUMADO,1
313420,ITUIUTABA,2014-03-17,3,2014,VIAS DE FATO / AGRESSAO,CONSUMADO,1
313420,ITUIUTABA,2014-03-18,3,2014,AMEACA,CONSUMADO,1
313420,ITUIUTABA,2014-03-18,3,2014,LESAO CORPORAL,CONSUMADO,1
313420,ITUIUTABA,2014-03-18,3,2014,VIAS DE FATO / AGRESSAO,CONSUMADO,1
313420,ITUIUTABA,2014-03-19,3,2014,DESOBEDECE ORDEM JUDICIAL (PERDA/SUS DIREITO),CONSUMADO,1
313420,ITUIUTABA,2014-03-19,3,2014,LESAO CORPORAL,CONSUMADO,2
313420,ITUIUTABA,2014-03-19,3,2014,VIAS DE FATO / AGRESSAO,CONSUMADO,1
313420,ITUIUTABA,2014-03-21,3,2014,AMEACA,CONSUMADO,1
313420,ITUIUTABA,2014-03-21,3,2014,LESAO CORPORAL,CONSUMADO,1
313420,ITUIUTABA,2014-03-22,3,2014,LESAO CORPORAL,CONSUMADO,1
313420,ITUIUTABA,2014-03-22,3,2014,VIAS DE FATO / AGRESSAO,CONSUMADO,1
313420,ITUIUTABA,2014-03-23,3,2014,AMEACA,CONSUMADO,1
313420,ITUIUTABA,2014-03-24,3,2014,AMEACA,CONSUMADO,1
313420,ITUIUTABA,2014-03-24,3,2014,DANO,CONSUMADO,1
313420,ITUIUTABA,2014-03-24,3,2014,VIAS DE FATO / AGRESSAO,CONSUMADO,1
313420,ITUIUTABA,2014-03-25,3,2014,LESAO CORPORAL,CONSUMADO,1
313420,ITUIUTABA,2014-03-26,3,2014,AMEACA,CONSUMADO,1
313420,ITUIUTABA,2014-03-28,3,2014,AMEACA,CONSUMADO,2
313420,ITUIUTABA,2014-03-28,3,2014,LESAO CORPORAL,CONSUMADO,1
313420,ITUIUTABA,2014-03-29,3,2014,LESAO CORPORAL,CONSUMADO,2
313420,ITUIUTABA,2014-03-30,3,2014,AMEACA,CONSUMADO,1
313420,ITUIUTABA,2014-03-30,3,2014,LESAO CORPORAL,CONSUMADO,1
313420,ITUIUTABA,2014-04-01,4,2014,AMEACA,CONSUMADO,1
313420,ITUIUTABA,2014-04-01,4,2014,ESTUPRO DE VULNERAVEL,CONSUMADO,1
313420,ITUIUTABA,2014-04-01,4,2014,LESAO CORPORAL,CONSUMADO,1
313420,ITUIUTABA,2014-04-02,4,2014,EXTORSAO,CONSUMADO,1
313420,ITUIUTABA,2014-04-03,4,2014,ESTELIONATO,CONSUMADO,1
313420,ITUIUTABA,2014-04-03,4,2014,LESAO CORPORAL,CONSUMADO,1
313420,ITUIUTABA,2014-04-03,4,2014,VIAS DE FATO / AGRESSAO,CONSUMADO,1
313420,ITUIUTABA,2014-04-04,4,2014,AMEACA,CONSUMADO,1
313420,ITUIUTABA,2014-04-04,4,2014,VIAS DE FATO / AGRESSAO,CONSUMADO,2
313420,ITUIUTABA,2014-04-05,4,2014,AMEACA,CONSUMADO,1
313420,ITUIUTABA,2014-04-06,4,2014,AMEACA,CONSUMADO,1
313420,ITUIUTABA,2014-04-06,4,2014,LESAO CORPORAL,CONSUMADO,1
313420,ITUIUTABA,2014-04-06,4,2014,LESAO CORPORAL,TENTADO,1
313420,ITUIUTABA,2014-04-06,4,2014,VIAS DE FATO / AGRESSAO,CONSUMADO,1
313420,ITUIUTABA,2014-04-07,4,2014,AMEACA,CONSUMADO,1
313420,ITUIUTABA,2014-04-07,4,2014,LESAO CORPORAL,CONSUMADO,1
313420,ITUIUTABA,2014-04-08,4,2014,OUTROS INFRACOES C/ A PESSOA,CONSUMADO,1
313420,ITUIUTABA,2014-04-10,4,2014,AMEACA,CONSUMADO,1
313420,ITUIUTABA,2014-04-11,4,2014,AMEACA,CONSUMADO,1
313420,ITUIUTABA,2014-04-11,4,2014,OUTROS INFRACOES C/ A PESSOA,CONSUMADO,1
313420,ITUIUTABA,2014-04-11,4,2014,VIAS DE FATO / AGRESSAO,CONSUMADO,1
313420,ITUIUTABA,2014-04-12,4,2014,AMEACA,CONSUMADO,1
313420,ITUIUTABA,2014-04-12,4,2014,LESAO CORPORAL,CONSUMADO,1
313420,ITUIUTABA,2014-04-13,4,2014,LESAO CORPORAL,CONSUMADO,1
313420,ITUIUTABA,2014-04-13,4,2014,VIAS DE FATO / AGRESSAO,CONSUMADO,1
313420,ITUIUTABA,2014-04-14,4,2014,AMEACA,CONSUMADO,1
313420,ITUIUTABA,2014-04-14,4,2014,FURTO,CONSUMADO,1
313420,ITUIUTABA,2014-04-15,4,2014,VIAS DE FATO / AGRESSAO,CONSUMADO,1
313420,ITUIUTABA,2014-04-16,4,2014,AMEACA,CONSUMADO,2
313420,ITUIUTABA,2014-04-17,4,2014,AMEACA,CONSUMADO,1
313420,ITUIUTABA,2014-04-18,4,2014,AMEACA,CONSUMADO,3
313420,ITUIUTABA,2014-04-19,4,2014,AMEACA,CONSUMADO,2
313420,ITUIUTABA,2014-04-19,4,2014,FURTO,CONSUMADO,1
313420,ITUIUTABA,2014-04-19,4,2014,LESAO CORPORAL,CONSUMADO,1
313420,ITUIUTABA,2014-04-19,4,2014,OUTRAS ACOES DEFESA SOCIAL,CONSUMADO,1
313420,ITUIUTABA,2014-04-19,4,2014,VIAS DE FATO / AGRESSAO,CONSUMADO,1
313420,ITUIUTABA,2014-04-20,4,2014,ABUSO DE INCAPAZES,CONSUMADO,1
313420,ITUIUTABA,2014-04-20,4,2014,AMEACA,CONSUMADO,1
313420,ITUIUTABA,2014-04-20,4,2014,VIAS DE FATO / AGRESSAO,CONSUMADO,1
313420,ITUIUTABA,2014-04-21,4,2014,AMEACA,CONSUMADO,3
313420,ITUIUTABA,2014-04-21,4,2014,DANO,CONSUMADO,1
313420,ITUIUTABA,2014-04-21,4,2014,LESAO CORPORAL,CONSUMADO,1
313420,ITUIUTABA,2014-04-22,4,2014,LESAO CORPORAL,CONSUMADO,1
313420,ITUIUTABA,2014-04-22,4,2014,VIAS DE FATO / AGRESSAO,CONSUMADO,1
313420,ITUIUTABA,2014-04-24,4,2014,VIAS DE FATO / AGRESSAO,CONSUMADO,2
313420,ITUIUTABA,2014-04-25,4,2014,AMEACA,CONSUMADO,1
313420,ITUIUTABA,2014-04-27,4,2014,LESAO CORPORAL,CONSUMADO,1
313420,ITUIUTABA,2014-04-28,4,2014,AMEACA,CONSUMADO,1
313420,ITUIUTABA,2014-04-28,4,2014,OUTROS INFRACOES C/ A PESSOA,CONSUMADO,1
313420,ITUIUTABA,2014-04-28,4,2014,VIAS DE FATO / AGRESSAO,CONSUMADO,1
313420,ITUIUTABA,2014-04-29,4,2014,AMEACA,CONSUMADO,2
313420,ITUIUTABA,2014-04-29,4,2014,LESAO CORPORAL,CONSUMADO,2
313420,ITUIUTABA,2014-04-29,4,2014,VIAS DE FATO / AGRESSAO,CONSUMADO,1
313420,ITUIUTABA,2014-04-30,4,2014,AMEACA,CONSUMADO,1
313420,ITUIUTABA,2014-04-30,4,2014,VIAS DE FATO / AGRESSAO,CONSUMADO,1
313420,ITUIUTABA,2014-05-01,5,2014,DANO,CONSUMADO,1
313420,ITUIUTABA,2014-05-01,5,2014,LESAO CORPORAL,CONSUMADO,1
313420,ITUIUTABA,2014-05-01,5,2014,VIAS DE FATO / AGRESSAO,CONSUMADO,1
313420,ITUIUTABA,2014-05-02,5,2014,AMEACA,CONSUMADO,1
313420,ITUIUTABA,2014-05-03,5,2014,AMEACA,CONSUMADO,1
313420,ITUIUTABA,2014-05-03,5,2014,LESAO CORPORAL,CONSUMADO,1
313420,ITUIUTABA,2014-05-03,5,2014,VIAS DE FATO / AGRESSAO,CONSUMADO,1
313420,ITUIUTABA,2014-05-04,5,2014,DESOBEDIENCIA,CONSUMADO,1
313420,ITUIUTABA,2014-05-04,5,2014,HOMICIDIO,TENTADO,1
313420,ITUIUTABA,2014-05-04,5,2014,LESAO CORPORAL,CONSUMADO,2
313420,ITUIUTABA,2014-05-05,5,2014,AMEACA,CONSUMADO,3
313420,ITUIUTABA,2014-05-05,5,2014,HOMICIDIO,TENTADO,1
313420,ITUIUTABA,2014-05-06,5,2014,AMEACA,CONSUMADO,1
313420,ITUIUTABA,2014-05-08,5,2014,INJURIA,CONSUMADO,1
313420,ITUIUTABA,2014-05-09,5,2014,ABUSO DE INCAPAZES,CONSUMADO,1
313420,ITUIUTABA,2014-05-10,5,2014,AMEACA,CONSUMADO,3
313420,ITUIUTABA,2014-05-10,5,2014,VIAS DE FATO / AGRESSAO,CONSUMADO,1
313420,ITUIUTABA,2014-05-11,5,2014,AMEACA,CONSUMADO,1
313420,ITUIUTABA,2014-05-11,5,2014,LESAO CORPORAL,CONSUMADO,1
313420,ITUIUTABA,2014-05-11,5,2014,VIAS DE FATO / AGRESSAO,CONSUMADO,1
313420,ITUIUTABA,2014-05-12,5,2014,AMEACA,CONSUMADO,1
313420,ITUIUTABA,2014-05-12,5,2014,FURTO,CONSUMADO,1
313420,ITUIUTABA,2014-05-13,5,2014,AMEACA,CONSUMADO,3
313420,ITUIUTABA,2014-05-15,5,2014,LESAO CORPORAL,CONSUMADO,1
313420,ITUIUTABA,2014-05-15,5,2014,VIAS DE FATO / AGRESSAO,CONSUMADO,1
313420,ITUIUTABA,2014-05-16,5,2014,LESAO CORPORAL,CONSUMADO,2
313420,ITUIUTABA,2014-05-17,5,2014,LESAO CORPORAL,CONSUMADO,1
313420,ITUIUTABA,2014-05-18,5,2014,LESAO CORPORAL,CONSUMADO,1
313420,ITUIUTABA,2014-05-19,5,2014,AMEACA,CONSUMADO,1
313420,ITUIUTABA,2014-05-20,5,2014,AMEACA,CONSUMADO,1
313420,ITUIUTABA,2014-05-20,5,2014,TRAFICO ILICITO DE DROGAS,CONSUMADO,1
313420,ITUIUTABA,2014-05-21,5,2014,AMEACA,CONSUMADO,1
313420,ITUIUTABA,2014-05-21,5,2014,VIAS DE FATO / AGRESSAO,CONSUMADO,1
313420,ITUIUTABA,2014-05-22,5,2014,AMEACA,CONSUMADO,1
313420,ITUIUTABA,2014-05-23,5,2014,VIAS DE FATO / AGRESSAO,CONSUMADO,1
313420,ITUIUTABA,2014-05-24,5,2014,AMEACA,CONSUMADO,1
313420,ITUIUTABA,2014-05-24,5,2014,VIAS DE FATO / AGRESSAO,CONSUMADO,1
313420,ITUIUTABA,2014-05-25,5,2014,DANO,CONSUMADO,1
313420,ITUIUTABA,2014-05-25,5,2014,LESAO CORPORAL,CONSUMADO,1
313420,ITUIUTABA,2014-05-26,5,2014,AMEACA,CONSUMADO,2
313420,ITUIUTABA,2014-05-26,5,2014,OUTRAS ACOES DEFESA SOCIAL,CONSUMADO,1
313420,ITUIUTABA,2014-05-28,5,2014,AMEACA,CONSUMADO,2
313420,ITUIUTABA,2014-05-28,5,2014,LESAO CORPORAL,CONSUMADO,2
313420,ITUIUTABA,2014-05-29,5,2014,AMEACA,CONSUMADO,1
313420,ITUIUTABA,2014-05-31,5,2014,AMEACA,CONSUMADO,1
313420,ITUIUTABA,2014-06-02,6,2014,AMEACA,CONSUMADO,2
313420,ITUIUTABA,2014-06-02,6,2014,LESAO CORPORAL,CONSUMADO,1
313420,ITUIUTABA,2014-06-02,6,2014,VIAS DE FATO / AGRESSAO,CONSUMADO,1
313420,ITUIUTABA,2014-06-03,6,2014,LESAO CORPORAL,CONSUMADO,2
313420,ITUIUTABA,2014-06-04,6,2014,LESAO CORPORAL,CONSUMADO,1
313420,ITUIUTABA,2014-06-06,6,2014,AMEACA,CONSUMADO,2
313420,ITUIUTABA,2014-06-06,6,2014,DANO,CONSUMADO,1
313420,ITUIUTABA,2014-06-07,6,2014,AMEACA,CONSUMADO,1
313420,ITUIUTABA,2014-06-07,6,2014,LESAO CORPORAL,CONSUMADO,1
313420,ITUIUTABA,2014-06-07,6,2014,VIAS DE FATO / AGRESSAO,CONSUMADO,1
313420,ITUIUTABA,2014-06-08,6,2014,AMEACA,CONSUMADO,1
313420,ITUIUTABA,2014-06-08,6,2014,DESOBEDIENCIA,CONSUMADO,1
313420,ITUIUTABA,2014-06-08,6,2014,LESAO CORPORAL,CONSUMADO,1
313420,ITUIUTABA,2014-06-08,6,2014,VIAS DE FATO / AGRESSAO,CONSUMADO,1
313420,ITUIUTABA,2014-06-09,6,2014,AMEACA,CONSUMADO,1
313420,ITUIUTABA,2014-06-09,6,2014,LESAO CORPORAL,CONSUMADO,1
313420,ITUIUTABA,2014-06-09,6,2014,VIAS DE FATO / AGRESSAO,CONSUMADO,2
313420,ITUIUTABA,2014-06-11,6,2014,AMEACA,CONSUMADO,1
313420,ITUIUTABA,2014-06-12,6,2014,AMEACA,CONSUMADO,1
313420,ITUIUTABA,2014-06-12,6,2014,VIAS DE FATO / AGRESSAO,CONSUMADO,1
313420,ITUIUTABA,2014-06-13,6,2014,AMEACA,CONSUMADO,2
313420,ITUIUTABA,2014-06-14,6,2014,AMEACA,CONSUMADO,1
313420,ITUIUTABA,2014-06-14,6,2014,OUTRAS INFRACOES CONTRA O PATRIMONIO,CONSUMADO,1
313420,ITUIUTABA,2014-06-15,6,2014,VIAS DE FATO / AGRESSAO,CONSUMADO,2
313420,ITUIUTABA,2014-06-16,6,2014,AMEACA,CONSUMADO,1
313420,ITUIUTABA,2014-06-16,6,2014,LESAO CORPORAL,CONSUMADO,1
313420,ITUIUTABA,2014-06-16,6,2014,VIAS DE FATO / AGRESSAO,CONSUMADO,1
313420,ITUIUTABA,2014-06-17,6,2014,EXERCICIO ARBITRARIO DAS PROPRIAS RAZOES,CONSUMADO,1
313420,ITUIUTABA,2014-06-17,6,2014,LESAO CORPORAL,CONSUMADO,1
313420,ITUIUTABA,2014-06-17,6,2014,OMISSAO DE SOCORRO,CONSUMADO,1
313420,ITUIUTABA,2014-06-19,6,2014,LESAO CORPORAL,CONSUMADO,1
313420,ITUIUTABA,2014-06-19,6,2014,VIAS DE FATO / AGRESSAO,CONSUMADO,1
313420,ITUIUTABA,2014-06-20,6,2014,AMEACA,CONSUMADO,1
313420,ITUIUTABA,2014-06-20,6,2014,OUTROS INFRACOES C/ A PESSOA,CONSUMADO,1
313420,ITUIUTABA,2014-06-21,6,2014,AMEACA,CONSUMADO,1
313420,ITUIUTABA,2014-06-21,6,2014,LESAO CORPORAL,CONSUMADO,1
313420,ITUIUTABA,2014-06-21,6,2014,VIAS DE FATO / AGRESSAO,CONSUMADO,2
313420,ITUIUTABA,2014-06-22,6,2014,VIAS DE FATO / AGRESSAO,CONSUMADO,1
313420,ITUIUTABA,2014-06-23,6,2014,AMEACA,CONSUMADO,1
313420,ITUIUTABA,2014-06-24,6,2014,AMEACA,CONSUMADO,1
313420,ITUIUTABA,2014-06-24,6,2014,LESAO CORPORAL,CONSUMADO,2
313420,ITUIUTABA,2014-06-25,6,2014,AMEACA,CONSUMADO,2
313420,ITUIUTABA,2014-06-26,6,2014,VIAS DE FATO / AGRESSAO,CONSUMADO,1
313420,ITUIUTABA,2014-06-27,6,2014,AMEACA,CONSUMADO,1
313420,ITUIUTABA,2014-06-28,6,2014,VIAS DE FATO / AGRESSAO,CONSUMADO,2
313420,ITUIUTABA,2014-06-29,6,2014,AMEACA,CONSUMADO,1
313420,ITUIUTABA,2014-06-30,6,2014,LESAO CORPORAL,CONSUMADO,1
313420,ITUIUTABA,2014-06-30,6,2014,OUTROS INFRACOES C/ A PESSOA,CONSUMADO,1
313420,ITUIUTABA,2014-06-30,6,2014,VIAS DE FATO / AGRESSAO,CONSUMADO,1
313420,ITUIUTABA,2014-07-02,7,2014,FURTO,CONSUMADO,1
313420,ITUIUTABA,2014-07-02,7,2014,OUTROS INFRACOES C/ A PESSOA,CONSUMADO,2
313420,ITUIUTABA,2014-07-03,7,2014,AMEACA,TENTADO,1
313420,ITUIUTABA,2014-07-04,7,2014,AMEACA,CONSUMADO,1
313420,ITUIUTABA,2014-07-05,7,2014,VIAS DE FATO / AGRESSAO,CONSUMADO,1
313420,ITUIUTABA,2014-07-07,7,2014,AMEACA,CONSUMADO,2
313420,ITUIUTABA,2014-07-07,7,2014,OUTROS INFRACOES C/ A PESSOA,CONSUMADO,1
313420,ITUIUTABA,2014-07-08,7,2014,AMEACA,CONSUMADO,2
313420,ITUIUTABA,2014-07-08,7,2014,VIAS DE FATO / AGRESSAO,CONSUMADO,2
313420,ITUIUTABA,2014-07-09,7,2014,AMEACA,CONSUMADO,1
313420,ITUIUTABA,2014-07-09,7,2014,LESAO CORPORAL,CONSUMADO,1
313420,ITUIUTABA,2014-07-09,7,2014,VIAS DE FATO / AGRESSAO,CONSUMADO,1
313420,ITUIUTABA,2014-07-10,7,2014,LESAO CORPORAL,CONSUMADO,1
313420,ITUIUTABA,2014-07-10,7,2014,OUTROS INFRACOES C/ A PESSOA,CONSUMADO,1
313420,ITUIUTABA,2014-07-11,7,2014,AMEACA,CONSUMADO,3
313420,ITUIUTABA,2014-07-11,7,2014,VIAS DE FATO / AGRESSAO,CONSUMADO,1
313420,ITUIUTABA,2014-07-12,7,2014,AMEACA,CONSUMADO,1
313420,ITUIUTABA,2014-07-12,7,2014,VIAS DE FATO / AGRESSAO,CONSUMADO,1
313420,ITUIUTABA,2014-07-13,7,2014,AMEACA,CONSUMADO,2
313420,ITUIUTABA,2014-07-13,7,2014,OUTROS INFRACOES C/ A PESSOA,CONSUMADO,2
313420,ITUIUTABA,2014-07-13,7,2014,VIAS DE FATO / AGRESSAO,CONSUMADO,1
313420,ITUIUTABA,2014-07-14,7,2014,AMEACA,CONSUMADO,1
313420,ITUIUTABA,2014-07-14,7,2014,DIFAMACAO,CONSUMADO,1
313420,ITUIUTABA,2014-07-16,7,2014,VIAS DE FATO / AGRESSAO,CONSUMADO,1
313420,ITUIUTABA,2014-07-17,7,2014,AMEACA,CONSUMADO,2
313420,ITUIUTABA,2014-07-18,7,2014,LESAO CORPORAL,CONSUMADO,1
313420,ITUIUTABA,2014-07-19,7,2014,AMEACA,CONSUMADO,1
313420,ITUIUTABA,2014-07-20,7,2014,LESAO CORPORAL,CONSUMADO,2
313420,ITUIUTABA,2014-07-20,7,2014,VIAS DE FATO / AGRESSAO,CONSUMADO,1
313420,ITUIUTABA,2014-07-21,7,2014,AMEACA,CONSUMADO,3
313420,ITUIUTABA,2014-07-24,7,2014,AMEACA,CONSUMADO,1
313420,ITUIUTABA,2014-07-25,7,2014,LESAO CORPORAL,CONSUMADO,1
313420,ITUIUTABA,2014-07-26,7,2014,AMEACA,CONSUMADO,1
313420,ITUIUTABA,2014-07-27,7,2014,LESAO CORPORAL,CONSUMADO,3
313420,ITUIUTABA,2014-07-28,7,2014,AMEACA,CONSUMADO,1
313420,ITUIUTABA,2014-07-29,7,2014,AMEACA,CONSUMADO,1
313420,ITUIUTABA,2014-07-31,7,2014,AMEACA,CONSUMADO,1
313420,ITUIUTABA,2014-07-31,7,2014,VIAS DE FATO / AGRESSAO,CONSUMADO,1
313420,ITUIUTABA,2014-08-02,8,2014,LESAO CORPORAL,CONSUMADO,1
313420,ITUIUTABA,2014-08-02,8,2014,OUTROS INFRACOES C/ A PESSOA,CONSUMADO,1
313420,ITUIUTABA,2014-08-02,8,2014,VIAS DE FATO / AGRESSAO,CONSUMADO,1
313420,ITUIUTABA,2014-08-03,8,2014,DANO,CONSUMADO,1
313420,ITUIUTABA,2014-08-03,8,2014,VIAS DE FATO / AGRESSAO,CONSUMADO,1
313420,ITUIUTABA,2014-08-04,8,2014,VIAS DE FATO / AGRESSAO,CONSUMADO,1
313420,ITUIUTABA,2014-08-05,8,2014,OUTRAS ACOES DEFESA SOCIAL,CONSUMADO,1
313420,ITUIUTABA,2014-08-07,8,2014,AMEACA,CONSUMADO,2
313420,ITUIUTABA,2014-08-07,8,2014,DANO,CONSUMADO,1
313420,ITUIUTABA,2014-08-08,8,2014,AMEACA,CONSUMADO,1
313420,ITUIUTABA,2014-08-08,8,2014,OUTRAS ACOES DEFESA SOCIAL,CONSUMADO,1
313420,ITUIUTABA,2014-08-09,8,2014,ATRITO VERBAL,CONSUMADO,1
313420,ITUIUTABA,2014-08-09,8,2014,FORNECE PRODUTO CAUSA DEPENDE/FISICA MENOR I.,CONSUMADO,2
313420,ITUIUTABA,2014-08-09,8,2014,LESAO CORPORAL,CONSUMADO,3
313420,ITUIUTABA,2014-08-09,8,2014,VIAS DE FATO / AGRESSAO,CONSUMADO,1
313420,ITUIUTABA,2014-08-10,8,2014,LESAO CORPORAL,CONSUMADO,1
313420,ITUIUTABA,2014-08-10,8,2014,VIAS DE FATO / AGRESSAO,CONSUMADO,1
313420,ITUIUTABA,2014-08-11,8,2014,ATRITO VERBAL,CONSUMADO,1
313420,ITUIUTABA,2014-08-11,8,2014,OUTROS INFRACOES C/ A PESSOA,CONSUMADO,2
313420,ITUIUTABA,2014-08-12,8,2014,AMEACA,CONSUMADO,1
313420,ITUIUTABA,2014-08-12,8,2014,ATRITO VERBAL,CONSUMADO,1
313420,ITUIUTABA,2014-08-12,8,2014,VIAS DE FATO / AGRESSAO,CONSUMADO,1
313420,ITUIUTABA,2014-08-13,8,2014,VIAS DE FATO / AGRESSAO,CONSUMADO,1
313420,ITUIUTABA,2014-08-14,8,2014,AMEACA,CONSUMADO,1
313420,ITUIUTABA,2014-08-15,8,2014,LESAO CORPORAL,CONSUMADO,1
313420,ITUIUTABA,2014-08-16,8,2014,VIAS DE FATO / AGRESSAO,CONSUMADO,2
313420,ITUIUTABA,2014-08-17,8,2014,AMEACA,CONSUMADO,2
313420,ITUIUTABA,2014-08-17,8,2014,LESAO CORPORAL,CONSUMADO,2
313420,ITUIUTABA,2014-08-18,8,2014,AMEACA,CONSUMADO,1
313420,ITUIUTABA,2014-08-18,8,2014,OUTROS INFRACOES C/ A PESSOA,CONSUMADO,1
313420,ITUIUTABA,2014-08-18,8,2014,VIAS DE FATO / AGRESSAO,CONSUMADO,1
313420,ITUIUTABA,2014-08-19,8,2014,AMEACA,CONSUMADO,1
313420,ITUIUTABA,2014-08-19,8,2014,OUTROS INFRACOES C/ A PESSOA,CONSUMADO,3
313420,ITUIUTABA,2014-08-20,8,2014,AMEACA,CONSUMADO,1
313420,ITUIUTABA,2014-08-23,8,2014,DANO,CONSUMADO,2
313420,ITUIUTABA,2014-08-24,8,2014,FURTO,CONSUMADO,1
313420,ITUIUTABA,2014-08-25,8,2014,LESAO CORPORAL,CONSUMADO,1
313420,ITUIUTABA,2014-08-25,8,2014,VIAS DE FATO / AGRESSAO,CONSUMADO,1
313420,ITUIUTABA,2014-08-26,8,2014,OUTRAS INFRACOES CONTRA O PATRIMONIO,CONSUMADO,1
313420,ITUIUTABA,2014-08-26,8,2014,VIAS DE FATO / AGRESSAO,CONSUMADO,1
313420,ITUIUTABA,2014-08-27,8,2014,AMEACA,CONSUMADO,1
313420,ITUIUTABA,2014-08-27,8,2014,FURTO,CONSUMADO,1
313420,ITUIUTABA,2014-08-29,8,2014,AMEACA,CONSUMADO,1
313420,ITUIUTABA,2014-08-29,8,2014,LESAO CORPORAL,CONSUMADO,1
313420,ITUIUTABA,2014-08-29,8,2014,VIAS DE FATO / AGRESSAO,CONSUMADO,1
313420,ITUIUTABA,2014-08-31,8,2014,AMEACA,CONSUMADO,1
313420,ITUIUTABA,2014-08-31,8,2014,LESAO CORPORAL,CONSUMADO,2
313420,ITUIUTABA,2014-08-31,8,2014,VIAS DE FATO / AGRESSAO,CONSUMADO,1
313420,ITUIUTABA,2014-09-01,9,2014,LESAO CORPORAL,CONSUMADO,1
313420,ITUIUTABA,2014-09-02,9,2014,AMEACA,CONSUMADO,2
313420,ITUIUTABA,2014-09-02,9,2014,INVÁLIDO,CONSUMADO,1
313420,ITUIUTABA,2014-09-02,9,2014,LESAO CORPORAL,CONSUMADO,1
313420,ITUIUTABA,2014-09-02,9,2014,MAUS TRATOS,CONSUMADO,1
313420,ITUIUTABA,2014-09-02,9,2014,VIAS DE FATO / AGRESSAO,CONSUMADO,1
313420,ITUIUTABA,2014-09-03,9,2014,DANO,CONSUMADO,1
313420,ITUIUTABA,2014-09-03,9,2014,LESAO CORPORAL,CONSUMADO,1
313420,ITUIUTABA,2014-09-04,9,2014,AMEACA,CONSUMADO,1
313420,ITUIUTABA,2014-09-04,9,2014,OUTRAS ACOES DEFESA SOCIAL,CONSUMADO,1
313420,ITUIUTABA,2014-09-04,9,2014,VIAS DE FATO / AGRESSAO,CONSUMADO,1
313420,ITUIUTABA,2014-09-05,9,2014,OUTROS INFRACOES C/ A PESSOA,CONSUMADO,1
313420,ITUIUTABA,2014-09-07,9,2014,AMEACA,CONSUMADO,1
313420,ITUIUTABA,2014-09-07,9,2014,VIAS DE FATO / AGRESSAO,CONSUMADO,2
313420,ITUIUTABA,2014-09-09,9,2014,AMEACA,CONSUMADO,1
313420,ITUIUTABA,2014-09-09,9,2014,ESTUPRO DE VULNERAVEL,CONSUMADO,1
313420,ITUIUTABA,2014-09-11,9,2014,AMEACA,CONSUMADO,1
313420,ITUIUTABA,2014-09-12,9,2014,AMEACA,CONSUMADO,1
313420,ITUIUTABA,2014-09-13,9,2014,AMEACA,CONSUMADO,1
313420,ITUIUTABA,2014-09-13,9,2014,VIAS DE FATO / AGRESSAO,CONSUMADO,1
313420,ITUIUTABA,2014-09-14,9,2014,ABANDONO DE INCAPAZ,CONSUMADO,1
313420,ITUIUTABA,2014-09-14,9,2014,LESAO CORPORAL,CONSUMADO,2
313420,ITUIUTABA,2014-09-14,9,2014,VIAS DE FATO / AGRESSAO,CONSUMADO,2
313420,ITUIUTABA,2014-09-15,9,2014,OUTROS INFRACOES C/ A PESSOA,CONSUMADO,1
313420,ITUIUTABA,2014-09-16,9,2014,LESAO CORPORAL,CONSUMADO,1
313420,ITUIUTABA,2014-09-17,9,2014,AMEACA,CONSUMADO,1
313420,ITUIUTABA,2014-09-17,9,2014,DANO,CONSUMADO,1
313420,ITUIUTABA,2014-09-17,9,2014,INJURIA,CONSUMADO,1
313420,ITUIUTABA,2014-09-18,9,2014,AMEACA,CONSUMADO,2
313420,ITUIUTABA,2014-09-19,9,2014,AMEACA,CONSUMADO,1
313420,ITUIUTABA,2014-09-20,9,2014,AMEACA,CONSUMADO,1
313420,ITUIUTABA,2014-09-20,9,2014,FURTO,CONSUMADO,1
313420,ITUIUTABA,2014-09-21,9,2014,AMEACA,CONSUMADO,1
313420,ITUIUTABA,2014-09-21,9,2014,VIAS DE FATO / AGRESSAO,CONSUMADO,1
313420,ITUIUTABA,2014-09-22,9,2014,HOMICIDIO,TENTADO,1
313420,ITUIUTABA,2014-09-23,9,2014,AMEACA,CONSUMADO,1
313420,ITUIUTABA,2014-09-24,9,2014,AMEACA,CONSUMADO,2
313420,ITUIUTABA,2014-09-24,9,2014,LESAO CORPORAL,CONSUMADO,1
313420,ITUIUTABA,2014-09-25,9,2014,TRAFICO ILICITO DE DROGAS,CONSUMADO,1
313420,ITUIUTABA,2014-09-26,9,2014,AMEACA,CONSUMADO,2
313420,ITUIUTABA,2014-09-26,9,2014,LESAO CORPORAL,CONSUMADO,1
313420,ITUIUTABA,2014-09-26,9,2014,VIAS DE FATO / AGRESSAO,CONSUMADO,3
313420,ITUIUTABA,2014-09-27,9,2014,LESAO CORPORAL,CONSUMADO,1
313420,ITUIUTABA,2014-09-27,9,2014,VIAS DE FATO / AGRESSAO,CONSUMADO,1
313420,ITUIUTABA,2014-09-28,9,2014,AMEACA,CONSUMADO,3
313420,ITUIUTABA,2014-09-29,9,2014,AMEACA,CONSUMADO,2
313420,ITUIUTABA,2014-09-29,9,2014,LESAO CORPORAL,CONSUMADO,3
313420,ITUIUTABA,2014-09-29,9,2014,OUTRAS ACOES DEFESA SOCIAL,CONSUMADO,1
313420,ITUIUTABA,2014-09-29,9,2014,OUTRAS INFRACOES CONTRA DIGNIDADE SEXUAL E A FAMIL,TENTADO,1
313420,ITUIUTABA,2014-09-30,9,2014,LESAO CORPORAL,CONSUMADO,1
313420,ITUIUTABA,2014-10-01,10,2014,AMEACA,CONSUMADO,3
313420,ITUIUTABA,2014-10-01,10,2014,ESTELIONATO,CONSUMADO,1
313420,ITUIUTABA,2014-10-02,10,2014,AMEACA,CONSUMADO,1
313420,ITUIUTABA,2014-10-02,10,2014,LESAO CORPORAL,CONSUMADO,1
313420,ITUIUTABA,2014-10-03,10,2014,LESAO CORPORAL,CONSUMADO,1
313420,ITUIUTABA,2014-10-03,10,2014,VIAS DE FATO / AGRESSAO,CONSUMADO,1
313420,ITUIUTABA,2014-10-04,10,2014,AMEACA,CONSUMADO,1
313420,ITUIUTABA,2014-10-04,10,2014,LESAO CORPORAL,CONSUMADO,2
313420,ITUIUTABA,2014-10-05,10,2014,LESAO CORPORAL,CONSUMADO,1
313420,ITUIUTABA,2014-10-05,10,2014,VIAS DE FATO / AGRESSAO,CONSUMADO,3
313420,ITUIUTABA,2014-10-06,10,2014,AMEACA,CONSUMADO,1
313420,ITUIUTABA,2014-10-06,10,2014,VIAS DE FATO / AGRESSAO,CONSUMADO,1
313420,ITUIUTABA,2014-10-07,10,2014,LESAO CORPORAL,CONSUMADO,1
313420,ITUIUTABA,2014-10-09,10,2014,AMEACA,CONSUMADO,1
313420,ITUIUTABA,2014-10-09,10,2014,LESAO CORPORAL,CONSUMADO,2
313420,ITUIUTABA,2014-10-09,10,2014,VIAS DE FATO / AGRESSAO,CONSUMADO,1
313420,ITUIUTABA,2014-10-10,10,2014,AMEACA,CONSUMADO,1
313420,ITUIUTABA,2014-10-10,10,2014,VIAS DE FATO / AGRESSAO,CONSUMADO,1
313420,ITUIUTABA,2014-10-11,10,2014,AMEACA,CONSUMADO,1
313420,ITUIUTABA,2014-10-11,10,2014,LESAO CORPORAL,CONSUMADO,1
313420,ITUIUTABA,2014-10-11,10,2014,VIAS DE FATO / AGRESSAO,CONSUMADO,1
313420,ITUIUTABA,2014-10-12,10,2014,AMEACA,CONSUMADO,1
313420,ITUIUTABA,2014-10-12,10,2014,LESAO CORPORAL,CONSUMADO,2
313420,ITUIUTABA,2014-10-12,10,2014,VIAS DE FATO / AGRESSAO,CONSUMADO,1
313420,ITUIUTABA,2014-10-14,10,2014,AMEACA,CONSUMADO,2
313420,ITUIUTABA,2014-10-14,10,2014,LESAO CORPORAL,CONSUMADO,1
313420,ITUIUTABA,2014-10-15,10,2014,AMEACA,CONSUMADO,1
313420,ITUIUTABA,2014-10-15,10,2014,LESAO CORPORAL,CONSUMADO,1
313420,ITUIUTABA,2014-10-15,10,2014,OUTROS INFRACOES C/ A PESSOA,CONSUMADO,1
313420,ITUIUTABA,2014-10-17,10,2014,AMEACA,CONSUMADO,1
313420,ITUIUTABA,2014-10-17,10,2014,LESAO CORPORAL,CONSUMADO,1
313420,ITUIUTABA,2014-10-18,10,2014,VIAS DE FATO / AGRESSAO,CONSUMADO,1
313420,ITUIUTABA,2014-10-19,10,2014,AMEACA,CONSUMADO,2
313420,ITUIUTABA,2014-10-19,10,2014,LESAO CORPORAL,CONSUMADO,1
313420,ITUIUTABA,2014-10-20,10,2014,AMEACA,CONSUMADO,1
313420,ITUIUTABA,2014-10-20,10,2014,OUTROS INFRACOES C/ A PESSOA,CONSUMADO,2
313420,ITUIUTABA,2014-10-21,10,2014,AMEACA,CONSUMADO,1
313420,ITUIUTABA,2014-10-25,10,2014,LESAO CORPORAL,CONSUMADO,1
313420,ITUIUTABA,2014-10-26,10,2014,AMEACA,CONSUMADO,1
313420,ITUIUTABA,2014-10-26,10,2014,LESAO CORPORAL,CONSUMADO,2
313420,ITUIUTABA,2014-10-26,10,2014,TRAFICO ILICITO DE DROGAS,CONSUMADO,1
313420,ITUIUTABA,2014-10-27,10,2014,AMEACA,CONSUMADO,1
313420,ITUIUTABA,2014-10-27,10,2014,LESAO CORPORAL,CONSUMADO,1
313420,ITUIUTABA,2014-10-29,10,2014,LESAO CORPORAL,CONSUMADO,1
313420,ITUIUTABA,2014-10-30,10,2014,OUTROS INFRACOES C/ A PESSOA,CONSUMADO,2
313420,ITUIUTABA,2014-10-31,10,2014,AMEACA,CONSUMADO,1
313420,ITUIUTABA,2014-10-31,10,2014,LESAO CORPORAL,CONSUMADO,2
313420,ITUIUTABA,2014-11-01,11,2014,AMEACA,CONSUMADO,1
313420,ITUIUTABA,2014-11-01,11,2014,LESAO CORPORAL,CONSUMADO,1
313420,ITUIUTABA,2014-11-01,11,2014,VIAS DE FATO / AGRESSAO,CONSUMADO,1
313420,ITUIUTABA,2014-11-02,11,2014,DANO,CONSUMADO,1
313420,ITUIUTABA,2014-11-02,11,2014,LESAO CORPORAL,CONSUMADO,3
313420,ITUIUTABA,2014-11-03,11,2014,AMEACA,CONSUMADO,1
313420,ITUIUTABA,2014-11-04,11,2014,AMEACA,CONSUMADO,1
313420,ITUIUTABA,2014-11-05,11,2014,AMEACA,CONSUMADO,1
313420,ITUIUTABA,2014-11-06,11,2014,AMEACA,CONSUMADO,1
313420,ITUIUTABA,2014-11-07,11,2014,FALSIDADE IDEOLOGICA,CONSUMADO,1
313420,ITUIUTABA,2014-11-08,11,2014,LESAO CORPORAL,CONSUMADO,1
313420,ITUIUTABA,2014-11-09,11,2014,DANO,CONSUMADO,1
313420,ITUIUTABA,2014-11-09,11,2014,LESAO CORPORAL,CONSUMADO,3
313420,ITUIUTABA,2014-11-09,11,2014,OUTRAS ACOES DEFESA SOCIAL,CONSUMADO,1
313420,ITUIUTABA,2014-11-10,11,2014,AMEACA,CONSUMADO,2
313420,ITUIUTABA,2014-11-10,11,2014,DANO,CONSUMADO,1
313420,ITUIUTABA,2014-11-10,11,2014,LESAO CORPORAL,CONSUMADO,1
313420,ITUIUTABA,2014-11-11,11,2014,LESAO CORPORAL,CONSUMADO,1
313420,ITUIUTABA,2014-11-12,11,2014,LESAO CORPORAL,CONSUMADO,1
313420,ITUIUTABA,2014-11-15,11,2014,AMEACA,CONSUMADO,2
313420,ITUIUTABA,2014-11-15,11,2014,OUTROS INFRACOES C/ A PESSOA,CONSUMADO,1
313420,ITUIUTABA,2014-11-17,11,2014,VIAS DE FATO / AGRESSAO,CONSUMADO,1
313420,ITUIUTABA,2014-11-18,11,2014,AMEACA,CONSUMADO,3
313420,ITUIUTABA,2014-11-20,11,2014,VIAS DE FATO / AGRESSAO,CONSUMADO,1
313420,ITUIUTABA,2014-11-21,11,2014,DESOBEDECE ORDEM JUDICIAL (PERDA/SUS DIREITO),CONSUMADO,1
313420,ITUIUTABA,2014-11-22,11,2014,AMEACA,CONSUMADO,1
313420,ITUIUTABA,2014-11-24,11,2014,AMEACA,CONSUMADO,1
313420,ITUIUTABA,2014-11-25,11,2014,AMEACA,CONSUMADO,1
313420,ITUIUTABA,2014-11-25,11,2014,ATRITO VERBAL,CONSUMADO,1
313420,ITUIUTABA,2014-11-28,11,2014,LESAO CORPORAL,CONSUMADO,1
313420,ITUIUTABA,2014-12-01,12,2014,ABANDONO DE INCAPAZ,CONSUMADO,1
313420,ITUIUTABA,2014-12-01,12,2014,AMEACA,CONSUMADO,2
313420,ITUIUTABA,2014-12-01,12,2014,ESTUPRO DE VULNERAVEL,CONSUMADO,1
313420,ITUIUTABA,2014-12-01,12,2014,VIAS DE FATO / AGRESSAO,CONSUMADO,1
313420,ITUIUTABA,2014-12-03,12,2014,AMEACA,CONSUMADO,1
313420,ITUIUTABA,2014-12-03,12,2014,DANO,CONSUMADO,1
313420,ITUIUTABA,2014-12-04,12,2014,INJURIA,CONSUMADO,1
313420,ITUIUTABA,2014-12-04,12,2014,OUTROS INFRACOES C/ A PESSOA,CONSUMADO,1
313420,ITUIUTABA,2014-12-05,12,2014,LESAO CORPORAL,CONSUMADO,1
313420,ITUIUTABA,2014-12-05,12,2014,VIAS DE FATO / AGRESSAO,CONSUMADO,1
313420,ITUIUTABA,2014-12-07,12,2014,LESAO CORPORAL,CONSUMADO,2
313420,ITUIUTABA,2014-12-07,12,2014,VIAS DE FATO / AGRESSAO,CONSUMADO,1
313420,ITUIUTABA,2014-12-08,12,2014,AMEACA,CONSUMADO,4
313420,ITUIUTABA,2014-12-09,12,2014,AMEACA,CONSUMADO,1
313420,ITUIUTABA,2014-12-09,12,2014,OUTROS INFRACOES C/ A PESSOA,CONSUMADO,1
313420,ITUIUTABA,2014-12-11,12,2014,AMEACA,CONSUMADO,1
313420,ITUIUTABA,2014-12-11,12,2014,LESAO CORPORAL,CONSUMADO,1
313420,ITUIUTABA,2014-12-12,12,2014,LESAO CORPORAL,CONSUMADO,1
313420,ITUIUTABA,2014-12-13,12,2014,AMEACA,CONSUMADO,1
313420,ITUIUTABA,2014-12-13,12,2014,LESAO CORPORAL,CONSUMADO,1
313420,ITUIUTABA,2014-12-13,12,2014,VIAS DE FATO / AGRESSAO,CONSUMADO,1
313420,ITUIUTABA,2014-12-14,12,2014,AMEACA,CONSUMADO,2
313420,ITUIUTABA,2014-12-14,12,2014,DANO,CONSUMADO,2
313420,ITUIUTABA,2014-12-14,12,2014,LESAO CORPORAL,CONSUMADO,1
313420,ITUIUTABA,2014-12-15,12,2014,AMEACA,CONSUMADO,2
313420,ITUIUTABA,2014-12-15,12,2014,LESAO CORPORAL,CONSUMADO,1
313420,ITUIUTABA,2014-12-19,12,2014,LESAO CORPORAL,CONSUMADO,1
313420,ITUIUTABA,2014-12-19,12,2014,OUTROS INFRACOES C/ A PESSOA,CONSUMADO,1
313420,ITUIUTABA,2014-12-21,12,2014,AMEACA,CONSUMADO,1
313420,ITUIUTABA,2014-12-21,12,2014,LESAO CORPORAL,CONSUMADO,1
313420,ITUIUTABA,2014-12-22,12,2014,VIAS DE FATO / AGRESSAO,CONSUMADO,1
313420,ITUIUTABA,2014-12-23,12,2014,ESTUPRO DE VULNERAVEL,CONSUMADO,1
313420,ITUIUTABA,2014-12-24,12,2014,VIAS DE FATO / AGRESSAO,CONSUMADO,1
313420,ITUIUTABA,2014-12-25,12,2014,AMEACA,CONSUMADO,1
313420,ITUIUTABA,2014-12-25,12,2014,ATEND. DENUNCIA INFRACOES CONTRA MULHER(VIOLENCIA,CONSUMADO,1
313420,ITUIUTABA,2014-12-26,12,2014,LESAO CORPORAL,CONSUMADO,1
313420,ITUIUTABA,2014-12-27,12,2014,ATRITO VERBAL,CONSUMADO,1
313420,ITUIUTABA,2014-12-28,12,2014,AMEACA,CONSUMADO,1
313420,ITUIUTABA,2014-12-28,12,2014,VIAS DE FATO / AGRESSAO,CONSUMADO,1
313420,ITUIUTABA,2014-12-29,12,2014,OUTRAS INFRACOES CONTRA O PATRIMONIO,CONSUMADO,1
313420,ITUIUTABA,2014-12-29,12,2014,VIAS DE FATO / AGRESSAO,CONSUMADO,1
313420,ITUIUTABA,2014-12-30,12,2014,LESAO CORPORAL,CONSUMADO,1
313420,ITUIUTABA,2014-12-31,12,2014,AMEACA,CONSUMADO,2
313420,ITUIUTABA,2014-12-31,12,2014,VIAS DE FATO / AGRESSAO,CONSUMADO,1
313420,ITUIUTABA,2015-01-01,1,2015,AMEACA,CONSUMADO,2
313420,ITUIUTABA,2015-01-01,1,2015,LESAO CORPORAL,CONSUMADO,2
313420,ITUIUTABA,2015-01-01,1,2015,VIAS DE FATO / AGRESSAO,CONSUMADO,1
313420,ITUIUTABA,2015-01-02,1,2015,AMEACA,CONSUMADO,1
313420,ITUIUTABA,2015-01-02,1,2015,VIAS DE FATO / AGRESSAO,CONSUMADO,1
313420,ITUIUTABA,2015-01-03,1,2015,AMEACA,CONSUMADO,2
313420,ITUIUTABA,2015-01-03,1,2015,LESAO CORPORAL,CONSUMADO,1
313420,ITUIUTABA,2015-01-03,1,2015,OUTROS INFRACOES C/ A PESSOA,CONSUMADO,1
313420,ITUIUTABA,2015-01-04,1,2015,AMEACA,CONSUMADO,2
313420,ITUIUTABA,2015-01-04,1,2015,CONDUZIR VEICULO SOB INFLUENCIA DE ALCOOL/SUBST. P,CONSUMADO,1
313420,ITUIUTABA,2015-01-04,1,2015,LESAO CORPORAL,CONSUMADO,2
313420,ITUIUTABA,2015-01-05,1,2015,AMEACA,CONSUMADO,1
313420,ITUIUTABA,2015-01-05,1,2015,CALUNIA,CONSUMADO,1
313420,ITUIUTABA,2015-01-05,1,2015,LESAO CORPORAL,CONSUMADO,1
313420,ITUIUTABA,2015-01-05,1,2015,OUTROS INFRACOES C/ A PESSOA,CONSUMADO,1
313420,ITUIUTABA,2015-01-06,1,2015,DIFAMACAO,CONSUMADO,1
313420,ITUIUTABA,2015-01-07,1,2015,AMEACA,CONSUMADO,2
313420,ITUIUTABA,2015-01-07,1,2015,LESAO CORPORAL,CONSUMADO,1
313420,ITUIUTABA,2015-01-07,1,2015,VIAS DE FATO / AGRESSAO,CONSUMADO,1
313420,ITUIUTABA,2015-01-09,1,2015,VIAS DE FATO / AGRESSAO,CONSUMADO,1
313420,ITUIUTABA,2015-01-10,1,2015,INJURIA,CONSUMADO,1
313420,ITUIUTABA,2015-01-11,1,2015,AMEACA,CONSUMADO,2
313420,ITUIUTABA,2015-01-12,1,2015,AMEACA,CONSUMADO,3
313420,ITUIUTABA,2015-01-12,1,2015,OUTROS INFRACOES C/ A PESSOA,CONSUMADO,1
313420,ITUIUTABA,2015-01-12,1,2015,VIAS DE FATO / AGRESSAO,CONSUMADO,1
313420,ITUIUTABA,2015-01-13,1,2015,DANO,CONSUMADO,1
313420,ITUIUTABA,2015-01-14,1,2015,AMEACA,CONSUMADO,1
313420,ITUIUTABA,2015-01-14,1,2015,DANO,CONSUMADO,1
313420,ITUIUTABA,2015-01-15,1,2015,AMEACA,CONSUMADO,1
313420,ITUIUTABA,2015-01-16,1,2015,LESAO CORPORAL,CONSUMADO,1
313420,ITUIUTABA,2015-01-16,1,2015,OUTROS INFRACOES C/ A PESSOA,CONSUMADO,1
313420,ITUIUTABA,2015-01-18,1,2015,LESAO CORPORAL,CONSUMADO,1
313420,ITUIUTABA,2015-01-19,1,2015,AMEACA,CONSUMADO,1
313420,ITUIUTABA,2015-01-19,1,2015,DANO,CONSUMADO,1
313420,ITUIUTABA,2015-01-19,1,2015,OUTROS INFRACOES C/ A PESSOA,CONSUMADO,1
313420,ITUIUTABA,2015-01-20,1,2015,AMEACA,CONSUMADO,1
313420,ITUIUTABA,2015-01-20,1,2015,VIAS DE FATO / AGRESSAO,CONSUMADO,1
313420,ITUIUTABA,2015-01-21,1,2015,ESTUPRO DE VULNERAVEL,CONSUMADO,1
313420,ITUIUTABA,2015-01-21,1,2015,VIAS DE FATO / AGRESSAO,CONSUMADO,1
313420,ITUIUTABA,2015-01-22,1,2015,AMEACA,CONSUMADO,2
313420,ITUIUTABA,2015-01-23,1,2015,AMEACA,CONSUMADO,1
313420,ITUIUTABA,2015-01-23,1,2015,LESAO CORPORAL,CONSUMADO,1
313420,ITUIUTABA,2015-01-23,1,2015,VIAS DE FATO / AGRESSAO,CONSUMADO,1
313420,ITUIUTABA,2015-01-24,1,2015,AMEACA,CONSUMADO,1
313420,ITUIUTABA,2015-01-24,1,2015,LESAO CORPORAL,CONSUMADO,2
313420,ITUIUTABA,2015-01-24,1,2015,VIAS DE FATO / AGRESSAO,CONSUMADO,1
313420,ITUIUTABA,2015-01-25,1,2015,LESAO CORPORAL,CONSUMADO,1
313420,ITUIUTABA,2015-01-26,1,2015,AMEACA,CONSUMADO,2
313420,ITUIUTABA,2015-01-27,1,2015,VIAS DE FATO / AGRESSAO,CONSUMADO,2
313420,ITUIUTABA,2015-01-28,1,2015,LESAO CORPORAL,CONSUMADO,1
313420,ITUIUTABA,2015-01-29,1,2015,VIAS DE FATO / AGRESSAO,CONSUMADO,1
313420,ITUIUTABA,2015-01-31,1,2015,AMEACA,CONSUMADO,1
313420,ITUIUTABA,2015-01-31,1,2015,LESAO CORPORAL,CONSUMADO,1
313420,ITUIUTABA,2015-01-31,1,2015,VIAS DE FATO / AGRESSAO,CONSUMADO,1
313420,ITUIUTABA,2015-02-01,2,2015,AMEACA,CONSUMADO,1
313420,ITUIUTABA,2015-02-01,2,2015,LESAO CORPORAL,CONSUMADO,1
313420,ITUIUTABA,2015-02-01,2,2015,VIAS DE FATO / AGRESSAO,CONSUMADO,1
313420,ITUIUTABA,2015-02-02,2,2015,AMEACA,CONSUMADO,2
313420,ITUIUTABA,2015-02-02,2,2015,DANO,CONSUMADO,1
313420,ITUIUTABA,2015-02-02,2,2015,LESAO CORPORAL,CONSUMADO,1
313420,ITUIUTABA,2015-02-02,2,2015,OUTROS INFRACOES C/ A PESSOA,CONSUMADO,1
313420,ITUIUTABA,2015-02-03,2,2015,VIAS DE FATO / AGRESSAO,CONSUMADO,1
313420,ITUIUTABA,2015-02-04,2,2015,ESTUPRO DE VULNERAVEL,CONSUMADO,1
313420,ITUIUTABA,2015-02-05,2,2015,ABANDONO DE INCAPAZ,CONSUMADO,2
313420,ITUIUTABA,2015-02-06,2,2015,LESAO CORPORAL,CONSUMADO,1
313420,ITUIUTABA,2015-02-10,2,2015,AMEACA,CONSUMADO,2
313420,ITUIUTABA,2015-02-11,2,2015,VIAS DE FATO / AGRESSAO,CONSUMADO,1
313420,ITUIUTABA,2015-02-13,2,2015,CUMPRIMENTO DE PRISAO,CONSUMADO,1
313420,ITUIUTABA,2015-02-14,2,2015,AMEACA,CONSUMADO,1
313420,ITUIUTABA,2015-02-16,2,2015,VIAS DE FATO / AGRESSAO,CONSUMADO,1
313420,ITUIUTABA,2015-02-17,2,2015,VIAS DE FATO / AGRESSAO,CONSUMADO,1
313420,ITUIUTABA,2015-02-18,2,2015,AMEACA,CONSUMADO,2
313420,ITUIUTABA,2015-02-19,2,2015,AMEACA,CONSUMADO,1
313420,ITUIUTABA,2015-02-19,2,2015,ATEND. DENUNCIA INFRACOES CONTRA MULHER(VIOLENCIA,CONSUMADO,2
313420,ITUIUTABA,2015-02-19,2,2015,AUTO EXTERMINIO (SUICIDIO),TENTADO,1
313420,ITUIUTABA,2015-02-20,2,2015,OUTROS INFRACOES C/ A PESSOA,CONSUMADO,1
313420,ITUIUTABA,2015-02-21,2,2015,LESAO CORPORAL,CONSUMADO,2
313420,ITUIUTABA,2015-02-21,2,2015,VIAS DE FATO / AGRESSAO,CONSUMADO,2
313420,ITUIUTABA,2015-02-22,2,2015,AMEACA,CONSUMADO,1
313420,ITUIUTABA,2015-02-22,2,2015,VIAS DE FATO / AGRESSAO,CONSUMADO,1
313420,ITUIUTABA,2015-02-23,2,2015,OUTRAS INFRACOES DEMAIS LEIS ESPECIAIS,CONSUMADO,1
313420,ITUIUTABA,2015-02-23,2,2015,VIAS DE FATO / AGRESSAO,CONSUMADO,2
313420,ITUIUTABA,2015-02-24,2,2015,AMEACA,CONSUMADO,1
313420,ITUIUTABA,2015-02-25,2,2015,AMEACA,CONSUMADO,1
313420,ITUIUTABA,2015-02-26,2,2015,AMEACA,CONSUMADO,1
313420,ITUIUTABA,2015-02-27,2,2015,AMEACA,CONSUMADO,1
313420,ITUIUTABA,2015-02-28,2,2015,AMEACA,CONSUMADO,1
313420,ITUIUTABA,2015-03-02,3,2015,AMEACA,CONSUMADO,1
313420,ITUIUTABA,2015-03-03,3,2015,AMEACA,CONSUMADO,1
313420,ITUIUTABA,2015-03-03,3,2015,DANO,CONSUMADO,1
313420,ITUIUTABA,2015-03-04,3,2015,AMEACA,CONSUMADO,1
313420,ITUIUTABA,2015-03-04,3,2015,LESAO CORPORAL,CONSUMADO,1
313420,ITUIUTABA,2015-03-04,3,2015,OUTROS INFRACOES C/ A PESSOA,CONSUMADO,1
313420,ITUIUTABA,2015-03-04,3,2015,VIAS DE FATO / AGRESSAO,CONSUMADO,1
313420,ITUIUTABA,2015-03-05,3,2015,AMEACA,CONSUMADO,1
313420,ITUIUTABA,2015-03-05,3,2015,DANO,CONSUMADO,1
313420,ITUIUTABA,2015-03-05,3,2015,LESAO CORPORAL,CONSUMADO,1
313420,ITUIUTABA,2015-03-07,3,2015,VIAS DE FATO / AGRESSAO,CONSUMADO,1
313420,ITUIUTABA,2015-03-08,3,2015,DANO,CONSUMADO,1
313420,ITUIUTABA,2015-03-08,3,2015,LESAO CORPORAL,CONSUMADO,1
313420,ITUIUTABA,2015-03-09,3,2015,LESAO CORPORAL,CONSUMADO,1
313420,ITUIUTABA,2015-03-10,3,2015,AMEACA,CONSUMADO,2
313420,ITUIUTABA,2015-03-11,3,2015,LESAO CORPORAL,CONSUMADO,1
313420,ITUIUTABA,2015-03-13,3,2015,VIAS DE FATO / AGRESSAO,CONSUMADO,2
313420,ITUIUTABA,2015-03-14,3,2015,AMEACA,CONSUMADO,1
313420,ITUIUTABA,2015-03-14,3,2015,LESAO CORPORAL,CONSUMADO,1
313420,ITUIUTABA,2015-03-15,3,2015,LESAO CORPORAL,CONSUMADO,1
313420,ITUIUTABA,2015-03-15,3,2015,VIAS DE FATO / AGRESSAO,CONSUMADO,1
313420,ITUIUTABA,2015-03-16,3,2015,DANO,CONSUMADO,1
313420,ITUIUTABA,2015-03-16,3,2015,LESAO CORPORAL,CONSUMADO,1
313420,ITUIUTABA,2015-03-17,3,2015,MOEDA FALSA,CONSUMADO,1
313420,ITUIUTABA,2015-03-18,3,2015,VIAS DE FATO / AGRESSAO,CONSUMADO,2
313420,ITUIUTABA,2015-03-19,3,2015,AMEACA,CONSUMADO,1
313420,ITUIUTABA,2015-03-21,3,2015,LESAO CORPORAL,CONSUMADO,1
313420,ITUIUTABA,2015-03-22,3,2015,VIAS DE FATO / AGRESSAO,CONSUMADO,1
313420,ITUIUTABA,2015-03-24,3,2015,AMEACA,CONSUMADO,3
313420,ITUIUTABA,2015-03-26,3,2015,AMEACA,CONSUMADO,2
313420,ITUIUTABA,2015-03-26,3,2015,LESAO CORPORAL,CONSUMADO,1
313420,ITUIUTABA,2015-03-26,3,2015,VIAS DE FATO / AGRESSAO,CONSUMADO,1
313420,ITUIUTABA,2015-03-27,3,2015,LESAO CORPORAL,CONSUMADO,3
313420,ITUIUTABA,2015-03-28,3,2015,VIAS DE FATO / AGRESSAO,CONSUMADO,1
313420,ITUIUTABA,2015-03-29,3,2015,AMEACA,CONSUMADO,1
313420,ITUIUTABA,2015-03-29,3,2015,LESAO CORPORAL,CONSUMADO,1
313420,ITUIUTABA,2015-03-29,3,2015,VIAS DE FATO / AGRESSAO,CONSUMADO,1
313420,ITUIUTABA,2015-03-30,3,2015,AMEACA,CONSUMADO,1
313420,ITUIUTABA,2015-03-30,3,2015,OUTROS INFRACOES C/ A PESSOA,CONSUMADO,1
313420,ITUIUTABA,2015-03-31,3,2015,AMEACA,CONSUMADO,1
313420,ITUIUTABA,2015-04-02,4,2015,LESAO CORPORAL,CONSUMADO,3
313420,ITUIUTABA,2015-04-02,4,2015,VIAS DE FATO / AGRESSAO,CONSUMADO,1
313420,ITUIUTABA,2015-04-03,4,2015,DANO,CONSUMADO,1
313420,ITUIUTABA,2015-04-04,4,2015,AMEACA,CONSUMADO,2
313420,ITUIUTABA,2015-04-04,4,2015,DIFAMACAO,CONSUMADO,1
313420,ITUIUTABA,2015-04-04,4,2015,LESAO CORPORAL,CONSUMADO,2
313420,ITUIUTABA,2015-04-04,4,2015,VIAS DE FATO / AGRESSAO,CONSUMADO,1
313420,ITUIUTABA,2015-04-05,4,2015,AMEACA,CONSUMADO,1
313420,ITUIUTABA,2015-04-05,4,2015,DIFAMACAO,CONSUMADO,1
313420,ITUIUTABA,2015-04-05,4,2015,LESAO CORPORAL,CONSUMADO,1
313420,ITUIUTABA,2015-04-06,4,2015,LESAO CORPORAL,CONSUMADO,1
313420,ITUIUTABA,2015-04-07,4,2015,CALUNIA,CONSUMADO,1
313420,ITUIUTABA,2015-04-07,4,2015,OUTRAS INFRACOES CONTRA DIGNIDADE SEXUAL E A FAMIL,CONSUMADO,1
313420,ITUIUTABA,2015-04-07,4,2015,VIAS DE FATO / AGRESSAO,CONSUMADO,1
313420,ITUIUTABA,2015-04-08,4,2015,ATRITO VERBAL,CONSUMADO,1
313420,ITUIUTABA,2015-04-09,4,2015,VIAS DE FATO / AGRESSAO,CONSUMADO,1
313420,ITUIUTABA,2015-04-10,4,2015,LESAO CORPORAL,CONSUMADO,1
313420,ITUIUTABA,2015-04-10,4,2015,VIAS DE FATO / AGRESSAO,CONSUMADO,1
313420,ITUIUTABA,2015-04-13,4,2015,AUTO EXTERMINIO (SUICIDIO),TENTADO,1
313420,ITUIUTABA,2015-04-14,4,2015,AMEACA,CONSUMADO,1
313420,ITUIUTABA,2015-04-15,4,2015,AMEACA,CONSUMADO,1
313420,ITUIUTABA,2015-04-16,4,2015,AMEACA,CONSUMADO,1
313420,ITUIUTABA,2015-04-16,4,2015,LESAO CORPORAL,CONSUMADO,1
313420,ITUIUTABA,2015-04-17,4,2015,VIAS DE FATO / AGRESSAO,CONSUMADO,1
313420,ITUIUTABA,2015-04-18,4,2015,LESAO CORPORAL,CONSUMADO,3
313420,ITUIUTABA,2015-04-18,4,2015,VIOLACAO DE DOMICILIO,CONSUMADO,1
313420,ITUIUTABA,2015-04-19,4,2015,LESAO CORPORAL,CONSUMADO,1
313420,ITUIUTABA,2015-04-19,4,2015,VIAS DE FATO / AGRESSAO,CONSUMADO,1
313420,ITUIUTABA,2015-04-20,4,2015,LESAO CORPORAL,CONSUMADO,2
313420,ITUIUTABA,2015-04-21,4,2015,AMEACA,CONSUMADO,1
313420,ITUIUTABA,2015-04-21,4,2015,LESAO CORPORAL,CONSUMADO,2
313420,ITUIUTABA,2015-04-22,4,2015,AMEACA,CONSUMADO,2
313420,ITUIUTABA,2015-04-24,4,2015,AMEACA,CONSUMADO,1
313420,ITUIUTABA,2015-04-26,4,2015,VIAS DE FATO / AGRESSAO,CONSUMADO,1
313420,ITUIUTABA,2015-04-27,4,2015,AMEACA,CONSUMADO,1
313420,ITUIUTABA,2015-04-27,4,2015,VIAS DE FATO / AGRESSAO,CONSUMADO,1
313420,ITUIUTABA,2015-04-28,4,2015,AMEACA,CONSUMADO,1
313420,ITUIUTABA,2015-04-28,4,2015,ATRITO VERBAL,CONSUMADO,1
313420,ITUIUTABA,2015-04-30,4,2015,LESAO CORPORAL,CONSUMADO,1
313420,ITUIUTABA,2015-04-30,4,2015,VIAS DE FATO / AGRESSAO,CONSUMADO,1
313420,ITUIUTABA,2015-05-01,5,2015,AMEACA,CONSUMADO,1
313420,ITUIUTABA,2015-05-02,5,2015,AMEACA,CONSUMADO,1
313420,ITUIUTABA,2015-05-02,5,2015,LESAO CORPORAL,CONSUMADO,1
313420,ITUIUTABA,2015-05-02,5,2015,VIAS DE FATO / AGRESSAO,CONSUMADO,1
313420,ITUIUTABA,2015-05-03,5,2015,LESAO CORPORAL,CONSUMADO,1
313420,ITUIUTABA,2015-05-03,5,2015,VIAS DE FATO / AGRESSAO,CONSUMADO,1
313420,ITUIUTABA,2015-05-04,5,2015,AMEACA,CONSUMADO,2
313420,ITUIUTABA,2015-05-05,5,2015,VIAS DE FATO / AGRESSAO,CONSUMADO,1
313420,ITUIUTABA,2015-05-08,5,2015,LESAO CORPORAL,CONSUMADO,1
313420,ITUIUTABA,2015-05-10,5,2015,AMEACA,CONSUMADO,1
313420,ITUIUTABA,2015-05-10,5,2015,LESAO CORPORAL,CONSUMADO,1
313420,ITUIUTABA,2015-05-10,5,2015,VIAS DE FATO / AGRESSAO,CONSUMADO,5
313420,ITUIUTABA,2015-05-11,5,2015,LESAO CORPORAL,CONSUMADO,1
313420,ITUIUTABA,2015-05-14,5,2015,LESAO CORPORAL,CONSUMADO,2
313420,ITUIUTABA,2015-05-15,5,2015,AMEACA,CONSUMADO,1
313420,ITUIUTABA,2015-05-16,5,2015,DESOBEDECE ORDEM JUDICIAL (PERDA/SUS DIREITO),CONSUMADO,1
313420,ITUIUTABA,2015-05-16,5,2015,LESAO CORPORAL,CONSUMADO,1
313420,ITUIUTABA,2015-05-17,5,2015,LESAO CORPORAL,CONSUMADO,1
313420,ITUIUTABA,2015-05-18,5,2015,FURTO,CONSUMADO,1
313420,ITUIUTABA,2015-05-19,5,2015,AMEACA,CONSUMADO,1
313420,ITUIUTABA,2015-05-19,5,2015,OUTRAS INFRACOES CONTRA O PATRIMONIO,CONSUMADO,1
313420,ITUIUTABA,2015-05-23,5,2015,AMEACA,CONSUMADO,1
313420,ITUIUTABA,2015-05-23,5,2015,VIAS DE FATO / AGRESSAO,CONSUMADO,1
313420,ITUIUTABA,2015-05-24,5,2015,LESAO CORPORAL,CONSUMADO,1
313420,ITUIUTABA,2015-05-24,5,2015,OMISSAO DE SOCORRO,CONSUMADO,1
313420,ITUIUTABA,2015-05-30,5,2015,VIAS DE FATO / AGRESSAO,CONSUMADO,1
313420,ITUIUTABA,2015-05-31,5,2015,LESAO CORPORAL,CONSUMADO,2
313420,ITUIUTABA,2015-05-31,5,2015,VIAS DE FATO / AGRESSAO,CONSUMADO,1
313420,ITUIUTABA,2015-06-01,6,2015,LESAO CORPORAL,CONSUMADO,1
313420,ITUIUTABA,2015-06-01,6,2015,VIAS DE FATO / AGRESSAO,CONSUMADO,1
313420,ITUIUTABA,2015-06-03,6,2015,LESAO CORPORAL,CONSUMADO,2
313420,ITUIUTABA,2015-06-04,6,2015,AMEACA,CONSUMADO,1
313420,ITUIUTABA,2015-06-04,6,2015,VIAS DE FATO / AGRESSAO,CONSUMADO,1
313420,ITUIUTABA,2015-06-05,6,2015,AMEACA,CONSUMADO,1
313420,ITUIUTABA,2015-06-06,6,2015,AMEACA,CONSUMADO,1
313420,ITUIUTABA,2015-06-06,6,2015,FURTO,CONSUMADO,1
313420,ITUIUTABA,2015-06-06,6,2015,LESAO CORPORAL,CONSUMADO,2
313420,ITUIUTABA,2015-06-07,6,2015,PERTURBACAO DA TRANQUILIDADE,CONSUMADO,1
313420,ITUIUTABA,2015-06-07,6,2015,VIAS DE FATO / AGRESSAO,CONSUMADO,1
313420,ITUIUTABA,2015-06-08,6,2015,LESAO CORPORAL,CONSUMADO,1
313420,ITUIUTABA,2015-06-09,6,2015,VIAS DE FATO / AGRESSAO,CONSUMADO,2
313420,ITUIUTABA,2015-06-10,6,2015,VIAS DE FATO / AGRESSAO,CONSUMADO,1
313420,ITUIUTABA,2015-06-13,6,2015,AMEACA,CONSUMADO,1
313420,ITUIUTABA,2015-06-15,6,2015,LESAO CORPORAL,CONSUMADO,1
313420,ITUIUTABA,2015-06-16,6,2015,VIAS DE FATO / AGRESSAO,CONSUMADO,1
313420,ITUIUTABA,2015-06-18,6,2015,LESAO CORPORAL,CONSUMADO,1
313420,ITUIUTABA,2015-06-19,6,2015,VIAS DE FATO / AGRESSAO,CONSUMADO,1
313420,ITUIUTABA,2015-06-20,6,2015,AMEACA,CONSUMADO,2
313420,ITUIUTABA,2015-06-20,6,2015,DANO,CONSUMADO,1
313420,ITUIUTABA,2015-06-21,6,2015,AMEACA,CONSUMADO,4
313420,ITUIUTABA,2015-06-22,6,2015,AMEACA,CONSUMADO,1
313420,ITUIUTABA,2015-06-22,6,2015,MAUS TRATOS,CONSUMADO,1
313420,ITUIUTABA,2015-06-23,6,2015,AMEACA,CONSUMADO,1
313420,ITUIUTABA,2015-06-24,6,2015,AMEACA,CONSUMADO,2
313420,ITUIUTABA,2015-06-24,6,2015,VIAS DE FATO / AGRESSAO,CONSUMADO,1
313420,ITUIUTABA,2015-06-25,6,2015,AMEACA,CONSUMADO,1
313420,ITUIUTABA,2015-06-26,6,2015,LESAO CORPORAL,CONSUMADO,1
313420,ITUIUTABA,2015-06-28,6,2015,VIAS DE FATO / AGRESSAO,CONSUMADO,1
313420,ITUIUTABA,2015-06-29,6,2015,VIAS DE FATO / AGRESSAO,CONSUMADO,2
313420,ITUIUTABA,2015-06-30,6,2015,DANO,CONSUMADO,1
313420,ITUIUTABA,2015-07-02,7,2015,AMEACA,CONSUMADO,1
313420,ITUIUTABA,2015-07-03,7,2015,LESAO CORPORAL,CONSUMADO,1
313420,ITUIUTABA,2015-07-04,7,2015,AMEACA,CONSUMADO,1
313420,ITUIUTABA,2015-07-05,7,2015,AMEACA,CONSUMADO,1
313420,ITUIUTABA,2015-07-05,7,2015,DANO,CONSUMADO,1
313420,ITUIUTABA,2015-07-05,7,2015,LESAO CORPORAL,CONSUMADO,1
313420,ITUIUTABA,2015-07-06,7,2015,AMEACA,CONSUMADO,1
313420,ITUIUTABA,2015-07-06,7,2015,LESAO CORPORAL,CONSUMADO,1
313420,ITUIUTABA,2015-07-06,7,2015,VIAS DE FATO / AGRESSAO,CONSUMADO,2
313420,ITUIUTABA,2015-07-09,7,2015,LESAO CORPORAL,CONSUMADO,1
313420,ITUIUTABA,2015-07-09,7,2015,VIAS DE FATO / AGRESSAO,CONSUMADO,2
313420,ITUIUTABA,2015-07-10,7,2015,AMEACA,CONSUMADO,1
313420,ITUIUTABA,2015-07-11,7,2015,LESAO CORPORAL,CONSUMADO,1
313420,ITUIUTABA,2015-07-14,7,2015,DANO,CONSUMADO,1
313420,ITUIUTABA,2015-07-14,7,2015,LESAO CORPORAL,CONSUMADO,1
313420,ITUIUTABA,2015-07-15,7,2015,FURTO,CONSUMADO,1
313420,ITUIUTABA,2015-07-17,7,2015,VIAS DE FATO / AGRESSAO,CONSUMADO,2
313420,ITUIUTABA,2015-07-18,7,2015,LESAO CORPORAL,CONSUMADO,1
313420,ITUIUTABA,2015-07-19,7,2015,ATRITO VERBAL,CONSUMADO,1
313420,ITUIUTABA,2015-07-20,7,2015,AMEACA,CONSUMADO,1
313420,ITUIUTABA,2015-07-24,7,2015,AMEACA,CONSUMADO,1
313420,ITUIUTABA,2015-07-25,7,2015,AMEACA,CONSUMADO,1
313420,ITUIUTABA,2015-07-25,7,2015,LESAO CORPORAL,CONSUMADO,1
313420,ITUIUTABA,2015-07-25,7,2015,OUTRAS INFRACOES CONTRA DIGNIDADE SEXUAL E A FAMIL,CONSUMADO,2
313420,ITUIUTABA,2015-07-26,7,2015,AMEACA,CONSUMADO,1
313420,ITUIUTABA,2015-07-26,7,2015,VIAS DE FATO / AGRESSAO,CONSUMADO,1
313420,ITUIUTABA,2015-07-27,7,2015,AMEACA,CONSUMADO,1
313420,ITUIUTABA,2015-07-27,7,2015,CUMPRIMENTO DE PRISAO,CONSUMADO,1
313420,ITUIUTABA,2015-07-28,7,2015,AMEACA,CONSUMADO,1
313420,ITUIUTABA,2015-07-31,7,2015,OUTRAS ACOES DEFESA SOCIAL,CONSUMADO,1
313420,ITUIUTABA,2015-08-01,8,2015,LESAO CORPORAL,CONSUMADO,1
313420,ITUIUTABA,2015-08-01,8,2015,VIAS DE FATO / AGRESSAO,CONSUMADO,1
313420,ITUIUTABA,2015-08-02,8,2015,AMEACA,CONSUMADO,1
313420,ITUIUTABA,2015-08-02,8,2015,VIAS DE FATO / AGRESSAO,CONSUMADO,2
313420,ITUIUTABA,2015-08-04,8,2015,VIAS DE FATO / AGRESSAO,CONSUMADO,1
313420,ITUIUTABA,2015-08-05,8,2015,LESAO CORPORAL,CONSUMADO,2
313420,ITUIUTABA,2015-08-06,8,2015,AMEACA,CONSUMADO,1
313420,ITUIUTABA,2015-08-08,8,2015,AMEACA,CONSUMADO,1
313420,ITUIUTABA,2015-08-08,8,2015,LESAO CORPORAL,CONSUMADO,1
313420,ITUIUTABA,2015-08-09,8,2015,AMEACA,CONSUMADO,2
313420,ITUIUTABA,2015-08-09,8,2015,LESAO CORPORAL,CONSUMADO,1
313420,ITUIUTABA,2015-08-11,8,2015,DANO,CONSUMADO,1
313420,ITUIUTABA,2015-08-13,8,2015,AMEACA,CONSUMADO,1
313420,ITUIUTABA,2015-08-14,8,2015,ESTUPRO DE VULNERAVEL,CONSUMADO,1
313420,ITUIUTABA,2015-08-15,8,2015,HOMICIDIO,CONSUMADO,1
313420,ITUIUTABA,2015-08-16,8,2015,LESAO CORPORAL,CONSUMADO,1
313420,ITUIUTABA,2015-08-16,8,2015,VIAS DE FATO / AGRESSAO,CONSUMADO,1
313420,ITUIUTABA,2015-08-17,8,2015,AMEACA,CONSUMADO,1
313420,ITUIUTABA,2015-08-18,8,2015,AMEACA,CONSUMADO,2
313420,ITUIUTABA,2015-08-19,8,2015,VIAS DE FATO / AGRESSAO,CONSUMADO,1
313420,ITUIUTABA,2015-08-20,8,2015,LESAO CORPORAL,CONSUMADO,1
313420,ITUIUTABA,2015-08-21,8,2015,AMEACA,CONSUMADO,1
313420,ITUIUTABA,2015-08-22,8,2015,AMEACA,CONSUMADO,1
313420,ITUIUTABA,2015-08-23,8,2015,VIAS DE FATO / AGRESSAO,CONSUMADO,1
313420,ITUIUTABA,2015-08-24,8,2015,AMEACA,CONSUMADO,1
313420,ITUIUTABA,2015-08-25,8,2015,VIAS DE FATO / AGRESSAO,CONSUMADO,1
313420,ITUIUTABA,2015-08-26,8,2015,AMEACA,CONSUMADO,2
313420,ITUIUTABA,2015-08-28,8,2015,AMEACA,CONSUMADO,3
313420,ITUIUTABA,2015-08-29,8,2015,VIAS DE FATO / AGRESSAO,CONSUMADO,1
313420,ITUIUTABA,2015-08-30,8,2015,LESAO CORPORAL,CONSUMADO,1
313420,ITUIUTABA,2015-08-31,8,2015,ABANDONO DE INCAPAZ,CONSUMADO,1
313420,ITUIUTABA,2015-08-31,8,2015,AMEACA,CONSUMADO,1
313420,ITUIUTABA,2015-09-01,9,2015,AMEACA,CONSUMADO,1
313420,ITUIUTABA,2015-09-01,9,2015,FURTO,CONSUMADO,1
313420,ITUIUTABA,2015-09-01,9,2015,LESAO CORPORAL,CONSUMADO,1
313420,ITUIUTABA,2015-09-05,9,2015,LESAO CORPORAL,CONSUMADO,2
313420,ITUIUTABA,2015-09-06,9,2015,AMEACA,CONSUMADO,2
313420,ITUIUTABA,2015-09-07,9,2015,LESAO CORPORAL,CONSUMADO,3
313420,ITUIUTABA,2015-09-07,9,2015,VIAS DE FATO / AGRESSAO,CONSUMADO,1
313420,ITUIUTABA,2015-09-08,9,2015,AMEACA,CONSUMADO,1
313420,ITUIUTABA,2015-09-08,9,2015,LESAO CORPORAL,CONSUMADO,1
313420,ITUIUTABA,2015-09-09,9,2015,AMEACA,CONSUMADO,2
313420,ITUIUTABA,2015-09-10,9,2015,LESAO CORPORAL,CONSUMADO,1
313420,ITUIUTABA,2015-09-11,9,2015,VIAS DE FATO / AGRESSAO,CONSUMADO,1
313420,ITUIUTABA,2015-09-12,9,2015,LESAO CORPORAL,CONSUMADO,2
313420,ITUIUTABA,2015-09-12,9,2015,VIAS DE FATO / AGRESSAO,CONSUMADO,1
313420,ITUIUTABA,2015-09-13,9,2015,AMEACA,CONSUMADO,1
313420,ITUIUTABA,2015-09-14,9,2015,VIAS DE FATO / AGRESSAO,CONSUMADO,1
313420,ITUIUTABA,2015-09-15,9,2015,INJURIA,CONSUMADO,1
313420,ITUIUTABA,2015-09-16,9,2015,AMEACA,CONSUMADO,1
313420,ITUIUTABA,2015-09-17,9,2015,LESAO CORPORAL,CONSUMADO,1
313420,ITUIUTABA,2015-09-18,9,2015,VIAS DE FATO / AGRESSAO,CONSUMADO,1
313420,ITUIUTABA,2015-09-20,9,2015,FURTO,CONSUMADO,1
313420,ITUIUTABA,2015-09-20,9,2015,LESAO CORPORAL,CONSUMADO,1
313420,ITUIUTABA,2015-09-20,9,2015,VIAS DE FATO / AGRESSAO,CONSUMADO,2
313420,ITUIUTABA,2015-09-21,9,2015,AMEACA,CONSUMADO,1
313420,ITUIUTABA,2015-09-21,9,2015,LESAO CORPORAL,CONSUMADO,3
313420,ITUIUTABA,2015-09-22,9,2015,ABANDONO DE INCAPAZ,CONSUMADO,1
313420,ITUIUTABA,2015-09-24,9,2015,AMEACA,CONSUMADO,1
313420,ITUIUTABA,2015-09-27,9,2015,VIAS DE FATO / AGRESSAO,CONSUMADO,2
313420,ITUIUTABA,2015-09-28,9,2015,AMEACA,CONSUMADO,1
313420,ITUIUTABA,2015-10-02,10,2015,AMEACA,CONSUMADO,1
313420,ITUIUTABA,2015-10-03,10,2015,AMEACA,CONSUMADO,1
313420,ITUIUTABA,2015-10-03,10,2015,LESAO CORPORAL,CONSUMADO,1
313420,ITUIUTABA,2015-10-03,10,2015,OUTRAS ACOES DEFESA SOCIAL,CONSUMADO,1
313420,ITUIUTABA,2015-10-03,10,2015,VIAS DE FATO / AGRESSAO,CONSUMADO,2
313420,ITUIUTABA,2015-10-04,10,2015,AMEACA,CONSUMADO,3
313420,ITUIUTABA,2015-10-04,10,2015,FURTO,CONSUMADO,1
313420,ITUIUTABA,2015-10-04,10,2015,LESAO CORPORAL,CONSUMADO,2
313420,ITUIUTABA,2015-10-04,10,2015,PERTURBACAO DA TRANQUILIDADE,CONSUMADO,1
313420,ITUIUTABA,2015-10-05,10,2015,ABANDONO DE INCAPAZ,CONSUMADO,1
313420,ITUIUTABA,2015-10-06,10,2015,VIAS DE FATO / AGRESSAO,CONSUMADO,1
313420,ITUIUTABA,2015-10-07,10,2015,VIAS DE FATO / AGRESSAO,CONSUMADO,1
313420,ITUIUTABA,2015-10-08,10,2015,DANO,CONSUMADO,1
313420,ITUIUTABA,2015-10-08,10,2015,VIAS DE FATO / AGRESSAO,CONSUMADO,1
313420,ITUIUTABA,2015-10-10,10,2015,AMEACA,CONSUMADO,1
313420,ITUIUTABA,2015-10-11,10,2015,AMEACA,CONSUMADO,2
313420,ITUIUTABA,2015-10-11,10,2015,LESAO CORPORAL,CONSUMADO,1
313420,ITUIUTABA,2015-10-11,10,2015,VIAS DE FATO / AGRESSAO,CONSUMADO,1
313420,ITUIUTABA,2015-10-12,10,2015,CALUNIA,CONSUMADO,1
313420,ITUIUTABA,2015-10-12,10,2015,LESAO CORPORAL,CONSUMADO,1
313420,ITUIUTABA,2015-10-12,10,2015,VIAS DE FATO / AGRESSAO,CONSUMADO,1
313420,ITUIUTABA,2015-10-14,10,2015,AMEACA,CONSUMADO,1
313420,ITUIUTABA,2015-10-15,10,2015,LESAO CORPORAL,CONSUMADO,1
313420,ITUIUTABA,2015-10-16,10,2015,LESAO CORPORAL,CONSUMADO,1
313420,ITUIUTABA,2015-10-16,10,2015,VIAS DE FATO / AGRESSAO,CONSUMADO,2
313420,ITUIUTABA,2015-10-17,10,2015,AMEACA,CONSUMADO,2
313420,ITUIUTABA,2015-10-17,10,2015,LESAO CORPORAL,CONSUMADO,2
313420,ITUIUTABA,2015-10-18,10,2015,LESAO CORPORAL,CONSUMADO,2
313420,ITUIUTABA,2015-10-19,10,2015,AMEACA,CONSUMADO,2
313420,ITUIUTABA,2015-10-19,10,2015,ESTUPRO DE VULNERAVEL,CONSUMADO,1
313420,ITUIUTABA,2015-10-20,10,2015,AMEACA,CONSUMADO,1
313420,ITUIUTABA,2015-10-21,10,2015,LESAO CORPORAL,CONSUMADO,2
313420,ITUIUTABA,2015-10-23,10,2015,SEQUESTRO E CARCERE PRIVADO,CONSUMADO,1
313420,ITUIUTABA,2015-10-23,10,2015,VIAS DE FATO / AGRESSAO,CONSUMADO,1
313420,ITUIUTABA,2015-10-25,10,2015,AMEACA,CONSUMADO,1
313420,ITUIUTABA,2015-10-27,10,2015,FURTO,CONSUMADO,1
313420,ITUIUTABA,2015-10-28,10,2015,AMEACA,CONSUMADO,1
313420,ITUIUTABA,2015-10-29,10,2015,AMEACA,CONSUMADO,1
313420,ITUIUTABA,2015-10-29,10,2015,VIAS DE FATO / AGRESSAO,CONSUMADO,1
313420,ITUIUTABA,2015-10-31,10,2015,AMEACA,CONSUMADO,1
313420,ITUIUTABA,2015-11-01,11,2015,VIAS DE FATO / AGRESSAO,CONSUMADO,1
313420,ITUIUTABA,2015-11-03,11,2015,VIAS DE FATO / AGRESSAO,CONSUMADO,2
313420,ITUIUTABA,2015-11-05,11,2015,AMEACA,CONSUMADO,1
313420,ITUIUTABA,2015-11-05,11,2015,FURTO,CONSUMADO,1
313420,ITUIUTABA,2015-11-06,11,2015,AMEACA,CONSUMADO,2
313420,ITUIUTABA,2015-11-06,11,2015,LESAO CORPORAL,CONSUMADO,1
313420,ITUIUTABA,2015-11-06,11,2015,OUTROS INFRACOES C/ A PESSOA,CONSUMADO,1
313420,ITUIUTABA,2015-11-07,11,2015,LESAO CORPORAL,CONSUMADO,1
313420,ITUIUTABA,2015-11-08,11,2015,LESAO CORPORAL,CONSUMADO,1
313420,ITUIUTABA,2015-11-09,11,2015,LESAO CORPORAL,CONSUMADO,1
313420,ITUIUTABA,2015-11-09,11,2015,OUTRAS ACOES DEFESA SOCIAL,CONSUMADO,1
313420,ITUIUTABA,2015-11-10,11,2015,AMEACA,CONSUMADO,1
313420,ITUIUTABA,2015-11-10,11,2015,DANO,CONSUMADO,1
313420,ITUIUTABA,2015-11-10,11,2015,LESAO CORPORAL,CONSUMADO,1
313420,ITUIUTABA,2015-11-11,11,2015,LESAO CORPORAL,CONSUMADO,1
313420,ITUIUTABA,2015-11-12,11,2015,LESAO CORPORAL,CONSUMADO,1
313420,ITUIUTABA,2015-11-12,11,2015,OUTROS INFRACOES C/ A PESSOA,CONSUMADO,1
313420,ITUIUTABA,2015-11-13,11,2015,AMEACA,CONSUMADO,2
313420,ITUIUTABA,2015-11-13,11,2015,VIAS DE FATO / AGRESSAO,CONSUMADO,1
313420,ITUIUTABA,2015-11-14,11,2015,AMEACA,CONSUMADO,1
313420,ITUIUTABA,2015-11-14,11,2015,OUTRAS INFRACOES CONTRA DIGNIDADE SEXUAL E A FAMIL,CONSUMADO,1
313420,ITUIUTABA,2015-11-15,11,2015,AMEACA,CONSUMADO,2
313420,ITUIUTABA,2015-11-15,11,2015,DANO,CONSUMADO,1
313420,ITUIUTABA,2015-11-16,11,2015,AMEACA,CONSUMADO,1
313420,ITUIUTABA,2015-11-18,11,2015,VIAS DE FATO / AGRESSAO,CONSUMADO,1
313420,ITUIUTABA,2015-11-19,11,2015,LESAO CORPORAL,CONSUMADO,1
313420,ITUIUTABA,2015-11-20,11,2015,LESAO CORPORAL,CONSUMADO,1
313420,ITUIUTABA,2015-11-21,11,2015,LESAO CORPORAL,CONSUMADO,1
313420,ITUIUTABA,2015-11-22,11,2015,LESAO CORPORAL,CONSUMADO,2
313420,ITUIUTABA,2015-11-23,11,2015,AMEACA,CONSUMADO,2
313420,ITUIUTABA,2015-11-23,11,2015,LESAO CORPORAL,CONSUMADO,1
313420,ITUIUTABA,2015-11-24,11,2015,LESAO CORPORAL,CONSUMADO,1
313420,ITUIUTABA,2015-11-25,11,2015,SEQUESTRO E CARCERE PRIVADO,CONSUMADO,1
313420,ITUIUTABA,2015-11-26,11,2015,AMEACA,CONSUMADO,1
313420,ITUIUTABA,2015-11-27,11,2015,AMEACA,CONSUMADO,2
313420,ITUIUTABA,2015-11-28,11,2015,OUTROS INFRACOES C/ A PESSOA,CONSUMADO,1
313420,ITUIUTABA,2015-11-29,11,2015,AMEACA,CONSUMADO,3
313420,ITUIUTABA,2015-11-29,11,2015,LESAO CORPORAL,CONSUMADO,1
313420,ITUIUTABA,2015-11-29,11,2015,VIAS DE FATO / AGRESSAO,CONSUMADO,1
313420,ITUIUTABA,2015-11-30,11,2015,AMEACA,CONSUMADO,2
313420,ITUIUTABA,2015-12-01,12,2015,AMEACA,CONSUMADO,1
313420,ITUIUTABA,2015-12-02,12,2015,OUTROS INFRACOES C/ A PESSOA,CONSUMADO,1
313420,ITUIUTABA,2015-12-03,12,2015,AMEACA,CONSUMADO,1
313420,ITUIUTABA,2015-12-04,12,2015,AMEACA,CONSUMADO,1
313420,ITUIUTABA,2015-12-04,12,2015,LESAO CORPORAL,CONSUMADO,1
313420,ITUIUTABA,2015-12-04,12,2015,VIAS DE FATO / AGRESSAO,CONSUMADO,1
313420,ITUIUTABA,2015-12-05,12,2015,AMEACA,CONSUMADO,1
313420,ITUIUTABA,2015-12-11,12,2015,LESAO CORPORAL,CONSUMADO,1
313420,ITUIUTABA,2015-12-12,12,2015,LESAO CORPORAL,CONSUMADO,1
313420,ITUIUTABA,2015-12-12,12,2015,VIAS DE FATO / AGRESSAO,CONSUMADO,1
313420,ITUIUTABA,2015-12-13,12,2015,AMEACA,CONSUMADO,1
313420,ITUIUTABA,2015-12-13,12,2015,LESAO CORPORAL,CONSUMADO,1
313420,ITUIUTABA,2015-12-13,12,2015,VIAS DE FATO / AGRESSAO,CONSUMADO,2
313420,ITUIUTABA,2015-12-14,12,2015,AMEACA,CONSUMADO,1
313420,ITUIUTABA,2015-12-14,12,2015,LESAO CORPORAL,CONSUMADO,1
313420,ITUIUTABA,2015-12-15,12,2015,VIAS DE FATO / AGRESSAO,CONSUMADO,1
313420,ITUIUTABA,2015-12-17,12,2015,AMEACA,CONSUMADO,2
313420,ITUIUTABA,2015-12-18,12,2015,AMEACA,CONSUMADO,1
313420,ITUIUTABA,2015-12-19,12,2015,AMEACA,CONSUMADO,1
313420,ITUIUTABA,2015-12-19,12,2015,VIAS DE FATO / AGRESSAO,CONSUMADO,1
313420,ITUIUTABA,2015-12-20,12,2015,VIAS DE FATO / AGRESSAO,CONSUMADO,1
313420,ITUIUTABA,2015-12-21,12,2015,AMEACA,CONSUMADO,1
313420,ITUIUTABA,2015-12-22,12,2015,LESAO CORPORAL,CONSUMADO,1
313420,ITUIUTABA,2015-12-22,12,2015,VIAS DE FATO / AGRESSAO,CONSUMADO,1
313420,ITUIUTABA,2015-12-23,12,2015,AMEACA,CONSUMADO,1
313420,ITUIUTABA,2015-12-23,12,2015,LESAO CORPORAL,CONSUMADO,1
313420,ITUIUTABA,2015-12-24,12,2015,AMEACA,CONSUMADO,2
313420,ITUIUTABA,2015-12-24,12,2015,LESAO CORPORAL,CONSUMADO,3
313420,ITUIUTABA,2015-12-24,12,2015,VIAS DE FATO / AGRESSAO,CONSUMADO,1
313420,ITUIUTABA,2015-12-25,12,2015,LESAO CORPORAL,CONSUMADO,2
313420,ITUIUTABA,2015-12-25,12,2015,VIAS DE FATO / AGRESSAO,CONSUMADO,1
313420,ITUIUTABA,2015-12-26,12,2015,POSSE/PORTE ILEGAL ARMA FOGO/MUNIC/ACESSO USO PROI,CONSUMADO,1
313420,ITUIUTABA,2015-12-28,12,2015,AMEACA,CONSUMADO,2
313420,ITUIUTABA,2015-12-28,12,2015,LESAO CORPORAL,CONSUMADO,1
313420,ITUIUTABA,2015-12-29,12,2015,AMEACA,CONSUMADO,2
313420,ITUIUTABA,2015-12-30,12,2015,AMEACA,CONSUMADO,2
313420,ITUIUTABA,2015-12-30,12,2015,FURTO DE COISA COMUM,CONSUMADO,1
313420,ITUIUTABA,2015-12-30,12,2015,LESAO CORPORAL,CONSUMADO,1
313420,ITUIUTABA,2015-12-30,12,2015,VIAS DE FATO / AGRESSAO,CONSUMADO,1
313420,ITUIUTABA,2016-01-01,1,2016,AMEACA,CONSUMADO,2
313420,ITUIUTABA,2016-01-01,1,2016,LESAO CORPORAL,CONSUMADO,2
313420,ITUIUTABA,2016-01-02,1,2016,AMEACA,CONSUMADO,1
313420,ITUIUTABA,2016-01-02,1,2016,LESAO CORPORAL,CONSUMADO,1
313420,ITUIUTABA,2016-01-02,1,2016,VIAS DE FATO / AGRESSAO,CONSUMADO,1
313420,ITUIUTABA,2016-01-03,1,2016,AMEACA,CONSUMADO,1
313420,ITUIUTABA,2016-01-04,1,2016,ATRITO VERBAL,CONSUMADO,1
313420,ITUIUTABA,2016-01-05,1,2016,AMEACA,CONSUMADO,2
313420,ITUIUTABA,2016-01-05,1,2016,LESAO CORPORAL,CONSUMADO,1
313420,ITUIUTABA,2016-01-05,1,2016,OUTROS INFRACOES C/ A PESSOA,CONSUMADO,1
313420,ITUIUTABA,2016-01-05,1,2016,VIAS DE FATO / AGRESSAO,CONSUMADO,1
313420,ITUIUTABA,2016-01-06,1,2016,AMEACA,CONSUMADO,3
313420,ITUIUTABA,2016-01-06,1,2016,LESAO CORPORAL,CONSUMADO,1
313420,ITUIUTABA,2016-01-06,1,2016,VIAS DE FATO / AGRESSAO,CONSUMADO,1
313420,ITUIUTABA,2016-01-09,1,2016,AMEACA,CONSUMADO,1
313420,ITUIUTABA,2016-01-09,1,2016,LESAO CORPORAL,CONSUMADO,1
313420,ITUIUTABA,2016-01-09,1,2016,VIAS DE FATO / AGRESSAO,CONSUMADO,1
313420,ITUIUTABA,2016-01-11,1,2016,AMEACA,CONSUMADO,1
313420,ITUIUTABA,2016-01-11,1,2016,LESAO CORPORAL,CONSUMADO,1
313420,ITUIUTABA,2016-01-11,1,2016,VIAS DE FATO / AGRESSAO,CONSUMADO,1
313420,ITUIUTABA,2016-01-13,1,2016,DANO,CONSUMADO,1
313420,ITUIUTABA,2016-01-14,1,2016,VIOLACAO DE DOMICILIO,CONSUMADO,1
313420,ITUIUTABA,2016-01-15,1,2016,CUMPRIMENTO DE PRISAO,CONSUMADO,1
313420,ITUIUTABA,2016-01-16,1,2016,LESAO CORPORAL,CONSUMADO,1
313420,ITUIUTABA,2016-01-17,1,2016,AMEACA,CONSUMADO,2
313420,ITUIUTABA,2016-01-19,1,2016,AMEACA,CONSUMADO,2
313420,ITUIUTABA,2016-01-20,1,2016,AMEACA,CONSUMADO,1
313420,ITUIUTABA,2016-01-21,1,2016,AMEACA,CONSUMADO,2
313420,ITUIUTABA,2016-01-21,1,2016,APROPRIACAO INDEBITA DE COISA ALHEIA MOVEL,CONSUMADO,1
313420,ITUIUTABA,2016-01-21,1,2016,ESTUPRO DE VULNERAVEL,CONSUMADO,1
313420,ITUIUTABA,2016-01-22,1,2016,AMEACA,CONSUMADO,1
313420,ITUIUTABA,2016-01-22,1,2016,VIAS DE FATO / AGRESSAO,CONSUMADO,1
313420,ITUIUTABA,2016-01-23,1,2016,LESAO CORPORAL,CONSUMADO,1
313420,ITUIUTABA,2016-01-24,1,2016,AMEACA,CONSUMADO,1
313420,ITUIUTABA,2016-01-24,1,2016,LESAO CORPORAL,CONSUMADO,3
313420,ITUIUTABA,2016-01-24,1,2016,VIAS DE FATO / AGRESSAO,CONSUMADO,2
313420,ITUIUTABA,2016-01-26,1,2016,VIAS DE FATO / AGRESSAO,CONSUMADO,1
313420,ITUIUTABA,2016-01-28,1,2016,VIAS DE FATO / AGRESSAO,CONSUMADO,1
313420,ITUIUTABA,2016-01-29,1,2016,DISPARO DE ARMA DE FOGO/ACIONAM DE MUNICAO,CONSUMADO,1
313420,ITUIUTABA,2016-01-29,1,2016,LESAO CORPORAL,CONSUMADO,1
313420,ITUIUTABA,2016-01-31,1,2016,AMEACA,CONSUMADO,3
313420,ITUIUTABA,2016-01-31,1,2016,PERTURBACAO DA TRANQUILIDADE,CONSUMADO,1
313420,ITUIUTABA,2016-01-31,1,2016,VIAS DE FATO / AGRESSAO,CONSUMADO,1
313420,ITUIUTABA,2016-02-01,2,2016,VIAS DE FATO / AGRESSAO,CONSUMADO,2
313420,ITUIUTABA,2016-02-02,2,2016,AMEACA,CONSUMADO,1
313420,ITUIUTABA,2016-02-03,2,2016,ABANDONO DE INCAPAZ,CONSUMADO,1
313420,ITUIUTABA,2016-02-04,2,2016,AMEACA,CONSUMADO,3
313420,ITUIUTABA,2016-02-04,2,2016,VIAS DE FATO / AGRESSAO,CONSUMADO,1
313420,ITUIUTABA,2016-02-05,2,2016,ABANDONO DE INCAPAZ,CONSUMADO,2
313420,ITUIUTABA,2016-02-05,2,2016,AMEACA,CONSUMADO,1
313420,ITUIUTABA,2016-02-05,2,2016,LESAO CORPORAL,CONSUMADO,1
313420,ITUIUTABA,2016-02-05,2,2016,MAUS TRATOS,CONSUMADO,1
313420,ITUIUTABA,2016-02-06,2,2016,MAUS TRATOS,CONSUMADO,1
313420,ITUIUTABA,2016-02-06,2,2016,VIAS DE FATO / AGRESSAO,CONSUMADO,2
313420,ITUIUTABA,2016-02-07,2,2016,AMEACA,CONSUMADO,1
313420,ITUIUTABA,2016-02-08,2,2016,LESAO CORPORAL,CONSUMADO,1
313420,ITUIUTABA,2016-02-08,2,2016,VIAS DE FATO / AGRESSAO,CONSUMADO,1
313420,ITUIUTABA,2016-02-09,2,2016,AMEACA,CONSUMADO,2
313420,ITUIUTABA,2016-02-09,2,2016,LESAO CORPORAL,CONSUMADO,1
313420,ITUIUTABA,2016-02-11,2,2016,AMEACA,CONSUMADO,1
313420,ITUIUTABA,2016-02-11,2,2016,LESAO CORPORAL,CONSUMADO,1
313420,ITUIUTABA,2016-02-12,2,2016,ABANDONO DE INCAPAZ,CONSUMADO,1
313420,ITUIUTABA,2016-02-12,2,2016,AMEACA,CONSUMADO,1
313420,ITUIUTABA,2016-02-13,2,2016,LESAO CORPORAL,CONSUMADO,1
313420,ITUIUTABA,2016-02-14,2,2016,AMEACA,CONSUMADO,1
313420,ITUIUTABA,2016-02-14,2,2016,LESAO CORPORAL,CONSUMADO,1
313420,ITUIUTABA,2016-02-15,2,2016,AMEACA,CONSUMADO,1
313420,ITUIUTABA,2016-02-15,2,2016,INJURIA,CONSUMADO,1
313420,ITUIUTABA,2016-02-15,2,2016,LESAO CORPORAL,CONSUMADO,2
313420,ITUIUTABA,2016-02-16,2,2016,AMEACA,CONSUMADO,1
313420,ITUIUTABA,2016-02-17,2,2016,AMEACA,CONSUMADO,1
313420,ITUIUTABA,2016-02-18,2,2016,AMEACA,CONSUMADO,1
313420,ITUIUTABA,2016-02-18,2,2016,VIAS DE FATO / AGRESSAO,CONSUMADO,1
313420,ITUIUTABA,2016-02-20,2,2016,LESAO CORPORAL,CONSUMADO,2
313420,ITUIUTABA,2016-02-22,2,2016,DIFAMACAO,CONSUMADO,1
313420,ITUIUTABA,2016-02-25,2,2016,AMEACA,CONSUMADO,1
313420,ITUIUTABA,2016-02-26,2,2016,AMEACA,CONSUMADO,1
313420,ITUIUTABA,2016-02-26,2,2016,VIAS DE FATO / AGRESSAO,CONSUMADO,1
313420,ITUIUTABA,2016-02-27,2,2016,LESAO CORPORAL,CONSUMADO,1
313420,ITUIUTABA,2016-02-27,2,2016,OUTROS INFRACOES C/ A PESSOA,CONSUMADO,1
313420,ITUIUTABA,2016-02-28,2,2016,VIAS DE FATO / AGRESSAO,CONSUMADO,2
313420,ITUIUTABA,2016-02-29,2,2016,AMEACA,CONSUMADO,1
313420,ITUIUTABA,2016-02-29,2,2016,PERTURBACAO DA TRANQUILIDADE,CONSUMADO,1
313420,ITUIUTABA,2016-02-29,2,2016,VIAS DE FATO / AGRESSAO,CONSUMADO,1
313420,ITUIUTABA,2016-03-01,3,2016,AMEACA,CONSUMADO,2
313420,ITUIUTABA,2016-03-01,3,2016,VIAS DE FATO / AGRESSAO,CONSUMADO,1
313420,ITUIUTABA,2016-03-02,3,2016,LESAO CORPORAL,CONSUMADO,1
313420,ITUIUTABA,2016-03-02,3,2016,OUTRAS INFRACOES CONTRA DIGNIDADE SEXUAL E A FAMIL,CONSUMADO,1
313420,ITUIUTABA,2016-03-03,3,2016,ABANDONO DE INCAPAZ,CONSUMADO,1
313420,ITUIUTABA,2016-03-04,3,2016,VIAS DE FATO / AGRESSAO,CONSUMADO,1
313420,ITUIUTABA,2016-03-05,3,2016,AMEACA,CONSUMADO,1
313420,ITUIUTABA,2016-03-05,3,2016,VIAS DE FATO / AGRESSAO,CONSUMADO,1
313420,ITUIUTABA,2016-03-06,3,2016,AMEACA,CONSUMADO,1
313420,ITUIUTABA,2016-03-06,3,2016,LESAO CORPORAL,CONSUMADO,2
313420,ITUIUTABA,2016-03-07,3,2016,AMEACA,CONSUMADO,1
313420,ITUIUTABA,2016-03-07,3,2016,ESTUPRO DE VULNERAVEL,CONSUMADO,1
313420,ITUIUTABA,2016-03-08,3,2016,DIFAMACAO,CONSUMADO,1
313420,ITUIUTABA,2016-03-08,3,2016,LESAO CORPORAL,CONSUMADO,1
313420,ITUIUTABA,2016-03-09,3,2016,AMEACA,CONSUMADO,1
313420,ITUIUTABA,2016-03-09,3,2016,MAUS TRATOS,CONSUMADO,1
313420,ITUIUTABA,2016-03-11,3,2016,AMEACA,CONSUMADO,1
313420,ITUIUTABA,2016-03-12,3,2016,VIAS DE FATO / AGRESSAO,CONSUMADO,3
313420,ITUIUTABA,2016-03-13,3,2016,AMEACA,CONSUMADO,2
313420,ITUIUTABA,2016-03-13,3,2016,LESAO CORPORAL,CONSUMADO,2
313420,ITUIUTABA,2016-03-13,3,2016,VIAS DE FATO / AGRESSAO,CONSUMADO,1
313420,ITUIUTABA,2016-03-14,3,2016,LESAO CORPORAL,CONSUMADO,1
313420,ITUIUTABA,2016-03-16,3,2016,AMEACA,CONSUMADO,3
313420,ITUIUTABA,2016-03-16,3,2016,LESAO CORPORAL,CONSUMADO,1
313420,ITUIUTABA,2016-03-17,3,2016,AMEACA,CONSUMADO,1
313420,ITUIUTABA,2016-03-19,3,2016,AMEACA,CONSUMADO,1
313420,ITUIUTABA,2016-03-21,3,2016,AMEACA,CONSUMADO,2
313420,ITUIUTABA,2016-03-22,3,2016,AMEACA,CONSUMADO,2
313420,ITUIUTABA,2016-03-22,3,2016,VIAS DE FATO / AGRESSAO,CONSUMADO,1
313420,ITUIUTABA,2016-03-25,3,2016,AMEACA,CONSUMADO,1
313420,ITUIUTABA,2016-03-25,3,2016,OUTRAS INFRACOES CONTRA DIGNIDADE SEXUAL E A FAMIL,CONSUMADO,1
313420,ITUIUTABA,2016-03-25,3,2016,VIAS DE FATO / AGRESSAO,CONSUMADO,1
313420,ITUIUTABA,2016-03-26,3,2016,VIAS DE FATO / AGRESSAO,CONSUMADO,2
313420,ITUIUTABA,2016-03-27,3,2016,VIAS DE FATO / AGRESSAO,CONSUMADO,1
313420,ITUIUTABA,2016-03-28,3,2016,OUTRAS INFRACOES CONTRA O PATRIMONIO,CONSUMADO,1
313420,ITUIUTABA,2016-03-29,3,2016,INJURIA,CONSUMADO,1
313420,ITUIUTABA,2016-03-30,3,2016,MAUS TRATOS,CONSUMADO,1
313420,ITUIUTABA,2016-03-31,3,2016,AMEACA,CONSUMADO,1
313420,ITUIUTABA,2016-03-31,3,2016,VIAS DE FATO / AGRESSAO,CONSUMADO,2
313420,ITUIUTABA,2016-04-01,4,2016,LESAO CORPORAL,CONSUMADO,1
313420,ITUIUTABA,2016-04-02,4,2016,VIAS DE FATO / AGRESSAO,CONSUMADO,1
313420,ITUIUTABA,2016-04-03,4,2016,AMEACA,CONSUMADO,1
313420,ITUIUTABA,2016-04-03,4,2016,LESAO CORPORAL,CONSUMADO,3
313420,ITUIUTABA,2016-04-03,4,2016,OUTROS INFRACOES C/ A PESSOA,CONSUMADO,1
313420,ITUIUTABA,2016-04-03,4,2016,VIAS DE FATO / AGRESSAO,CONSUMADO,1
313420,ITUIUTABA,2016-04-04,4,2016,LESAO CORPORAL,CONSUMADO,1
313420,ITUIUTABA,2016-04-08,4,2016,MAUS TRATOS,CONSUMADO,1
313420,ITUIUTABA,2016-04-08,4,2016,VIAS DE FATO / AGRESSAO,CONSUMADO,1
313420,ITUIUTABA,2016-04-09,4,2016,AMEACA,CONSUMADO,1
313420,ITUIUTABA,2016-04-10,4,2016,DANO,CONSUMADO,1
313420,ITUIUTABA,2016-04-10,4,2016,LESAO CORPORAL,CONSUMADO,1
313420,ITUIUTABA,2016-04-10,4,2016,OUTRAS ACOES DEFESA SOCIAL,CONSUMADO,1
313420,ITUIUTABA,2016-04-15,4,2016,DANO,CONSUMADO,1
313420,ITUIUTABA,2016-04-15,4,2016,LESAO CORPORAL,CONSUMADO,1
313420,ITUIUTABA,2016-04-16,4,2016,LESAO CORPORAL,CONSUMADO,1
313420,ITUIUTABA,2016-04-16,4,2016,VIAS DE FATO / AGRESSAO,CONSUMADO,1
313420,ITUIUTABA,2016-04-17,4,2016,AMEACA,CONSUMADO,1
313420,ITUIUTABA,2016-04-17,4,2016,EXTORSAO,CONSUMADO,1
313420,ITUIUTABA,2016-04-18,4,2016,AMEACA,CONSUMADO,1
313420,ITUIUTABA,2016-04-18,4,2016,OUTRAS INFRACOES CONTRA DIGNIDADE SEXUAL E A FAMIL,CONSUMADO,2
313420,ITUIUTABA,2016-04-20,4,2016,LESAO CORPORAL,CONSUMADO,2
313420,ITUIUTABA,2016-04-21,4,2016,AMEACA,CONSUMADO,1
313420,ITUIUTABA,2016-04-21,4,2016,LESAO CORPORAL,CONSUMADO,1
313420,ITUIUTABA,2016-04-21,4,2016,OUTRAS INFRACOES CONTRA O PATRIMONIO,CONSUMADO,1
313420,ITUIUTABA,2016-04-21,4,2016,VIAS DE FATO / AGRESSAO,CONSUMADO,2
313420,ITUIUTABA,2016-04-22,4,2016,AMEACA,CONSUMADO,1
313420,ITUIUTABA,2016-04-23,4,2016,AMEACA,CONSUMADO,1
313420,ITUIUTABA,2016-04-23,4,2016,MAUS TRATOS,CONSUMADO,1
313420,ITUIUTABA,2016-04-23,4,2016,VIAS DE FATO / AGRESSAO,CONSUMADO,1
313420,ITUIUTABA,2016-04-25,4,2016,VIAS DE FATO / AGRESSAO,CONSUMADO,1
313420,ITUIUTABA,2016-04-27,4,2016,AMEACA,CONSUMADO,1
313420,ITUIUTABA,2016-04-28,4,2016,DISPARO DE ARMA DE FOGO/ACIONAM DE MUNICAO,CONSUMADO,1
313420,ITUIUTABA,2016-04-29,4,2016,AMEACA,CONSUMADO,1
313420,ITUIUTABA,2016-05-01,5,2016,AMEACA,CONSUMADO,2
313420,ITUIUTABA,2016-05-01,5,2016,LESAO CORPORAL,CONSUMADO,1
313420,ITUIUTABA,2016-05-01,5,2016,VIAS DE FATO / AGRESSAO,CONSUMADO,2
313420,ITUIUTABA,2016-05-02,5,2016,AMEACA,CONSUMADO,1
313420,ITUIUTABA,2016-05-04,5,2016,ESTUPRO DE VULNERAVEL,CONSUMADO,1
313420,ITUIUTABA,2016-05-07,5,2016,AMEACA,CONSUMADO,3
313420,ITUIUTABA,2016-05-07,5,2016,LESAO CORPORAL,CONSUMADO,1
313420,ITUIUTABA,2016-05-08,5,2016,LESAO CORPORAL,CONSUMADO,1
313420,ITUIUTABA,2016-05-08,5,2016,VIAS DE FATO / AGRESSAO,CONSUMADO,2
313420,ITUIUTABA,2016-05-09,5,2016,VIAS DE FATO / AGRESSAO,CONSUMADO,1
313420,ITUIUTABA,2016-05-10,5,2016,ABUSO DE INCAPAZES,CONSUMADO,1
313420,ITUIUTABA,2016-05-10,5,2016,OUTRAS INFRACOES CONTRA DIGNIDADE SEXUAL E A FAMIL,CONSUMADO,1
313420,ITUIUTABA,2016-05-11,5,2016,AMEACA,CONSUMADO,3
313420,ITUIUTABA,2016-05-12,5,2016,LESAO CORPORAL,CONSUMADO,1
313420,ITUIUTABA,2016-05-13,5,2016,LESAO CORPORAL,CONSUMADO,2
313420,ITUIUTABA,2016-05-13,5,2016,MAUS TRATOS,CONSUMADO,1
313420,ITUIUTABA,2016-05-14,5,2016,AMEACA,CONSUMADO,3
313420,ITUIUTABA,2016-05-15,5,2016,AMEACA,CONSUMADO,1
313420,ITUIUTABA,2016-05-15,5,2016,LESAO CORPORAL,CONSUMADO,1
313420,ITUIUTABA,2016-05-19,5,2016,AMEACA,CONSUMADO,1
313420,ITUIUTABA,2016-05-19,5,2016,APROPRIACAO INDEBITA DE COISA ALHEIA MOVEL,CONSUMADO,1
313420,ITUIUTABA,2016-05-19,5,2016,INJURIA,CONSUMADO,1
313420,ITUIUTABA,2016-05-19,5,2016,LESAO CORPORAL,CONSUMADO,1
313420,ITUIUTABA,2016-05-21,5,2016,LESAO CORPORAL,CONSUMADO,1
313420,ITUIUTABA,2016-05-22,5,2016,INJURIA,CONSUMADO,2
313420,ITUIUTABA,2016-05-22,5,2016,LESAO CORPORAL,CONSUMADO,2
313420,ITUIUTABA,2016-05-23,5,2016,AMEACA,CONSUMADO,2
313420,ITUIUTABA,2016-05-23,5,2016,VIAS DE FATO / AGRESSAO,CONSUMADO,1
313420,ITUIUTABA,2016-05-25,5,2016,FURTO,CONSUMADO,1
313420,ITUIUTABA,2016-05-26,5,2016,AMEACA,CONSUMADO,1
313420,ITUIUTABA,2016-05-27,5,2016,AMEACA,CONSUMADO,1
313420,ITUIUTABA,2016-05-28,5,2016,AMEACA,CONSUMADO,2
313420,ITUIUTABA,2016-05-28,5,2016,INCENDIO,CONSUMADO,2
313420,ITUIUTABA,2016-05-29,5,2016,LESAO CORPORAL,CONSUMADO,2
313420,ITUIUTABA,2016-05-30,5,2016,AMEACA,CONSUMADO,1
313420,ITUIUTABA,2016-06-02,6,2016,VIAS DE FATO / AGRESSAO,CONSUMADO,1
313420,ITUIUTABA,2016-06-03,6,2016,AMEACA,CONSUMADO,1
313420,ITUIUTABA,2016-06-04,6,2016,AMEACA,CONSUMADO,2
313420,ITUIUTABA,2016-06-04,6,2016,DANO,CONSUMADO,1
313420,ITUIUTABA,2016-06-05,6,2016,AMEACA,CONSUMADO,1
313420,ITUIUTABA,2016-06-06,6,2016,VIAS DE FATO / AGRESSAO,CONSUMADO,1
313420,ITUIUTABA,2016-06-07,6,2016,VIAS DE FATO / AGRESSAO,CONSUMADO,1
313420,ITUIUTABA,2016-06-08,6,2016,VIAS DE FATO / AGRESSAO,CONSUMADO,1
313420,ITUIUTABA,2016-06-09,6,2016,AMEACA,CONSUMADO,3
313420,ITUIUTABA,2016-06-09,6,2016,VIAS DE FATO / AGRESSAO,CONSUMADO,1
313420,ITUIUTABA,2016-06-10,6,2016,AMEACA,CONSUMADO,1
313420,ITUIUTABA,2016-06-11,6,2016,VIAS DE FATO / AGRESSAO,CONSUMADO,1
313420,ITUIUTABA,2016-06-13,6,2016,AMEACA,CONSUMADO,1
313420,ITUIUTABA,2016-06-13,6,2016,LESAO CORPORAL,CONSUMADO,1
313420,ITUIUTABA,2016-06-14,6,2016,AMEACA,CONSUMADO,1
313420,ITUIUTABA,2016-06-16,6,2016,AMEACA,CONSUMADO,1
313420,ITUIUTABA,2016-06-19,6,2016,LESAO CORPORAL,CONSUMADO,1
313420,ITUIUTABA,2016-06-22,6,2016,ATEND. DENUNCIA INFRACOES CONTRA MULHER(VIOLENCIA,CONSUMADO,1
313420,ITUIUTABA,2016-06-24,6,2016,LESAO CORPORAL,CONSUMADO,1
313420,ITUIUTABA,2016-06-25,6,2016,DESOBEDECE ORDEM JUDICIAL (PERDA/SUS DIREITO),CONSUMADO,1
313420,ITUIUTABA,2016-06-25,6,2016,LESAO CORPORAL,CONSUMADO,1
313420,ITUIUTABA,2016-06-25,6,2016,VIAS DE FATO / AGRESSAO,CONSUMADO,1
313420,ITUIUTABA,2016-07-01,7,2016,FURTO,CONSUMADO,1
313420,ITUIUTABA,2016-07-01,7,2016,LESAO CORPORAL,CONSUMADO,1
313420,ITUIUTABA,2016-07-02,7,2016,AMEACA,CONSUMADO,1
313420,ITUIUTABA,2016-07-03,7,2016,AMEACA,CONSUMADO,1
313420,ITUIUTABA,2016-07-05,7,2016,AMEACA,CONSUMADO,1
313420,ITUIUTABA,2016-07-05,7,2016,OUTROS INFRACOES C/ A PESSOA,CONSUMADO,1
313420,ITUIUTABA,2016-07-06,7,2016,VIAS DE FATO / AGRESSAO,CONSUMADO,1
313420,ITUIUTABA,2016-07-07,7,2016,LESAO CORPORAL,CONSUMADO,1
313420,ITUIUTABA,2016-07-09,7,2016,AMEACA,CONSUMADO,1
313420,ITUIUTABA,2016-07-10,7,2016,AMEACA,CONSUMADO,1
313420,ITUIUTABA,2016-07-10,7,2016,OUTROS INFRACOES C/ A PESSOA,CONSUMADO,1
313420,ITUIUTABA,2016-07-11,7,2016,OUTRAS INFRACOES CONTRA DIGNIDADE SEXUAL E A FAMIL,CONSUMADO,1
313420,ITUIUTABA,2016-07-11,7,2016,VIAS DE FATO / AGRESSAO,CONSUMADO,1
313420,ITUIUTABA,2016-07-12,7,2016,AMEACA,CONSUMADO,1
313420,ITUIUTABA,2016-07-15,7,2016,LESAO CORPORAL,CONSUMADO,1
313420,ITUIUTABA,2016-07-17,7,2016,AMEACA,CONSUMADO,2
313420,ITUIUTABA,2016-07-17,7,2016,VIAS DE FATO / AGRESSAO,CONSUMADO,1
313420,ITUIUTABA,2016-07-18,7,2016,LESAO CORPORAL,CONSUMADO,1
313420,ITUIUTABA,2016-07-18,7,2016,VIAS DE FATO / AGRESSAO,CONSUMADO,1
313420,ITUIUTABA,2016-07-19,7,2016,AMEACA,CONSUMADO,1
313420,ITUIUTABA,2016-07-19,7,2016,LESAO CORPORAL,CONSUMADO,2
313420,ITUIUTABA,2016-07-23,7,2016,LESAO CORPORAL,CONSUMADO,1
313420,ITUIUTABA,2016-07-24,7,2016,AMEACA,CONSUMADO,1
313420,ITUIUTABA,2016-07-24,7,2016,DANO,CONSUMADO,1
313420,ITUIUTABA,2016-07-26,7,2016,ATRITO VERBAL,CONSUMADO,1
313420,ITUIUTABA,2016-07-29,7,2016,AMEACA,CONSUMADO,1
313420,ITUIUTABA,2016-07-30,7,2016,LESAO CORPORAL,CONSUMADO,1
313420,ITUIUTABA,2016-07-31,7,2016,AMEACA,CONSUMADO,1
313420,ITUIUTABA,2016-07-31,7,2016,LESAO CORPORAL,CONSUMADO,1
313420,ITUIUTABA,2016-08-01,8,2016,AMEACA,CONSUMADO,1
313420,ITUIUTABA,2016-08-02,8,2016,AMEACA,CONSUMADO,1
313420,ITUIUTABA,2016-08-02,8,2016,VIAS DE FATO / AGRESSAO,CONSUMADO,1
313420,ITUIUTABA,2016-08-03,8,2016,LESAO CORPORAL,CONSUMADO,1
313420,ITUIUTABA,2016-08-04,8,2016,LESAO CORPORAL,CONSUMADO,1
313420,ITUIUTABA,2016-08-05,8,2016,ESTUPRO DE VULNERAVEL,CONSUMADO,1
313420,ITUIUTABA,2016-08-06,8,2016,DANO,CONSUMADO,1
313420,ITUIUTABA,2016-08-06,8,2016,LESAO CORPORAL,CONSUMADO,1
313420,ITUIUTABA,2016-08-07,8,2016,AMEACA,CONSUMADO,1
313420,ITUIUTABA,2016-08-07,8,2016,DANO,CONSUMADO,1
313420,ITUIUTABA,2016-08-09,8,2016,AMEACA,CONSUMADO,1
313420,ITUIUTABA,2016-08-10,8,2016,AMEACA,CONSUMADO,1
313420,ITUIUTABA,2016-08-12,8,2016,FURTO,CONSUMADO,1
313420,ITUIUTABA,2016-08-13,8,2016,AMEACA,CONSUMADO,1
313420,ITUIUTABA,2016-08-13,8,2016,LESAO CORPORAL,CONSUMADO,2
313420,ITUIUTABA,2016-08-14,8,2016,AMEACA,CONSUMADO,1
313420,ITUIUTABA,2016-08-15,8,2016,LESAO CORPORAL,CONSUMADO,1
313420,ITUIUTABA,2016-08-16,8,2016,LESAO CORPORAL,CONSUMADO,1
313420,ITUIUTABA,2016-08-16,8,2016,OUTRAS INFRACOES DEMAIS LEIS ESPECIAIS,CONSUMADO,1
313420,ITUIUTABA,2016-08-17,8,2016,AMEACA,CONSUMADO,2
313420,ITUIUTABA,2016-08-17,8,2016,FURTO,CONSUMADO,1
313420,ITUIUTABA,2016-08-17,8,2016,LESAO CORPORAL,CONSUMADO,1
313420,ITUIUTABA,2016-08-17,8,2016,VIAS DE FATO / AGRESSAO,CONSUMADO,1
313420,ITUIUTABA,2016-08-19,8,2016,AMEACA,CONSUMADO,1
313420,ITUIUTABA,2016-08-19,8,2016,LESAO CORPORAL,CONSUMADO,1
313420,ITUIUTABA,2016-08-19,8,2016,VIAS DE FATO / AGRESSAO,CONSUMADO,1
313420,ITUIUTABA,2016-08-20,8,2016,AMEACA,CONSUMADO,1
313420,ITUIUTABA,2016-08-20,8,2016,AUTO EXTERMINIO (SUICIDIO),CONSUMADO,1
313420,ITUIUTABA,2016-08-20,8,2016,VIAS DE FATO / AGRESSAO,CONSUMADO,1
313420,ITUIUTABA,2016-08-21,8,2016,AMEACA,CONSUMADO,1
313420,ITUIUTABA,2016-08-21,8,2016,VIAS DE FATO / AGRESSAO,CONSUMADO,1
313420,ITUIUTABA,2016-08-22,8,2016,AMEACA,CONSUMADO,1
313420,ITUIUTABA,2016-08-22,8,2016,LESAO CORPORAL,CONSUMADO,1
313420,ITUIUTABA,2016-08-25,8,2016,AMEACA,CONSUMADO,1
313420,ITUIUTABA,2016-08-25,8,2016,LESAO CORPORAL,CONSUMADO,1
313420,ITUIUTABA,2016-08-27,8,2016,VIAS DE FATO / AGRESSAO,CONSUMADO,1
313420,ITUIUTABA,2016-08-28,8,2016,AMEACA,CONSUMADO,1
313420,ITUIUTABA,2016-08-28,8,2016,FURTO,CONSUMADO,1
313420,ITUIUTABA,2016-08-28,8,2016,LESAO CORPORAL,CONSUMADO,2
313420,ITUIUTABA,2016-08-31,8,2016,AMEACA,CONSUMADO,1
313420,ITUIUTABA,2016-08-31,8,2016,OUTRAS ACOES DEFESA SOCIAL,CONSUMADO,1
313420,ITUIUTABA,2016-08-31,8,2016,OUTRAS INFRACOES CONTRA O PATRIMONIO,CONSUMADO,1
313420,ITUIUTABA,2016-08-31,8,2016,ROUBO,CONSUMADO,1
313420,ITUIUTABA,2016-09-02,9,2016,AMEACA,CONSUMADO,1
313420,ITUIUTABA,2016-09-02,9,2016,LESAO CORPORAL,CONSUMADO,2
313420,ITUIUTABA,2016-09-03,9,2016,AMEACA,CONSUMADO,2
313420,ITUIUTABA,2016-09-03,9,2016,DANO,CONSUMADO,1
313420,ITUIUTABA,2016-09-04,9,2016,DIFAMACAO,CONSUMADO,1
313420,ITUIUTABA,2016-09-05,9,2016,AMEACA,CONSUMADO,1
313420,ITUIUTABA,2016-09-05,9,2016,DANO,TENTADO,1
313420,ITUIUTABA,2016-09-07,9,2016,AMEACA,CONSUMADO,1
313420,ITUIUTABA,2016-09-08,9,2016,AMEACA,CONSUMADO,1
313420,ITUIUTABA,2016-09-10,9,2016,AMEACA,CONSUMADO,2
313420,ITUIUTABA,2016-09-10,9,2016,VIAS DE FATO / AGRESSAO,CONSUMADO,1
313420,ITUIUTABA,2016-09-12,9,2016,LESAO CORPORAL,CONSUMADO,1
313420,ITUIUTABA,2016-09-12,9,2016,VIAS DE FATO / AGRESSAO,CONSUMADO,1
313420,ITUIUTABA,2016-09-13,9,2016,LESAO CORPORAL,CONSUMADO,1
313420,ITUIUTABA,2016-09-15,9,2016,ESTUPRO DE VULNERAVEL,CONSUMADO,1
313420,ITUIUTABA,2016-09-18,9,2016,LESAO CORPORAL,CONSUMADO,1
313420,ITUIUTABA,2016-09-18,9,2016,VIAS DE FATO / AGRESSAO,CONSUMADO,2
313420,ITUIUTABA,2016-09-19,9,2016,AMEACA,CONSUMADO,1
313420,ITUIUTABA,2016-09-19,9,2016,LESAO CORPORAL,CONSUMADO,2
313420,ITUIUTABA,2016-09-21,9,2016,AMEACA,CONSUMADO,1
313420,ITUIUTABA,2016-09-23,9,2016,LESAO CORPORAL,CONSUMADO,1
313420,ITUIUTABA,2016-09-24,9,2016,LESAO CORPORAL,CONSUMADO,1
313420,ITUIUTABA,2016-09-24,9,2016,VIAS DE FATO / AGRESSAO,CONSUMADO,1
313420,ITUIUTABA,2016-09-26,9,2016,AMEACA,CONSUMADO,1
313420,ITUIUTABA,2016-09-30,9,2016,LESAO CORPORAL,CONSUMADO,1
313420,ITUIUTABA,2016-10-01,10,2016,AMEACA,CONSUMADO,2
313420,ITUIUTABA,2016-10-01,10,2016,CUMPRIMENTO DE PRISAO,CONSUMADO,1
313420,ITUIUTABA,2016-10-01,10,2016,DANO,CONSUMADO,1
313420,ITUIUTABA,2016-10-01,10,2016,LESAO CORPORAL,CONSUMADO,2
313420,ITUIUTABA,2016-10-02,10,2016,AMEACA,CONSUMADO,2
313420,ITUIUTABA,2016-10-02,10,2016,VIAS DE FATO / AGRESSAO,CONSUMADO,1
313420,ITUIUTABA,2016-10-04,10,2016,AMEACA,CONSUMADO,1
313420,ITUIUTABA,2016-10-04,10,2016,VIAS DE FATO / AGRESSAO,CONSUMADO,1
313420,ITUIUTABA,2016-10-07,10,2016,AMEACA,CONSUMADO,1
313420,ITUIUTABA,2016-10-07,10,2016,HOMICIDIO,CONSUMADO,1
313420,ITUIUTABA,2016-10-08,10,2016,LESAO CORPORAL,CONSUMADO,1
313420,ITUIUTABA,2016-10-09,10,2016,AMEACA,CONSUMADO,2
313420,ITUIUTABA,2016-10-10,10,2016,AMEACA,CONSUMADO,2
313420,ITUIUTABA,2016-10-10,10,2016,VIAS DE FATO / AGRESSAO,CONSUMADO,1
313420,ITUIUTABA,2016-10-11,10,2016,AMEACA,CONSUMADO,1
313420,ITUIUTABA,2016-10-11,10,2016,TRAFICO ILICITO DE DROGAS,CONSUMADO,1
313420,ITUIUTABA,2016-10-12,10,2016,AMEACA,CONSUMADO,1
313420,ITUIUTABA,2016-10-14,10,2016,AMEACA,CONSUMADO,1
313420,ITUIUTABA,2016-10-15,10,2016,AMEACA,CONSUMADO,1
313420,ITUIUTABA,2016-10-16,10,2016,AMEACA,CONSUMADO,1
313420,ITUIUTABA,2016-10-16,10,2016,OUTROS INFRACOES C/ A PESSOA,CONSUMADO,1
313420,ITUIUTABA,2016-10-16,10,2016,VIAS DE FATO / AGRESSAO,CONSUMADO,1
313420,ITUIUTABA,2016-10-17,10,2016,AMEACA,CONSUMADO,1
313420,ITUIUTABA,2016-10-17,10,2016,LESAO CORPORAL,CONSUMADO,1
313420,ITUIUTABA,2016-10-18,10,2016,VIAS DE FATO / AGRESSAO,CONSUMADO,1
313420,ITUIUTABA,2016-10-19,10,2016,VIAS DE FATO / AGRESSAO,CONSUMADO,1
313420,ITUIUTABA,2016-10-20,10,2016,LESAO CORPORAL,CONSUMADO,1
313420,ITUIUTABA,2016-10-22,10,2016,LESAO CORPORAL,CONSUMADO,1
313420,ITUIUTABA,2016-10-23,10,2016,AMEACA,CONSUMADO,4
313420,ITUIUTABA,2016-10-23,10,2016,DIFAMACAO,CONSUMADO,1
313420,ITUIUTABA,2016-10-24,10,2016,VIAS DE FATO / AGRESSAO,CONSUMADO,2
313420,ITUIUTABA,2016-10-25,10,2016,AMEACA,CONSUMADO,1
313420,ITUIUTABA,2016-10-25,10,2016,VIAS DE FATO / AGRESSAO,CONSUMADO,1
313420,ITUIUTABA,2016-10-26,10,2016,LESAO CORPORAL,CONSUMADO,1
313420,ITUIUTABA,2016-10-27,10,2016,AMEACA,CONSUMADO,2
313420,ITUIUTABA,2016-10-27,10,2016,VIAS DE FATO / AGRESSAO,CONSUMADO,1
313420,ITUIUTABA,2016-10-28,10,2016,AMEACA,CONSUMADO,2
313420,ITUIUTABA,2016-10-30,10,2016,AMEACA,CONSUMADO,2
313420,ITUIUTABA,2016-10-30,10,2016,LESAO CORPORAL,CONSUMADO,1
313420,ITUIUTABA,2016-10-31,10,2016,LESAO CORPORAL,CONSUMADO,1
313420,ITUIUTABA,2016-11-02,11,2016,LESAO CORPORAL,CONSUMADO,1
313420,ITUIUTABA,2016-11-03,11,2016,LESAO CORPORAL,CONSUMADO,1
313420,ITUIUTABA,2016-11-04,11,2016,AMEACA,CONSUMADO,2
313420,ITUIUTABA,2016-11-06,11,2016,AMEACA,CONSUMADO,1
313420,ITUIUTABA,2016-11-06,11,2016,VIAS DE FATO / AGRESSAO,CONSUMADO,1
313420,ITUIUTABA,2016-11-07,11,2016,AMEACA,CONSUMADO,2
313420,ITUIUTABA,2016-11-08,11,2016,LESAO CORPORAL,CONSUMADO,1
313420,ITUIUTABA,2016-11-09,11,2016,AMEACA,CONSUMADO,2
313420,ITUIUTABA,2016-11-09,11,2016,VIAS DE FATO / AGRESSAO,CONSUMADO,1
313420,ITUIUTABA,2016-11-10,11,2016,AMEACA,CONSUMADO,3
313420,ITUIUTABA,2016-11-10,11,2016,LESAO CORPORAL,CONSUMADO,1
313420,ITUIUTABA,2016-11-14,11,2016,AMEACA,CONSUMADO,1
313420,ITUIUTABA,2016-11-14,11,2016,LESAO CORPORAL,CONSUMADO,1
313420,ITUIUTABA,2016-11-14,11,2016,VIAS DE FATO / AGRESSAO,CONSUMADO,1
313420,ITUIUTABA,2016-11-15,11,2016,AMEACA,CONSUMADO,1
313420,ITUIUTABA,2016-11-15,11,2016,VIAS DE FATO / AGRESSAO,CONSUMADO,1
313420,ITUIUTABA,2016-11-16,11,2016,AMEACA,CONSUMADO,2
313420,ITUIUTABA,2016-11-16,11,2016,DESACATO,CONSUMADO,1
313420,ITUIUTABA,2016-11-16,11,2016,LESAO CORPORAL,CONSUMADO,1
313420,ITUIUTABA,2016-11-17,11,2016,AMEACA,CONSUMADO,2
313420,ITUIUTABA,2016-11-18,11,2016,AMEACA,CONSUMADO,1
313420,ITUIUTABA,2016-11-19,11,2016,LESAO CORPORAL,CONSUMADO,1
313420,ITUIUTABA,2016-11-20,11,2016,VIAS DE FATO / AGRESSAO,CONSUMADO,1
313420,ITUIUTABA,2016-11-21,11,2016,AMEACA,CONSUMADO,2
313420,ITUIUTABA,2016-11-21,11,2016,LESAO CORPORAL,CONSUMADO,1
313420,ITUIUTABA,2016-11-22,11,2016,AMEACA,CONSUMADO,1
313420,ITUIUTABA,2016-11-22,11,2016,DANO,CONSUMADO,1
313420,ITUIUTABA,2016-11-23,11,2016,INJURIA,CONSUMADO,1
313420,ITUIUTABA,2016-11-25,11,2016,AMEACA,CONSUMADO,1
313420,ITUIUTABA,2016-11-25,11,2016,LESAO CORPORAL,CONSUMADO,2
313420,ITUIUTABA,2016-11-27,11,2016,LESAO CORPORAL,CONSUMADO,1
313420,ITUIUTABA,2016-11-27,11,2016,VIAS DE FATO / AGRESSAO,CONSUMADO,1
313420,ITUIUTABA,2016-11-28,11,2016,LESAO CORPORAL,CONSUMADO,1
313420,ITUIUTABA,2016-11-30,11,2016,ESTUPRO DE VULNERAVEL,CONSUMADO,1
313420,ITUIUTABA,2016-12-01,12,2016,LESAO CORPORAL,CONSUMADO,1
313420,ITUIUTABA,2016-12-03,12,2016,TRAFICO ILICITO DE DROGAS,CONSUMADO,1
313420,ITUIUTABA,2016-12-03,12,2016,VIAS DE FATO / AGRESSAO,CONSUMADO,1
313420,ITUIUTABA,2016-12-05,12,2016,LESAO CORPORAL,CONSUMADO,1
313420,ITUIUTABA,2016-12-07,12,2016,OUTROS INFRACOES C/ A PESSOA,CONSUMADO,1
313420,ITUIUTABA,2016-12-08,12,2016,ROUBO,CONSUMADO,1
313420,ITUIUTABA,2016-12-08,12,2016,VIAS DE FATO / AGRESSAO,CONSUMADO,1
313420,ITUIUTABA,2016-12-09,12,2016,AMEACA,CONSUMADO,1
313420,ITUIUTABA,2016-12-09,12,2016,VIAS DE FATO / AGRESSAO,CONSUMADO,1
313420,ITUIUTABA,2016-12-11,12,2016,MAUS TRATOS,CONSUMADO,1
313420,ITUIUTABA,2016-12-12,12,2016,AMEACA,CONSUMADO,1
313420,ITUIUTABA,2016-12-12,12,2016,VIAS DE FATO / AGRESSAO,CONSUMADO,1
313420,ITUIUTABA,2016-12-13,12,2016,AMEACA,CONSUMADO,1
313420,ITUIUTABA,2016-12-13,12,2016,COACAO NO CURSO DO PROCESSO,CONSUMADO,1
313420,ITUIUTABA,2016-12-14,12,2016,AMEACA,CONSUMADO,1
313420,ITUIUTABA,2016-12-14,12,2016,LESAO CORPORAL,CONSUMADO,1
313420,ITUIUTABA,2016-12-14,12,2016,VIAS DE FATO / AGRESSAO,CONSUMADO,1
313420,ITUIUTABA,2016-12-15,12,2016,AMEACA,CONSUMADO,1
313420,ITUIUTABA,2016-12-17,12,2016,FURTO,CONSUMADO,1
313420,ITUIUTABA,2016-12-18,12,2016,AMEACA,CONSUMADO,2
313420,ITUIUTABA,2016-12-18,12,2016,VIAS DE FATO / AGRESSAO,CONSUMADO,1
313420,ITUIUTABA,2016-12-19,12,2016,VIAS DE FATO / AGRESSAO,CONSUMADO,1
313420,ITUIUTABA,2016-12-20,12,2016,AMEACA,CONSUMADO,2
313420,ITUIUTABA,2016-12-20,12,2016,CALUNIA,CONSUMADO,1
313420,ITUIUTABA,2016-12-22,12,2016,VIAS DE FATO / AGRESSAO,CONSUMADO,1
313420,ITUIUTABA,2016-12-23,12,2016,DANO,CONSUMADO,1
313420,ITUIUTABA,2016-12-25,12,2016,AMEACA,CONSUMADO,1
313420,ITUIUTABA,2016-12-25,12,2016,FURTO,CONSUMADO,1
313420,ITUIUTABA,2016-12-25,12,2016,VIAS DE FATO / AGRESSAO,CONSUMADO,1
313420,ITUIUTABA,2016-12-26,12,2016,LESAO CORPORAL,CONSUMADO,1
313420,ITUIUTABA,2016-12-26,12,2016,VIAS DE FATO / AGRESSAO,CONSUMADO,1
313420,ITUIUTABA,2016-12-27,12,2016,AMEACA,CONSUMADO,2
313420,ITUIUTABA,2016-12-29,12,2016,LESAO CORPORAL,CONSUMADO,1
313420,ITUIUTABA,2016-12-29,12,2016,OUTROS INFRACOES C/ A PESSOA,CONSUMADO,2
313420,ITUIUTABA,2016-12-31,12,2016,AMEACA,CONSUMADO,1
313420,ITUIUTABA,2016-12-31,12,2016,VIAS DE FATO / AGRESSAO,CONSUMADO,1
313420,ITUIUTABA,2017-01-01,1,2017,AMEACA,CONSUMADO,1
313420,ITUIUTABA,2017-01-02,1,2017,AMEACA,CONSUMADO,1
313420,ITUIUTABA,2017-01-05,1,2017,AMEACA,CONSUMADO,1
313420,ITUIUTABA,2017-01-05,1,2017,LESAO CORPORAL,CONSUMADO,1
313420,ITUIUTABA,2017-01-06,1,2017,MAUS TRATOS,CONSUMADO,2
313420,ITUIUTABA,2017-01-07,1,2017,LESAO CORPORAL,CONSUMADO,1
313420,ITUIUTABA,2017-01-07,1,2017,VIAS DE FATO / AGRESSAO,CONSUMADO,1
313420,ITUIUTABA,2017-01-08,1,2017,OUTRAS ACOES DEFESA SOCIAL,CONSUMADO,1
313420,ITUIUTABA,2017-01-08,1,2017,VIAS DE FATO / AGRESSAO,CONSUMADO,1
313420,ITUIUTABA,2017-01-09,1,2017,AMEACA,CONSUMADO,2
313420,ITUIUTABA,2017-01-09,1,2017,ESTUPRO DE VULNERAVEL,CONSUMADO,1
313420,ITUIUTABA,2017-01-10,1,2017,AMEACA,CONSUMADO,1
313420,ITUIUTABA,2017-01-10,1,2017,FURTO,CONSUMADO,1
313420,ITUIUTABA,2017-01-11,1,2017,AMEACA,CONSUMADO,2
313420,ITUIUTABA,2017-01-12,1,2017,FURTO,CONSUMADO,1
313420,ITUIUTABA,2017-01-14,1,2017,LESAO CORPORAL,CONSUMADO,1
313420,ITUIUTABA,2017-01-14,1,2017,VIAS DE FATO / AGRESSAO,CONSUMADO,1
313420,ITUIUTABA,2017-01-15,1,2017,LESAO CORPORAL,CONSUMADO,1
313420,ITUIUTABA,2017-01-15,1,2017,VIAS DE FATO / AGRESSAO,CONSUMADO,1
313420,ITUIUTABA,2017-01-16,1,2017,OUTROS INFRACOES C/ A PESSOA,CONSUMADO,1
313420,ITUIUTABA,2017-01-17,1,2017,OUTROS INFRACOES C/ A PESSOA,CONSUMADO,1
313420,ITUIUTABA,2017-01-18,1,2017,AMEACA,CONSUMADO,1
313420,ITUIUTABA,2017-01-18,1,2017,MAUS TRATOS,CONSUMADO,1
313420,ITUIUTABA,2017-01-19,1,2017,OUTRAS INFRACOES CONTRA DIGNIDADE SEXUAL E A FAMIL,CONSUMADO,1
313420,ITUIUTABA,2017-01-20,1,2017,VIAS DE FATO / AGRESSAO,CONSUMADO,1
313420,ITUIUTABA,2017-01-21,1,2017,LESAO CORPORAL,CONSUMADO,1
313420,ITUIUTABA,2017-01-22,1,2017,LESAO CORPORAL,CONSUMADO,2
313420,ITUIUTABA,2017-01-23,1,2017,CALUNIA,CONSUMADO,1
313420,ITUIUTABA,2017-01-24,1,2017,AMEACA,CONSUMADO,2
313420,ITUIUTABA,2017-01-24,1,2017,VIAS DE FATO / AGRESSAO,CONSUMADO,1
313420,ITUIUTABA,2017-01-25,1,2017,AMEACA,CONSUMADO,2
313420,ITUIUTABA,2017-01-25,1,2017,DESOBEDECE ORDEM JUDICIAL (PERDA/SUS DIREITO),CONSUMADO,1
313420,ITUIUTABA,2017-01-26,1,2017,AMEACA,CONSUMADO,1
313420,ITUIUTABA,2017-01-26,1,2017,LESAO CORPORAL,CONSUMADO,1
313420,ITUIUTABA,2017-01-26,1,2017,OUTROS INFRACOES C/ A PESSOA,CONSUMADO,1
313420,ITUIUTABA,2017-01-27,1,2017,LESAO CORPORAL,CONSUMADO,1
313420,ITUIUTABA,2017-01-28,1,2017,ATEND. DENUNCIA INFRACOES CONTRA MULHER(VIOLENCIA,CONSUMADO,1
313420,ITUIUTABA,2017-01-28,1,2017,FURTO,CONSUMADO,1
313420,ITUIUTABA,2017-01-28,1,2017,LESAO CORPORAL,CONSUMADO,1
313420,ITUIUTABA,2017-01-30,1,2017,LESAO CORPORAL,CONSUMADO,1
313420,ITUIUTABA,2017-01-31,1,2017,AMEACA,CONSUMADO,1
313420,ITUIUTABA,2017-02-01,2,2017,AMEACA,CONSUMADO,1
313420,ITUIUTABA,2017-02-01,2,2017,VIAS DE FATO / AGRESSAO,CONSUMADO,1
313420,ITUIUTABA,2017-02-02,2,2017,LESAO CORPORAL,CONSUMADO,1
313420,ITUIUTABA,2017-02-03,2,2017,AMEACA,CONSUMADO,1
313420,ITUIUTABA,2017-02-04,2,2017,AMEACA,CONSUMADO,1
313420,ITUIUTABA,2017-02-05,2,2017,VIAS DE FATO / AGRESSAO,CONSUMADO,1
313420,ITUIUTABA,2017-02-06,2,2017,AMEACA,CONSUMADO,3
313420,ITUIUTABA,2017-02-07,2,2017,AMEACA,CONSUMADO,1
313420,ITUIUTABA,2017-02-07,2,2017,LESAO CORPORAL,CONSUMADO,1
313420,ITUIUTABA,2017-02-09,2,2017,FURTO,CONSUMADO,1
313420,ITUIUTABA,2017-02-11,2,2017,LESAO CORPORAL,CONSUMADO,1
313420,ITUIUTABA,2017-02-11,2,2017,VIAS DE FATO / AGRESSAO,CONSUMADO,1
313420,ITUIUTABA,2017-02-12,2,2017,LESAO CORPORAL,CONSUMADO,2
313420,ITUIUTABA,2017-02-12,2,2017,VIAS DE FATO / AGRESSAO,CONSUMADO,1
313420,ITUIUTABA,2017-02-13,2,2017,VIAS DE FATO / AGRESSAO,CONSUMADO,1
313420,ITUIUTABA,2017-02-14,2,2017,AMEACA,CONSUMADO,2
313420,ITUIUTABA,2017-02-14,2,2017,VIAS DE FATO / AGRESSAO,CONSUMADO,1
313420,ITUIUTABA,2017-02-15,2,2017,AMEACA,CONSUMADO,2
313420,ITUIUTABA,2017-02-15,2,2017,VIAS DE FATO / AGRESSAO,CONSUMADO,1
313420,ITUIUTABA,2017-02-19,2,2017,AMEACA,CONSUMADO,1
313420,ITUIUTABA,2017-02-19,2,2017,DANO,CONSUMADO,1
313420,ITUIUTABA,2017-02-19,2,2017,LESAO CORPORAL,CONSUMADO,2
313420,ITUIUTABA,2017-02-19,2,2017,VIAS DE FATO / AGRESSAO,CONSUMADO,1
313420,ITUIUTABA,2017-02-20,2,2017,AMEACA,CONSUMADO,2
313420,ITUIUTABA,2017-02-20,2,2017,LESAO CORPORAL,CONSUMADO,1
313420,ITUIUTABA,2017-02-21,2,2017,AMEACA,CONSUMADO,1
313420,ITUIUTABA,2017-02-22,2,2017,DANO,CONSUMADO,1
313420,ITUIUTABA,2017-02-24,2,2017,AMEACA,CONSUMADO,1
313420,ITUIUTABA,2017-02-25,2,2017,FURTO,CONSUMADO,1
313420,ITUIUTABA,2017-02-26,2,2017,AMEACA,CONSUMADO,2
313420,ITUIUTABA,2017-02-26,2,2017,VIAS DE FATO / AGRESSAO,CONSUMADO,1
313420,ITUIUTABA,2017-02-27,2,2017,AMEACA,CONSUMADO,1
313420,ITUIUTABA,2017-02-27,2,2017,VIAS DE FATO / AGRESSAO,CONSUMADO,1
313420,ITUIUTABA,2017-02-28,2,2017,LESAO CORPORAL,CONSUMADO,1
313420,ITUIUTABA,2017-03-01,3,2017,AMEACA,CONSUMADO,1
313420,ITUIUTABA,2017-03-01,3,2017,VIAS DE FATO / AGRESSAO,CONSUMADO,2
313420,ITUIUTABA,2017-03-02,3,2017,ABANDONO DE INCAPAZ,CONSUMADO,2
313420,ITUIUTABA,2017-03-03,3,2017,LESAO CORPORAL,CONSUMADO,2
313420,ITUIUTABA,2017-03-04,3,2017,AMEACA,CONSUMADO,1
313420,ITUIUTABA,2017-03-04,3,2017,DANO,CONSUMADO,1
313420,ITUIUTABA,2017-03-04,3,2017,MAUS TRATOS,CONSUMADO,1
313420,ITUIUTABA,2017-03-05,3,2017,LESAO CORPORAL,CONSUMADO,1
313420,ITUIUTABA,2017-03-06,3,2017,AMEACA,CONSUMADO,1
313420,ITUIUTABA,2017-03-06,3,2017,VIOLACAO DE DOMICILIO,CONSUMADO,1
313420,ITUIUTABA,2017-03-07,3,2017,AMEACA,CONSUMADO,1
313420,ITUIUTABA,2017-03-07,3,2017,FURTO,CONSUMADO,1
313420,ITUIUTABA,2017-03-07,3,2017,LESAO CORPORAL,CONSUMADO,1
313420,ITUIUTABA,2017-03-07,3,2017,OUTROS INFRACOES C/ A PESSOA,CONSUMADO,1
313420,ITUIUTABA,2017-03-07,3,2017,VIAS DE FATO / AGRESSAO,CONSUMADO,1
313420,ITUIUTABA,2017-03-08,3,2017,AMEACA,CONSUMADO,2
313420,ITUIUTABA,2017-03-09,3,2017,AMEACA,CONSUMADO,1
313420,ITUIUTABA,2017-03-09,3,2017,MAUS TRATOS,CONSUMADO,1
313420,ITUIUTABA,2017-03-11,3,2017,LESAO CORPORAL,CONSUMADO,1
313420,ITUIUTABA,2017-03-12,3,2017,LESAO CORPORAL,CONSUMADO,1
313420,ITUIUTABA,2017-03-13,3,2017,AMEACA,CONSUMADO,4
313420,ITUIUTABA,2017-03-13,3,2017,ESTELIONATO,CONSUMADO,1
313420,ITUIUTABA,2017-03-13,3,2017,ESTUPRO DE VULNERAVEL,CONSUMADO,1
313420,ITUIUTABA,2017-03-13,3,2017,INJURIA,CONSUMADO,1
313420,ITUIUTABA,2017-03-14,3,2017,AMEACA,CONSUMADO,1
313420,ITUIUTABA,2017-03-15,3,2017,AMEACA,CONSUMADO,1
313420,ITUIUTABA,2017-03-15,3,2017,LESAO CORPORAL,CONSUMADO,1
313420,ITUIUTABA,2017-03-16,3,2017,AMEACA,CONSUMADO,1
313420,ITUIUTABA,2017-03-16,3,2017,LESAO CORPORAL,CONSUMADO,1
313420,ITUIUTABA,2017-03-17,3,2017,AMEACA,CONSUMADO,1
313420,ITUIUTABA,2017-03-18,3,2017,AMEACA,CONSUMADO,1
313420,ITUIUTABA,2017-03-18,3,2017,LESAO CORPORAL,CONSUMADO,3
313420,ITUIUTABA,2017-03-19,3,2017,AMEACA,CONSUMADO,1
313420,ITUIUTABA,2017-03-19,3,2017,LESAO CORPORAL,CONSUMADO,1
313420,ITUIUTABA,2017-03-19,3,2017,VIAS DE FATO / AGRESSAO,CONSUMADO,1
313420,ITUIUTABA,2017-03-20,3,2017,LESAO CORPORAL,CONSUMADO,1
313420,ITUIUTABA,2017-03-23,3,2017,LESAO CORPORAL,CONSUMADO,2
313420,ITUIUTABA,2017-03-24,3,2017,LESAO CORPORAL,CONSUMADO,1
313420,ITUIUTABA,2017-03-25,3,2017,LESAO CORPORAL,CONSUMADO,3
313420,ITUIUTABA,2017-03-25,3,2017,VIAS DE FATO / AGRESSAO,CONSUMADO,1
313420,ITUIUTABA,2017-03-26,3,2017,AMEACA,CONSUMADO,1
313420,ITUIUTABA,2017-03-26,3,2017,DANO,CONSUMADO,1
313420,ITUIUTABA,2017-03-26,3,2017,LESAO CORPORAL,CONSUMADO,1
313420,ITUIUTABA,2017-03-27,3,2017,LESAO CORPORAL,CONSUMADO,1
313420,ITUIUTABA,2017-03-30,3,2017,ABUSO DE INCAPAZES,CONSUMADO,1
313420,ITUIUTABA,2017-03-30,3,2017,LESAO CORPORAL,CONSUMADO,1
313420,ITUIUTABA,2017-03-31,3,2017,OUTROS INFRACOES C/ A PESSOA,CONSUMADO,1
313420,ITUIUTABA,2017-03-31,3,2017,VIAS DE FATO / AGRESSAO,CONSUMADO,1
313420,ITUIUTABA,2017-04-01,4,2017,LESAO CORPORAL,CONSUMADO,1
313420,ITUIUTABA,2017-04-02,4,2017,AMEACA,CONSUMADO,1
313420,ITUIUTABA,2017-04-03,4,2017,ESTUPRO,TENTADO,1
313420,ITUIUTABA,2017-04-03,4,2017,VIAS DE FATO / AGRESSAO,CONSUMADO,1
313420,ITUIUTABA,2017-04-04,4,2017,AMEACA,CONSUMADO,1
313420,ITUIUTABA,2017-04-04,4,2017,VIAS DE FATO / AGRESSAO,CONSUMADO,1
313420,ITUIUTABA,2017-04-05,4,2017,AMEACA,TENTADO,1
313420,ITUIUTABA,2017-04-05,4,2017,LESAO CORPORAL,CONSUMADO,1
313420,ITUIUTABA,2017-04-07,4,2017,OUTROS INFRACOES C/ A PESSOA,CONSUMADO,2
313420,ITUIUTABA,2017-04-08,4,2017,DANO,CONSUMADO,1
313420,ITUIUTABA,2017-04-08,4,2017,VIAS DE FATO / AGRESSAO,CONSUMADO,1
313420,ITUIUTABA,2017-04-09,4,2017,AMEACA,CONSUMADO,1
313420,ITUIUTABA,2017-04-09,4,2017,ESTUPRO DE VULNERAVEL,CONSUMADO,1
313420,ITUIUTABA,2017-04-09,4,2017,LESAO CORPORAL,CONSUMADO,2
313420,ITUIUTABA,2017-04-10,4,2017,AMEACA,CONSUMADO,1
313420,ITUIUTABA,2017-04-11,4,2017,AMEACA,CONSUMADO,1
313420,ITUIUTABA,2017-04-15,4,2017,AMEACA,CONSUMADO,1
313420,ITUIUTABA,2017-04-15,4,2017,VIAS DE FATO / AGRESSAO,CONSUMADO,1
313420,ITUIUTABA,2017-04-16,4,2017,FURTO,CONSUMADO,1
313420,ITUIUTABA,2017-04-20,4,2017,AMEACA,CONSUMADO,2
313420,ITUIUTABA,2017-04-20,4,2017,LESAO CORPORAL,CONSUMADO,1
313420,ITUIUTABA,2017-04-22,4,2017,LESAO CORPORAL,CONSUMADO,1
313420,ITUIUTABA,2017-04-26,4,2017,AMEACA,CONSUMADO,1
313420,ITUIUTABA,2017-04-27,4,2017,AMEACA,CONSUMADO,1
313420,ITUIUTABA,2017-04-27,4,2017,OUTRAS ACOES DEFESA SOCIAL,CONSUMADO,1
313420,ITUIUTABA,2017-04-29,4,2017,VIAS DE FATO / AGRESSAO,CONSUMADO,1
313420,ITUIUTABA,2017-05-01,5,2017,AMEACA,CONSUMADO,2
313420,ITUIUTABA,2017-05-02,5,2017,LESAO CORPORAL,CONSUMADO,1
313420,ITUIUTABA,2017-05-03,5,2017,AMEACA,CONSUMADO,1
313420,ITUIUTABA,2017-05-03,5,2017,LESAO CORPORAL,CONSUMADO,1
313420,ITUIUTABA,2017-05-05,5,2017,LESAO CORPORAL,CONSUMADO,1
313420,ITUIUTABA,2017-05-06,5,2017,AMEACA,CONSUMADO,1
313420,ITUIUTABA,2017-05-07,5,2017,LESAO CORPORAL,CONSUMADO,1
313420,ITUIUTABA,2017-05-07,5,2017,VIAS DE FATO / AGRESSAO,CONSUMADO,2
313420,ITUIUTABA,2017-05-08,5,2017,AMEACA,CONSUMADO,2
313420,ITUIUTABA,2017-05-13,5,2017,AMEACA,CONSUMADO,1
313420,ITUIUTABA,2017-05-14,5,2017,AMEACA,CONSUMADO,2
313420,ITUIUTABA,2017-05-14,5,2017,VIOLACAO DE DOMICILIO,CONSUMADO,1
313420,ITUIUTABA,2017-05-15,5,2017,LESAO CORPORAL,CONSUMADO,1
313420,ITUIUTABA,2017-05-16,5,2017,LESAO CORPORAL,CONSUMADO,1
313420,ITUIUTABA,2017-05-17,5,2017,AMEACA,CONSUMADO,2
313420,ITUIUTABA,2017-05-17,5,2017,ASSEDIO SEXUAL,CONSUMADO,1
313420,ITUIUTABA,2017-05-19,5,2017,AMEACA,CONSUMADO,1
313420,ITUIUTABA,2017-05-20,5,2017,ABANDONO DE INCAPAZ,CONSUMADO,2
313420,ITUIUTABA,2017-05-20,5,2017,AMEACA,CONSUMADO,1
313420,ITUIUTABA,2017-05-20,5,2017,LESAO CORPORAL,CONSUMADO,1
313420,ITUIUTABA,2017-05-20,5,2017,VIAS DE FATO / AGRESSAO,CONSUMADO,2
313420,ITUIUTABA,2017-05-21,5,2017,LESAO CORPORAL,CONSUMADO,3
313420,ITUIUTABA,2017-05-23,5,2017,AMEACA,CONSUMADO,2
313420,ITUIUTABA,2017-05-24,5,2017,VIAS DE FATO / AGRESSAO,CONSUMADO,1
313420,ITUIUTABA,2017-05-25,5,2017,AMEACA,CONSUMADO,1
313420,ITUIUTABA,2017-05-26,5,2017,AMEACA,CONSUMADO,1
313420,ITUIUTABA,2017-05-26,5,2017,LESAO CORPORAL,CONSUMADO,1
313420,ITUIUTABA,2017-05-27,5,2017,DIFAMACAO,CONSUMADO,1
313420,ITUIUTABA,2017-05-29,5,2017,VIAS DE FATO / AGRESSAO,CONSUMADO,1
313420,ITUIUTABA,2017-05-31,5,2017,VIAS DE FATO / AGRESSAO,CONSUMADO,1
313420,ITUIUTABA,2017-06-02,6,2017,AMEACA,CONSUMADO,1
313420,ITUIUTABA,2017-06-02,6,2017,LESAO CORPORAL,CONSUMADO,1
313420,ITUIUTABA,2017-06-03,6,2017,AMEACA,CONSUMADO,1
313420,ITUIUTABA,2017-06-03,6,2017,LESAO CORPORAL,CONSUMADO,1
313420,ITUIUTABA,2017-06-03,6,2017,VIAS DE FATO / AGRESSAO,CONSUMADO,1
313420,ITUIUTABA,2017-06-04,6,2017,AMEACA,CONSUMADO,1
313420,ITUIUTABA,2017-06-04,6,2017,FURTO,CONSUMADO,1
313420,ITUIUTABA,2017-06-05,6,2017,AMEACA,CONSUMADO,2
313420,ITUIUTABA,2017-06-07,6,2017,VIAS DE FATO / AGRESSAO,CONSUMADO,3
313420,ITUIUTABA,2017-06-08,6,2017,LESAO CORPORAL,CONSUMADO,1
313420,ITUIUTABA,2017-06-11,6,2017,AMEACA,CONSUMADO,2
313420,ITUIUTABA,2017-06-11,6,2017,VIAS DE FATO / AGRESSAO,CONSUMADO,1
313420,ITUIUTABA,2017-06-13,6,2017,AMEACA,CONSUMADO,1
313420,ITUIUTABA,2017-06-13,6,2017,FURTO,CONSUMADO,1
313420,ITUIUTABA,2017-06-13,6,2017,OUTRAS ACOES DEFESA SOCIAL,CONSUMADO,1
313420,ITUIUTABA,2017-06-13,6,2017,VIAS DE FATO / AGRESSAO,CONSUMADO,1
313420,ITUIUTABA,2017-06-15,6,2017,AMEACA,CONSUMADO,1
313420,ITUIUTABA,2017-06-15,6,2017,LESAO CORPORAL,CONSUMADO,1
313420,ITUIUTABA,2017-06-15,6,2017,VIAS DE FATO / AGRESSAO,CONSUMADO,1
313420,ITUIUTABA,2017-06-19,6,2017,FURTO,CONSUMADO,1
313420,ITUIUTABA,2017-06-19,6,2017,VIAS DE FATO / AGRESSAO,CONSUMADO,1
313420,ITUIUTABA,2017-06-22,6,2017,AMEACA,CONSUMADO,1
313420,ITUIUTABA,2017-06-24,6,2017,AMEACA,CONSUMADO,1
313420,ITUIUTABA,2017-06-24,6,2017,LESAO CORPORAL,CONSUMADO,2
313420,ITUIUTABA,2017-06-25,6,2017,AMEACA,CONSUMADO,1
313420,ITUIUTABA,2017-06-25,6,2017,FURTO,CONSUMADO,1
313420,ITUIUTABA,2017-06-25,6,2017,LESAO CORPORAL,CONSUMADO,1
313420,ITUIUTABA,2017-06-26,6,2017,AMEACA,CONSUMADO,1
313420,ITUIUTABA,2017-06-27,6,2017,AMEACA,CONSUMADO,1
313420,ITUIUTABA,2017-06-28,6,2017,DANO,CONSUMADO,1
313420,ITUIUTABA,2017-06-29,6,2017,AMEACA,CONSUMADO,1
313420,ITUIUTABA,2017-06-30,6,2017,LESAO CORPORAL,CONSUMADO,1
313420,ITUIUTABA,2017-06-30,6,2017,TRAFICO ILICITO DE DROGAS,CONSUMADO,1
313420,ITUIUTABA,2017-07-01,7,2017,ATEND. DENUNCIA INFRACOES CONTRA MULHER(VIOLENCIA,CONSUMADO,1
313420,ITUIUTABA,2017-07-01,7,2017,LESAO CORPORAL,CONSUMADO,2
313420,ITUIUTABA,2017-07-04,7,2017,OUTROS INFRACOES C/ A PESSOA,CONSUMADO,1
313420,ITUIUTABA,2017-07-05,7,2017,AMEACA,CONSUMADO,1
313420,ITUIUTABA,2017-07-06,7,2017,AMEACA,CONSUMADO,1
313420,ITUIUTABA,2017-07-06,7,2017,VIAS DE FATO / AGRESSAO,CONSUMADO,2
313420,ITUIUTABA,2017-07-07,7,2017,LESAO CORPORAL,CONSUMADO,1
313420,ITUIUTABA,2017-07-08,7,2017,AMEACA,CONSUMADO,1
313420,ITUIUTABA,2017-07-09,7,2017,AMEACA,CONSUMADO,1
313420,ITUIUTABA,2017-07-09,7,2017,FURTO,CONSUMADO,2
313420,ITUIUTABA,2017-07-09,7,2017,LESAO CORPORAL,CONSUMADO,1
313420,ITUIUTABA,2017-07-10,7,2017,ESTUPRO,CONSUMADO,1
313420,ITUIUTABA,2017-07-11,7,2017,AMEACA,CONSUMADO,1
313420,ITUIUTABA,2017-07-12,7,2017,AMEACA,CONSUMADO,1
313420,ITUIUTABA,2017-07-13,7,2017,AMEACA,CONSUMADO,1
313420,ITUIUTABA,2017-07-13,7,2017,OUTROS INFRACOES C/ A PESSOA,CONSUMADO,2
313420,ITUIUTABA,2017-07-15,7,2017,AMEACA,CONSUMADO,1
313420,ITUIUTABA,2017-07-15,7,2017,VIAS DE FATO / AGRESSAO,CONSUMADO,2
313420,ITUIUTABA,2017-07-16,7,2017,OUTRAS INFRACOES CONTRA DIGNIDADE SEXUAL E A FAMIL,CONSUMADO,1
313420,ITUIUTABA,2017-07-16,7,2017,VIAS DE FATO / AGRESSAO,CONSUMADO,1
313420,ITUIUTABA,2017-07-17,7,2017,AMEACA,CONSUMADO,1
313420,ITUIUTABA,2017-07-17,7,2017,VIAS DE FATO / AGRESSAO,CONSUMADO,2
313420,ITUIUTABA,2017-07-18,7,2017,AMEACA,CONSUMADO,2
313420,ITUIUTABA,2017-07-19,7,2017,VIAS DE FATO / AGRESSAO,CONSUMADO,1
313420,ITUIUTABA,2017-07-20,7,2017,ABANDONO DE INCAPAZ,CONSUMADO,1
313420,ITUIUTABA,2017-07-20,7,2017,AMEACA,CONSUMADO,1
313420,ITUIUTABA,2017-07-20,7,2017,LESAO CORPORAL,CONSUMADO,1
313420,ITUIUTABA,2017-07-21,7,2017,OUTROS INFRACOES C/ A PESSOA,CONSUMADO,1
313420,ITUIUTABA,2017-07-23,7,2017,LESAO CORPORAL,CONSUMADO,2
313420,ITUIUTABA,2017-07-24,7,2017,AMEACA,CONSUMADO,1
313420,ITUIUTABA,2017-07-26,7,2017,VIAS DE FATO / AGRESSAO,CONSUMADO,1
313420,ITUIUTABA,2017-07-27,7,2017,LESAO CORPORAL,CONSUMADO,1
313420,ITUIUTABA,2017-07-28,7,2017,AMEACA,CONSUMADO,2
313420,ITUIUTABA,2017-07-29,7,2017,LESAO CORPORAL,CONSUMADO,1
313420,ITUIUTABA,2017-07-30,7,2017,AMEACA,CONSUMADO,1
313420,ITUIUTABA,2017-07-30,7,2017,LESAO CORPORAL,CONSUMADO,1
313420,ITUIUTABA,2017-07-31,7,2017,AMEACA,CONSUMADO,5
313420,ITUIUTABA,2017-07-31,7,2017,FURTO,CONSUMADO,1
313420,ITUIUTABA,2017-08-01,8,2017,AMEACA,CONSUMADO,1
313420,ITUIUTABA,2017-08-01,8,2017,LESAO CORPORAL,CONSUMADO,1
313420,ITUIUTABA,2017-08-02,8,2017,AMEACA,CONSUMADO,1
313420,ITUIUTABA,2017-08-02,8,2017,ESTUPRO DE VULNERAVEL,CONSUMADO,1
313420,ITUIUTABA,2017-08-02,8,2017,LESAO CORPORAL,CONSUMADO,1
313420,ITUIUTABA,2017-08-03,8,2017,LESAO CORPORAL,CONSUMADO,1
313420,ITUIUTABA,2017-08-03,8,2017,VIAS DE FATO / AGRESSAO,CONSUMADO,1
313420,ITUIUTABA,2017-08-04,8,2017,AMEACA,CONSUMADO,1
313420,ITUIUTABA,2017-08-06,8,2017,LESAO CORPORAL,CONSUMADO,1
313420,ITUIUTABA,2017-08-08,8,2017,AMEACA,CONSUMADO,1
313420,ITUIUTABA,2017-08-08,8,2017,FURTO,CONSUMADO,1
313420,ITUIUTABA,2017-08-10,8,2017,AMEACA,CONSUMADO,1
313420,ITUIUTABA,2017-08-10,8,2017,LESAO CORPORAL,CONSUMADO,1
313420,ITUIUTABA,2017-08-12,8,2017,AMEACA,CONSUMADO,1
313420,ITUIUTABA,2017-08-12,8,2017,LESAO CORPORAL,CONSUMADO,1
313420,ITUIUTABA,2017-08-12,8,2017,VIAS DE FATO / AGRESSAO,CONSUMADO,1
313420,ITUIUTABA,2017-08-13,8,2017,AMEACA,CONSUMADO,2
313420,ITUIUTABA,2017-08-13,8,2017,VIAS DE FATO / AGRESSAO,CONSUMADO,1
313420,ITUIUTABA,2017-08-14,8,2017,LESAO CORPORAL,CONSUMADO,1
313420,ITUIUTABA,2017-08-17,8,2017,AMEACA,CONSUMADO,1
313420,ITUIUTABA,2017-08-18,8,2017,ABANDONO DE INCAPAZ,CONSUMADO,1
313420,ITUIUTABA,2017-08-18,8,2017,AMEACA,CONSUMADO,1
313420,ITUIUTABA,2017-08-18,8,2017,VIAS DE FATO / AGRESSAO,CONSUMADO,1
313420,ITUIUTABA,2017-08-19,8,2017,AMEACA,CONSUMADO,1
313420,ITUIUTABA,2017-08-22,8,2017,AMEACA,CONSUMADO,1
313420,ITUIUTABA,2017-08-22,8,2017,VIAS DE FATO / AGRESSAO,CONSUMADO,1
313420,ITUIUTABA,2017-08-23,8,2017,AMEACA,CONSUMADO,2
313420,ITUIUTABA,2017-08-23,8,2017,LESAO CORPORAL,CONSUMADO,2
313420,ITUIUTABA,2017-08-24,8,2017,LESAO CORPORAL,CONSUMADO,1
313420,ITUIUTABA,2017-08-25,8,2017,AMEACA,CONSUMADO,1
313420,ITUIUTABA,2017-08-25,8,2017,LESAO CORPORAL,CONSUMADO,1
313420,ITUIUTABA,2017-08-27,8,2017,AMEACA,CONSUMADO,2
313420,ITUIUTABA,2017-08-28,8,2017,AMEACA,CONSUMADO,1
313420,ITUIUTABA,2017-08-28,8,2017,LESAO CORPORAL,CONSUMADO,2
313420,ITUIUTABA,2017-08-28,8,2017,VIAS DE FATO / AGRESSAO,CONSUMADO,2
313420,ITUIUTABA,2017-09-01,9,2017,VIAS DE FATO / AGRESSAO,CONSUMADO,1
313420,ITUIUTABA,2017-09-02,9,2017,AMEACA,CONSUMADO,1
313420,ITUIUTABA,2017-09-03,9,2017,AMEACA,CONSUMADO,1
313420,ITUIUTABA,2017-09-03,9,2017,VIAS DE FATO / AGRESSAO,CONSUMADO,2
313420,ITUIUTABA,2017-09-04,9,2017,LESAO CORPORAL,CONSUMADO,1
313420,ITUIUTABA,2017-09-04,9,2017,VIAS DE FATO / AGRESSAO,CONSUMADO,1
313420,ITUIUTABA,2017-09-05,9,2017,LESAO CORPORAL,CONSUMADO,1
313420,ITUIUTABA,2017-09-05,9,2017,VIAS DE FATO / AGRESSAO,CONSUMADO,1
313420,ITUIUTABA,2017-09-07,9,2017,AMEACA,CONSUMADO,1
313420,ITUIUTABA,2017-09-08,9,2017,ESTUPRO,CONSUMADO,1
313420,ITUIUTABA,2017-09-08,9,2017,LESAO CORPORAL,CONSUMADO,1
313420,ITUIUTABA,2017-09-09,9,2017,AMEACA,CONSUMADO,1
313420,ITUIUTABA,2017-09-09,9,2017,LESAO CORPORAL,CONSUMADO,1
313420,ITUIUTABA,2017-09-09,9,2017,VIOLACAO DE DOMICILIO,CONSUMADO,1
313420,ITUIUTABA,2017-09-10,9,2017,AMEACA,CONSUMADO,1
313420,ITUIUTABA,2017-09-10,9,2017,DANO,CONSUMADO,1
313420,ITUIUTABA,2017-09-11,9,2017,OUTRAS INFRACOES CONTRA DIGNIDADE SEXUAL E A FAMIL,CONSUMADO,2
313420,ITUIUTABA,2017-09-11,9,2017,VIAS DE FATO / AGRESSAO,CONSUMADO,1
313420,ITUIUTABA,2017-09-12,9,2017,LESAO CORPORAL,CONSUMADO,1
313420,ITUIUTABA,2017-09-13,9,2017,AMEACA,CONSUMADO,1
313420,ITUIUTABA,2017-09-15,9,2017,AMEACA,CONSUMADO,3
313420,ITUIUTABA,2017-09-17,9,2017,AMEACA,CONSUMADO,1
313420,ITUIUTABA,2017-09-17,9,2017,LESAO CORPORAL,CONSUMADO,1
313420,ITUIUTABA,2017-09-17,9,2017,VIAS DE FATO / AGRESSAO,CONSUMADO,2
313420,ITUIUTABA,2017-09-18,9,2017,AMEACA,CONSUMADO,1
313420,ITUIUTABA,2017-09-19,9,2017,AMEACA,CONSUMADO,2
313420,ITUIUTABA,2017-09-19,9,2017,LESAO CORPORAL,CONSUMADO,2
313420,ITUIUTABA,2017-09-23,9,2017,AMEACA,CONSUMADO,3
313420,ITUIUTABA,2017-09-23,9,2017,LESAO CORPORAL,CONSUMADO,1
313420,ITUIUTABA,2017-09-25,9,2017,AMEACA,CONSUMADO,1
313420,ITUIUTABA,2017-09-25,9,2017,OUTRAS ACOES DEFESA SOCIAL,CONSUMADO,1
313420,ITUIUTABA,2017-09-25,9,2017,OUTRAS INFRACOES CONTRA DIGNIDADE SEXUAL E A FAMIL,CONSUMADO,1
313420,ITUIUTABA,2017-09-25,9,2017,OUTROS INFRACOES C/ A PESSOA,CONSUMADO,1
313420,ITUIUTABA,2017-09-26,9,2017,AMEACA,CONSUMADO,1
313420,ITUIUTABA,2017-09-26,9,2017,LESAO CORPORAL,CONSUMADO,1
313420,ITUIUTABA,2017-09-28,9,2017,ESTUPRO DE VULNERAVEL,CONSUMADO,1
313420,ITUIUTABA,2017-09-29,9,2017,ESTELIONATO,CONSUMADO,1
313420,ITUIUTABA,2017-09-30,9,2017,AMEACA,CONSUMADO,1
313420,ITUIUTABA,2017-10-01,10,2017,AMEACA,CONSUMADO,1
313420,ITUIUTABA,2017-10-01,10,2017,OUTROS INFRACOES C/ A PESSOA,CONSUMADO,1
313420,ITUIUTABA,2017-10-02,10,2017,LESAO CORPORAL,CONSUMADO,1
313420,ITUIUTABA,2017-10-05,10,2017,LESAO CORPORAL,CONSUMADO,1
313420,ITUIUTABA,2017-10-05,10,2017,VIAS DE FATO / AGRESSAO,CONSUMADO,1
313420,ITUIUTABA,2017-10-06,10,2017,LESAO CORPORAL,CONSUMADO,1
313420,ITUIUTABA,2017-10-07,10,2017,LESAO CORPORAL,CONSUMADO,1
313420,ITUIUTABA,2017-10-08,10,2017,LESAO CORPORAL,CONSUMADO,1
313420,ITUIUTABA,2017-10-08,10,2017,VIAS DE FATO / AGRESSAO,CONSUMADO,2
313420,ITUIUTABA,2017-10-09,10,2017,AMEACA,CONSUMADO,1
313420,ITUIUTABA,2017-10-09,10,2017,LESAO CORPORAL,CONSUMADO,2
313420,ITUIUTABA,2017-10-10,10,2017,VIAS DE FATO / AGRESSAO,CONSUMADO,1
313420,ITUIUTABA,2017-10-11,10,2017,AMEACA,CONSUMADO,1
313420,ITUIUTABA,2017-10-11,10,2017,LESAO CORPORAL,CONSUMADO,2
313420,ITUIUTABA,2017-10-12,10,2017,LESAO CORPORAL,CONSUMADO,3
313420,ITUIUTABA,2017-10-12,10,2017,VIAS DE FATO / AGRESSAO,CONSUMADO,1
313420,ITUIUTABA,2017-10-13,10,2017,AMEACA,CONSUMADO,1
313420,ITUIUTABA,2017-10-13,10,2017,LESAO CORPORAL,CONSUMADO,1
313420,ITUIUTABA,2017-10-13,10,2017,PERTURBACAO DA TRANQUILIDADE,CONSUMADO,1
313420,ITUIUTABA,2017-10-13,10,2017,VIAS DE FATO / AGRESSAO,CONSUMADO,1
313420,ITUIUTABA,2017-10-15,10,2017,AMEACA,CONSUMADO,1
313420,ITUIUTABA,2017-10-15,10,2017,VIAS DE FATO / AGRESSAO,CONSUMADO,1
313420,ITUIUTABA,2017-10-16,10,2017,AMEACA,CONSUMADO,1
313420,ITUIUTABA,2017-10-17,10,2017,AMEACA,CONSUMADO,1
313420,ITUIUTABA,2017-10-17,10,2017,LESAO CORPORAL,CONSUMADO,1
313420,ITUIUTABA,2017-10-19,10,2017,AMEACA,CONSUMADO,2
313420,ITUIUTABA,2017-10-19,10,2017,OUTROS INFRACOES C/ A PESSOA,CONSUMADO,1
313420,ITUIUTABA,2017-10-20,10,2017,AMEACA,CONSUMADO,2
313420,ITUIUTABA,2017-10-21,10,2017,LESAO CORPORAL,CONSUMADO,2
313420,ITUIUTABA,2017-10-21,10,2017,VIAS DE FATO / AGRESSAO,CONSUMADO,1
313420,ITUIUTABA,2017-10-22,10,2017,AMEACA,CONSUMADO,1
313420,ITUIUTABA,2017-10-22,10,2017,LESAO CORPORAL,CONSUMADO,1
313420,ITUIUTABA,2017-10-22,10,2017,OUTROS INFRACOES C/ A PESSOA,CONSUMADO,1
313420,ITUIUTABA,2017-10-22,10,2017,VIAS DE FATO / AGRESSAO,CONSUMADO,1
313420,ITUIUTABA,2017-10-23,10,2017,AMEACA,CONSUMADO,1
313420,ITUIUTABA,2017-10-24,10,2017,AMEACA,CONSUMADO,1
313420,ITUIUTABA,2017-10-25,10,2017,INJURIA,CONSUMADO,1
313420,ITUIUTABA,2017-10-26,10,2017,AMEACA,CONSUMADO,1
313420,ITUIUTABA,2017-10-28,10,2017,AMEACA,CONSUMADO,1
313420,ITUIUTABA,2017-10-28,10,2017,ESTUPRO DE VULNERAVEL,CONSUMADO,1
313420,ITUIUTABA,2017-10-29,10,2017,ABANDONO DE INCAPAZ,CONSUMADO,1
313420,ITUIUTABA,2017-10-30,10,2017,AMEACA,CONSUMADO,2
313420,ITUIUTABA,2017-10-31,10,2017,AMEACA,CONSUMADO,1
313420,ITUIUTABA,2017-11-01,11,2017,LESAO CORPORAL,CONSUMADO,4
313420,ITUIUTABA,2017-11-01,11,2017,VIAS DE FATO / AGRESSAO,CONSUMADO,1
313420,ITUIUTABA,2017-11-03,11,2017,AMEACA,CONSUMADO,1
313420,ITUIUTABA,2017-11-03,11,2017,LESAO CORPORAL,CONSUMADO,2
313420,ITUIUTABA,2017-11-04,11,2017,LESAO CORPORAL,CONSUMADO,1
313420,ITUIUTABA,2017-11-04,11,2017,OUTRAS INFRACOES CONTRA DIGNIDADE SEXUAL E A FAMIL,CONSUMADO,1
313420,ITUIUTABA,2017-11-04,11,2017,VIAS DE FATO / AGRESSAO,CONSUMADO,1
313420,ITUIUTABA,2017-11-05,11,2017,FURTO,CONSUMADO,1
313420,ITUIUTABA,2017-11-06,11,2017,AMEACA,CONSUMADO,1
313420,ITUIUTABA,2017-11-08,11,2017,LESAO CORPORAL,CONSUMADO,1
313420,ITUIUTABA,2017-11-09,11,2017,AMEACA,CONSUMADO,2
313420,ITUIUTABA,2017-11-09,11,2017,LESAO CORPORAL,CONSUMADO,1
313420,ITUIUTABA,2017-11-09,11,2017,VIAS DE FATO / AGRESSAO,CONSUMADO,2
313420,ITUIUTABA,2017-11-10,11,2017,AMEACA,CONSUMADO,1
313420,ITUIUTABA,2017-11-11,11,2017,AMEACA,CONSUMADO,1
313420,ITUIUTABA,2017-11-11,11,2017,LESAO CORPORAL,CONSUMADO,1
313420,ITUIUTABA,2017-11-12,11,2017,AMEACA,CONSUMADO,1
313420,ITUIUTABA,2017-11-12,11,2017,LESAO CORPORAL,CONSUMADO,1
313420,ITUIUTABA,2017-11-13,11,2017,AMEACA,CONSUMADO,2
313420,ITUIUTABA,2017-11-13,11,2017,DIFAMACAO,CONSUMADO,1
313420,ITUIUTABA,2017-11-14,11,2017,POSSE ILEGAL ARMA DE FOGO/ACESSÓRIO/MUNIÇÃO DE USO,CONSUMADO,1
313420,ITUIUTABA,2017-11-14,11,2017,VIAS DE FATO / AGRESSAO,CONSUMADO,1
313420,ITUIUTABA,2017-11-15,11,2017,AMEACA,CONSUMADO,2
313420,ITUIUTABA,2017-11-17,11,2017,LESAO CORPORAL,CONSUMADO,1
313420,ITUIUTABA,2017-11-17,11,2017,VIAS DE FATO / AGRESSAO,CONSUMADO,1
313420,ITUIUTABA,2017-11-19,11,2017,AMEACA,CONSUMADO,1
313420,ITUIUTABA,2017-11-19,11,2017,LESAO CORPORAL,CONSUMADO,1
313420,ITUIUTABA,2017-11-21,11,2017,ACIDENTE DE TRANSITO COM VITIMA,CONSUMADO,1
313420,ITUIUTABA,2017-11-21,11,2017,OUTRAS INFRACOES CONTRA DIGNIDADE SEXUAL E A FAMIL,CONSUMADO,1
313420,ITUIUTABA,2017-11-22,11,2017,AMEACA,CONSUMADO,1
313420,ITUIUTABA,2017-11-22,11,2017,LESAO CORPORAL,CONSUMADO,2
313420,ITUIUTABA,2017-11-22,11,2017,VIAS DE FATO / AGRESSAO,CONSUMADO,1
313420,ITUIUTABA,2017-11-23,11,2017,AMEACA,CONSUMADO,1
313420,ITUIUTABA,2017-11-23,11,2017,FURTO,CONSUMADO,1
313420,ITUIUTABA,2017-11-23,11,2017,LESAO CORPORAL,CONSUMADO,1
313420,ITUIUTABA,2017-11-24,11,2017,OUTROS INFRACOES C/ A PESSOA,CONSUMADO,1
313420,ITUIUTABA,2017-11-25,11,2017,LESAO CORPORAL,CONSUMADO,5
313420,ITUIUTABA,2017-11-26,11,2017,ESTUPRO DE VULNERAVEL,CONSUMADO,1
313420,ITUIUTABA,2017-11-27,11,2017,AMEACA,CONSUMADO,1
313420,ITUIUTABA,2017-11-28,11,2017,AMEACA,CONSUMADO,1
313420,ITUIUTABA,2017-11-29,11,2017,AMEACA,CONSUMADO,2
313420,ITUIUTABA,2017-11-30,11,2017,AMEACA,CONSUMADO,1
313420,ITUIUTABA,2017-11-30,11,2017,VIAS DE FATO / AGRESSAO,CONSUMADO,1
313420,ITUIUTABA,2017-12-02,12,2017,LESAO CORPORAL,CONSUMADO,2
313420,ITUIUTABA,2017-12-03,12,2017,LESAO CORPORAL,CONSUMADO,1
313420,ITUIUTABA,2017-12-03,12,2017,VIAS DE FATO / AGRESSAO,CONSUMADO,1
313420,ITUIUTABA,2017-12-04,12,2017,AMEACA,CONSUMADO,3
313420,ITUIUTABA,2017-12-04,12,2017,LESAO CORPORAL,CONSUMADO,1
313420,ITUIUTABA,2017-12-04,12,2017,VIAS DE FATO / AGRESSAO,CONSUMADO,1
313420,ITUIUTABA,2017-12-05,12,2017,LESAO CORPORAL,CONSUMADO,1
313420,ITUIUTABA,2017-12-06,12,2017,LESAO CORPORAL,CONSUMADO,1
313420,ITUIUTABA,2017-12-07,12,2017,PERTURBACAO DA TRANQUILIDADE,CONSUMADO,1
313420,ITUIUTABA,2017-12-08,12,2017,AMEACA,CONSUMADO,3
313420,ITUIUTABA,2017-12-09,12,2017,DANO,CONSUMADO,1
313420,ITUIUTABA,2017-12-09,12,2017,VIAS DE FATO / AGRESSAO,CONSUMADO,1
313420,ITUIUTABA,2017-12-11,12,2017,PERTURBACAO DA TRANQUILIDADE,CONSUMADO,1
313420,ITUIUTABA,2017-12-11,12,2017,VIAS DE FATO / AGRESSAO,CONSUMADO,1
313420,ITUIUTABA,2017-12-12,12,2017,LESAO CORPORAL,CONSUMADO,1
313420,ITUIUTABA,2017-12-13,12,2017,AMEACA,CONSUMADO,2
313420,ITUIUTABA,2017-12-14,12,2017,AMEACA,CONSUMADO,1
313420,ITUIUTABA,2017-12-15,12,2017,LESAO CORPORAL,CONSUMADO,1
313420,ITUIUTABA,2017-12-17,12,2017,LESAO CORPORAL,CONSUMADO,1
313420,ITUIUTABA,2017-12-18,12,2017,AMEACA,CONSUMADO,1
313420,ITUIUTABA,2017-12-18,12,2017,VIAS DE FATO / AGRESSAO,CONSUMADO,2
313420,ITUIUTABA,2017-12-20,12,2017,VIAS DE FATO / AGRESSAO,CONSUMADO,1
313420,ITUIUTABA,2017-12-23,12,2017,AMEACA,CONSUMADO,1
313420,ITUIUTABA,2017-12-23,12,2017,VIAS DE FATO / AGRESSAO,CONSUMADO,2
313420,ITUIUTABA,2017-12-24,12,2017,VIAS DE FATO / AGRESSAO,CONSUMADO,1
313420,ITUIUTABA,2017-12-25,12,2017,APROPRIACAO INDEBITA DE COISA ALHEIA MOVEL,CONSUMADO,1
313420,ITUIUTABA,2017-12-26,12,2017,AMEACA,CONSUMADO,2
313420,ITUIUTABA,2017-12-26,12,2017,VIAS DE FATO / AGRESSAO,CONSUMADO,1
313420,ITUIUTABA,2017-12-28,12,2017,LESAO CORPORAL,CONSUMADO,1
313420,ITUIUTABA,2017-12-29,12,2017,LESAO CORPORAL,CONSUMADO,1
313420,ITUIUTABA,2017-12-29,12,2017,VIAS DE FATO / AGRESSAO,CONSUMADO,1
313420,ITUIUTABA,2017-12-30,12,2017,AMEACA,CONSUMADO,1
313420,ITUIUTABA,2017-12-30,12,2017,LESAO CORPORAL,CONSUMADO,1
313420,ITUIUTABA,2018-01-01,1,2018,AMEACA,CONSUMADO,1
313420,ITUIUTABA,2018-01-01,1,2018,VIAS DE FATO / AGRESSAO,CONSUMADO,1
313420,ITUIUTABA,2018-01-02,1,2018,AMEACA,CONSUMADO,1
313420,ITUIUTABA,2018-01-02,1,2018,LESAO CORPORAL,CONSUMADO,1
313420,ITUIUTABA,2018-01-02,1,2018,OUTRAS ACOES DEFESA SOCIAL,CONSUMADO,1
313420,ITUIUTABA,2018-01-03,1,2018,AMEACA,CONSUMADO,1
313420,ITUIUTABA,2018-01-04,1,2018,ESTELIONATO,TENTADO,1
313420,ITUIUTABA,2018-01-05,1,2018,AMEACA,CONSUMADO,1
313420,ITUIUTABA,2018-01-06,1,2018,LESAO CORPORAL,CONSUMADO,1
313420,ITUIUTABA,2018-01-07,1,2018,LESAO CORPORAL,CONSUMADO,1
313420,ITUIUTABA,2018-01-08,1,2018,LESAO CORPORAL,CONSUMADO,1
313420,ITUIUTABA,2018-01-10,1,2018,AMEACA,CONSUMADO,1
313420,ITUIUTABA,2018-01-11,1,2018,OUTRAS INFRACOES CONTRA O PATRIMONIO,CONSUMADO,1
313420,ITUIUTABA,2018-01-12,1,2018,FURTO,CONSUMADO,1
313420,ITUIUTABA,2018-01-13,1,2018,LESAO CORPORAL,CONSUMADO,1
313420,ITUIUTABA,2018-01-13,1,2018,VIAS DE FATO / AGRESSAO,CONSUMADO,1
313420,ITUIUTABA,2018-01-14,1,2018,AMEACA,CONSUMADO,1
313420,ITUIUTABA,2018-01-14,1,2018,FURTO,CONSUMADO,1
313420,ITUIUTABA,2018-01-16,1,2018,AMEACA,CONSUMADO,1
313420,ITUIUTABA,2018-01-17,1,2018,AMEACA,CONSUMADO,1
313420,ITUIUTABA,2018-01-17,1,2018,ESTELIONATO,CONSUMADO,1
313420,ITUIUTABA,2018-01-19,1,2018,AMEACA,CONSUMADO,2
313420,ITUIUTABA,2018-01-19,1,2018,OUTROS INFRACOES C/ A PESSOA,CONSUMADO,1
313420,ITUIUTABA,2018-01-20,1,2018,AMEACA,CONSUMADO,1
313420,ITUIUTABA,2018-01-20,1,2018,DANO,CONSUMADO,1
313420,ITUIUTABA,2018-01-20,1,2018,LESAO CORPORAL,CONSUMADO,1
313420,ITUIUTABA,2018-01-21,1,2018,VIAS DE FATO / AGRESSAO,CONSUMADO,1
313420,ITUIUTABA,2018-01-23,1,2018,AMEACA,CONSUMADO,1
313420,ITUIUTABA,2018-01-23,1,2018,LESAO CORPORAL,CONSUMADO,1
313420,ITUIUTABA,2018-01-26,1,2018,VIOLACAO DE DOMICILIO,CONSUMADO,1
313420,ITUIUTABA,2018-01-29,1,2018,AMEACA,CONSUMADO,1
313420,ITUIUTABA,2018-01-29,1,2018,LESAO CORPORAL,CONSUMADO,1
313420,ITUIUTABA,2018-01-29,1,2018,VIAS DE FATO / AGRESSAO,CONSUMADO,1
313420,ITUIUTABA,2018-01-30,1,2018,AMEACA,CONSUMADO,1
313420,ITUIUTABA,2018-02-01,2,2018,VIAS DE FATO / AGRESSAO,CONSUMADO,1
313420,ITUIUTABA,2018-02-02,2,2018,AMEACA,CONSUMADO,1
313420,ITUIUTABA,2018-02-02,2,2018,LESAO CORPORAL,CONSUMADO,2
313420,ITUIUTABA,2018-02-02,2,2018,OUTRAS INFRACOES CONTRA O PATRIMONIO,CONSUMADO,1
313420,ITUIUTABA,2018-02-02,2,2018,VIAS DE FATO / AGRESSAO,CONSUMADO,1
313420,ITUIUTABA,2018-02-03,2,2018,ATEND. DENUNCIA INFRACOES CONTRA MULHER(VIOLENCIA,CONSUMADO,1
313420,ITUIUTABA,2018-02-04,2,2018,AMEACA,CONSUMADO,1
313420,ITUIUTABA,2018-02-05,2,2018,LESAO CORPORAL,CONSUMADO,3
313420,ITUIUTABA,2018-02-05,2,2018,OUTROS INFRACOES C/ A PESSOA,CONSUMADO,1
313420,ITUIUTABA,2018-02-06,2,2018,VIAS DE FATO / AGRESSAO,CONSUMADO,1
313420,ITUIUTABA,2018-02-07,2,2018,AMEACA,CONSUMADO,2
313420,ITUIUTABA,2018-02-07,2,2018,LESAO CORPORAL,CONSUMADO,1
313420,ITUIUTABA,2018-02-10,2,2018,AMEACA,CONSUMADO,1
313420,ITUIUTABA,2018-02-11,2,2018,AMEACA,CONSUMADO,1
313420,ITUIUTABA,2018-02-12,2,2018,DANO,CONSUMADO,1
313420,ITUIUTABA,2018-02-12,2,2018,LESAO CORPORAL,CONSUMADO,1
313420,ITUIUTABA,2018-02-15,2,2018,VIAS DE FATO / AGRESSAO,CONSUMADO,1
313420,ITUIUTABA,2018-02-16,2,2018,CALUNIA,CONSUMADO,1
313420,ITUIUTABA,2018-02-16,2,2018,OUTRAS ACOES DEFESA SOCIAL,CONSUMADO,1
313420,ITUIUTABA,2018-02-17,2,2018,AMEACA,CONSUMADO,2
313420,ITUIUTABA,2018-02-17,2,2018,VIAS DE FATO / AGRESSAO,CONSUMADO,1
313420,ITUIUTABA,2018-02-19,2,2018,AMEACA,CONSUMADO,1
313420,ITUIUTABA,2018-02-19,2,2018,VIAS DE FATO / AGRESSAO,CONSUMADO,2
313420,ITUIUTABA,2018-02-20,2,2018,AMEACA,CONSUMADO,1
313420,ITUIUTABA,2018-02-21,2,2018,AMEACA,CONSUMADO,2
313420,ITUIUTABA,2018-02-22,2,2018,AMEACA,CONSUMADO,1
313420,ITUIUTABA,2018-02-23,2,2018,AMEACA,CONSUMADO,1
313420,ITUIUTABA,2018-02-23,2,2018,LESAO CORPORAL,CONSUMADO,1
313420,ITUIUTABA,2018-02-24,2,2018,FURTO,CONSUMADO,1
313420,ITUIUTABA,2018-02-24,2,2018,VIAS DE FATO / AGRESSAO,CONSUMADO,1
313420,ITUIUTABA,2018-02-25,2,2018,AMEACA,CONSUMADO,1
313420,ITUIUTABA,2018-02-25,2,2018,VIAS DE FATO / AGRESSAO,CONSUMADO,1
313420,ITUIUTABA,2018-02-26,2,2018,ATRITO VERBAL,CONSUMADO,1
313420,ITUIUTABA,2018-02-26,2,2018,LESAO CORPORAL,CONSUMADO,2
313420,ITUIUTABA,2018-03-01,3,2018,DIFAMACAO,CONSUMADO,1
313420,ITUIUTABA,2018-03-02,3,2018,AMEACA,CONSUMADO,1
313420,ITUIUTABA,2018-03-02,3,2018,ESTUPRO DE VULNERAVEL,CONSUMADO,1
313420,ITUIUTABA,2018-03-03,3,2018,AMEACA,CONSUMADO,1
313420,ITUIUTABA,2018-03-03,3,2018,VIAS DE FATO / AGRESSAO,CONSUMADO,2
313420,ITUIUTABA,2018-03-04,3,2018,AMEACA,CONSUMADO,1
313420,ITUIUTABA,2018-03-04,3,2018,LESAO CORPORAL,CONSUMADO,1
313420,ITUIUTABA,2018-03-05,3,2018,AMEACA,CONSUMADO,1
313420,ITUIUTABA,2018-03-06,3,2018,LESAO CORPORAL,CONSUMADO,1
313420,ITUIUTABA,2018-03-06,3,2018,VIAS DE FATO / AGRESSAO,CONSUMADO,3
313420,ITUIUTABA,2018-03-07,3,2018,AMEACA,CONSUMADO,1
313420,ITUIUTABA,2018-03-09,3,2018,VIAS DE FATO / AGRESSAO,CONSUMADO,1
313420,ITUIUTABA,2018-03-10,3,2018,AMEACA,CONSUMADO,1
313420,ITUIUTABA,2018-03-10,3,2018,LESAO CORPORAL,CONSUMADO,1
313420,ITUIUTABA,2018-03-10,3,2018,VIAS DE FATO / AGRESSAO,CONSUMADO,1
313420,ITUIUTABA,2018-03-11,3,2018,AMEACA,CONSUMADO,1
313420,ITUIUTABA,2018-03-11,3,2018,LESAO CORPORAL,CONSUMADO,4
313420,ITUIUTABA,2018-03-12,3,2018,AMEACA,CONSUMADO,3
313420,ITUIUTABA,2018-03-12,3,2018,ESTUPRO DE VULNERAVEL,CONSUMADO,1
313420,ITUIUTABA,2018-03-12,3,2018,LESAO CORPORAL,CONSUMADO,1
313420,ITUIUTABA,2018-03-13,3,2018,AUTO EXTERMINIO (SUICIDIO),TENTADO,1
313420,ITUIUTABA,2018-03-14,3,2018,AMEACA,CONSUMADO,3
313420,ITUIUTABA,2018-03-14,3,2018,DESOBEDECE ORDEM JUDICIAL (PERDA/SUS DIREITO),CONSUMADO,1
313420,ITUIUTABA,2018-03-14,3,2018,LESAO CORPORAL,CONSUMADO,1
313420,ITUIUTABA,2018-03-17,3,2018,LESAO CORPORAL,CONSUMADO,2
313420,ITUIUTABA,2018-03-18,3,2018,COMUNICACAO FALSA DE CRIME/CONTRAVENCAO,CONSUMADO,1
313420,ITUIUTABA,2018-03-18,3,2018,LESAO CORPORAL,CONSUMADO,3
313420,ITUIUTABA,2018-03-19,3,2018,AMEACA,CONSUMADO,1
313420,ITUIUTABA,2018-03-19,3,2018,OUTRAS INFRACOES DEMAIS LEIS ESPECIAIS,CONSUMADO,1
313420,ITUIUTABA,2018-03-19,3,2018,VIAS DE FATO / AGRESSAO,CONSUMADO,1
313420,ITUIUTABA,2018-03-20,3,2018,AMEACA,CONSUMADO,3
313420,ITUIUTABA,2018-03-20,3,2018,VIAS DE FATO / AGRESSAO,CONSUMADO,1
313420,ITUIUTABA,2018-03-22,3,2018,AMEACA,CONSUMADO,2
313420,ITUIUTABA,2018-03-22,3,2018,LESAO CORPORAL,CONSUMADO,3
313420,ITUIUTABA,2018-03-25,3,2018,LESAO CORPORAL,CONSUMADO,1
313420,ITUIUTABA,2018-03-26,3,2018,CALUNIA,CONSUMADO,1
313420,ITUIUTABA,2018-03-26,3,2018,LESAO CORPORAL,CONSUMADO,1
313420,ITUIUTABA,2018-03-26,3,2018,VIAS DE FATO / AGRESSAO,CONSUMADO,1
313420,ITUIUTABA,2018-03-27,3,2018,VIAS DE FATO / AGRESSAO,CONSUMADO,1
313420,ITUIUTABA,2018-03-28,3,2018,USO E CONSUMO DE DROGAS,CONSUMADO,1
313420,ITUIUTABA,2018-03-29,3,2018,LESAO CORPORAL,CONSUMADO,1
313420,ITUIUTABA,2018-03-30,3,2018,VIAS DE FATO / AGRESSAO,CONSUMADO,3
313420,ITUIUTABA,2018-03-31,3,2018,PERIGO DE CONTAGIO VENEREO,CONSUMADO,1
313420,ITUIUTABA,2018-03-31,3,2018,VIAS DE FATO / AGRESSAO,CONSUMADO,1
313420,ITUIUTABA,2018-04-01,4,2018,AMEACA,CONSUMADO,1
313420,ITUIUTABA,2018-04-01,4,2018,FURTO,CONSUMADO,1
313420,ITUIUTABA,2018-04-02,4,2018,CALUNIA,CONSUMADO,1
313420,ITUIUTABA,2018-04-02,4,2018,VIAS DE FATO / AGRESSAO,CONSUMADO,1
313420,ITUIUTABA,2018-04-03,4,2018,AMEACA,CONSUMADO,1
313420,ITUIUTABA,2018-04-03,4,2018,LESAO CORPORAL,CONSUMADO,1
313420,ITUIUTABA,2018-04-03,4,2018,MAUS TRATOS,CONSUMADO,1
313420,ITUIUTABA,2018-04-03,4,2018,VIAS DE FATO / AGRESSAO,CONSUMADO,1
313420,ITUIUTABA,2018-04-04,4,2018,AMEACA,CONSUMADO,2
313420,ITUIUTABA,2018-04-04,4,2018,VIAS DE FATO / AGRESSAO,CONSUMADO,2
313420,ITUIUTABA,2018-04-05,4,2018,AMEACA,CONSUMADO,1
313420,ITUIUTABA,2018-04-05,4,2018,VIAS DE FATO / AGRESSAO,CONSUMADO,1
313420,ITUIUTABA,2018-04-06,4,2018,AMEACA,CONSUMADO,1
313420,ITUIUTABA,2018-04-08,4,2018,LESAO CORPORAL,CONSUMADO,1
313420,ITUIUTABA,2018-04-08,4,2018,VIAS DE FATO / AGRESSAO,CONSUMADO,1
313420,ITUIUTABA,2018-04-09,4,2018,AMEACA,CONSUMADO,3
313420,ITUIUTABA,2018-04-09,4,2018,OUTROS INFRACOES C/ A PESSOA,CONSUMADO,2
313420,ITUIUTABA,2018-04-10,4,2018,AMEACA,CONSUMADO,1
313420,ITUIUTABA,2018-04-10,4,2018,LESAO CORPORAL,CONSUMADO,1
313420,ITUIUTABA,2018-04-11,4,2018,VIAS DE FATO / AGRESSAO,CONSUMADO,1
313420,ITUIUTABA,2018-04-12,4,2018,VIAS DE FATO / AGRESSAO,CONSUMADO,2
313420,ITUIUTABA,2018-04-13,4,2018,AMEACA,CONSUMADO,2
313420,ITUIUTABA,2018-04-15,4,2018,VIAS DE FATO / AGRESSAO,CONSUMADO,1
313420,ITUIUTABA,2018-04-17,4,2018,ESTUPRO,CONSUMADO,1
313420,ITUIUTABA,2018-04-18,4,2018,VIAS DE FATO / AGRESSAO,CONSUMADO,1
313420,ITUIUTABA,2018-04-23,4,2018,VIAS DE FATO / AGRESSAO,CONSUMADO,1
313420,ITUIUTABA,2018-04-25,4,2018,VIAS DE FATO / AGRESSAO,CONSUMADO,1
313420,ITUIUTABA,2018-04-27,4,2018,ABUSO DE INCAPAZES,CONSUMADO,2
313420,ITUIUTABA,2018-04-27,4,2018,LESAO CORPORAL,CONSUMADO,1
313420,ITUIUTABA,2018-04-27,4,2018,OUTRAS ACOES DEFESA SOCIAL,CONSUMADO,1
313420,ITUIUTABA,2018-04-28,4,2018,AMEACA,CONSUMADO,1
313420,ITUIUTABA,2018-04-29,4,2018,AMEACA,CONSUMADO,1
313420,ITUIUTABA,2018-04-30,4,2018,VIAS DE FATO / AGRESSAO,CONSUMADO,1
313420,ITUIUTABA,2018-05-01,5,2018,LESAO CORPORAL,CONSUMADO,1
313420,ITUIUTABA,2018-05-02,5,2018,VIAS DE FATO / AGRESSAO,CONSUMADO,1
313420,ITUIUTABA,2018-05-04,5,2018,AMEACA,CONSUMADO,2
313420,ITUIUTABA,2018-05-05,5,2018,AMEACA,CONSUMADO,1
313420,ITUIUTABA,2018-05-06,5,2018,AMEACA,CONSUMADO,2
313420,ITUIUTABA,2018-05-06,5,2018,LESAO CORPORAL,CONSUMADO,1
313420,ITUIUTABA,2018-05-07,5,2018,DANO,CONSUMADO,1
313420,ITUIUTABA,2018-05-07,5,2018,LESAO CORPORAL,CONSUMADO,2
313420,ITUIUTABA,2018-05-08,5,2018,AMEACA,CONSUMADO,2
313420,ITUIUTABA,2018-05-09,5,2018,LESAO CORPORAL,CONSUMADO,1
313420,ITUIUTABA,2018-05-09,5,2018,OUTROS INFRACOES C/ A PESSOA,CONSUMADO,2
313420,ITUIUTABA,2018-05-09,5,2018,VIAS DE FATO / AGRESSAO,CONSUMADO,1
313420,ITUIUTABA,2018-05-10,5,2018,AMEACA,CONSUMADO,1
313420,ITUIUTABA,2018-05-12,5,2018,AMEACA,CONSUMADO,1
313420,ITUIUTABA,2018-05-12,5,2018,VIAS DE FATO / AGRESSAO,CONSUMADO,2
313420,ITUIUTABA,2018-05-13,5,2018,AMEACA,CONSUMADO,1
313420,ITUIUTABA,2018-05-13,5,2018,FURTO,CONSUMADO,1
313420,ITUIUTABA,2018-05-14,5,2018,VIAS DE FATO / AGRESSAO,CONSUMADO,1
313420,ITUIUTABA,2018-05-15,5,2018,AMEACA,CONSUMADO,1
313420,ITUIUTABA,2018-05-15,5,2018,LESAO CORPORAL,CONSUMADO,2
313420,ITUIUTABA,2018-05-16,5,2018,LESAO CORPORAL,CONSUMADO,1
313420,ITUIUTABA,2018-05-17,5,2018,AMEACA,CONSUMADO,2
313420,ITUIUTABA,2018-05-18,5,2018,AMEACA,CONSUMADO,1
313420,ITUIUTABA,2018-05-20,5,2018,AMEACA,CONSUMADO,1
313420,ITUIUTABA,2018-05-20,5,2018,VIAS DE FATO / AGRESSAO,CONSUMADO,1
313420,ITUIUTABA,2018-05-21,5,2018,AMEACA,CONSUMADO,3
313420,ITUIUTABA,2018-05-25,5,2018,AMEACA,CONSUMADO,1
313420,ITUIUTABA,2018-05-25,5,2018,LESAO CORPORAL,CONSUMADO,1
313420,ITUIUTABA,2018-05-25,5,2018,VIAS DE FATO / AGRESSAO,CONSUMADO,1
313420,ITUIUTABA,2018-05-26,5,2018,LESAO CORPORAL,CONSUMADO,2
313420,ITUIUTABA,2018-05-26,5,2018,PORTE ILEGAL ARMA DE FOGO/ACESSÓRIO/MUNIÇÃO DE USO,CONSUMADO,1
313420,ITUIUTABA,2018-05-26,5,2018,VIAS DE FATO / AGRESSAO,CONSUMADO,1
313420,ITUIUTABA,2018-05-27,5,2018,LESAO CORPORAL,CONSUMADO,2
313420,ITUIUTABA,2018-05-28,5,2018,AMEACA,CONSUMADO,3
313420,ITUIUTABA,2018-05-28,5,2018,FURTO,CONSUMADO,1
313420,ITUIUTABA,2018-05-28,5,2018,LESAO CORPORAL,CONSUMADO,1
313420,ITUIUTABA,2018-06-01,6,2018,AMEACA,CONSUMADO,1
313420,ITUIUTABA,2018-06-01,6,2018,LESAO CORPORAL,CONSUMADO,1
313420,ITUIUTABA,2018-06-02,6,2018,LESAO CORPORAL,CONSUMADO,1
313420,ITUIUTABA,2018-06-02,6,2018,VIAS DE FATO / AGRESSAO,CONSUMADO,2
313420,ITUIUTABA,2018-06-03,6,2018,AMEACA,CONSUMADO,1
313420,ITUIUTABA,2018-06-03,6,2018,LESAO CORPORAL,CONSUMADO,1
313420,ITUIUTABA,2018-06-04,6,2018,LESAO CORPORAL,CONSUMADO,1
313420,ITUIUTABA,2018-06-05,6,2018,LESAO CORPORAL,CONSUMADO,1
313420,ITUIUTABA,2018-06-06,6,2018,AMEACA,CONSUMADO,1
313420,ITUIUTABA,2018-06-07,6,2018,AMEACA,CONSUMADO,2
313420,ITUIUTABA,2018-06-07,6,2018,VIAS DE FATO / AGRESSAO,CONSUMADO,1
313420,ITUIUTABA,2018-06-08,6,2018,AMEACA,CONSUMADO,1
313420,ITUIUTABA,2018-06-08,6,2018,LESAO CORPORAL,CONSUMADO,1
313420,ITUIUTABA,2018-06-09,6,2018,VIAS DE FATO / AGRESSAO,CONSUMADO,1
313420,ITUIUTABA,2018-06-11,6,2018,AMEACA,CONSUMADO,1
313420,ITUIUTABA,2018-06-14,6,2018,AMEACA,CONSUMADO,2
313420,ITUIUTABA,2018-06-14,6,2018,LESAO CORPORAL,CONSUMADO,1
313420,ITUIUTABA,2018-06-14,6,2018,OUTROS INFRACOES C/ A PESSOA,CONSUMADO,1
313420,ITUIUTABA,2018-06-15,6,2018,AMEACA,CONSUMADO,1
313420,ITUIUTABA,2018-06-15,6,2018,INCENDIO,CONSUMADO,1
313420,ITUIUTABA,2018-06-16,6,2018,AMEACA,CONSUMADO,1
313420,ITUIUTABA,2018-06-16,6,2018,VIAS DE FATO / AGRESSAO,CONSUMADO,1
313420,ITUIUTABA,2018-06-17,6,2018,LESAO CORPORAL,CONSUMADO,1
313420,ITUIUTABA,2018-06-17,6,2018,VIAS DE FATO / AGRESSAO,CONSUMADO,2
313420,ITUIUTABA,2018-06-18,6,2018,AMEACA,CONSUMADO,1
313420,ITUIUTABA,2018-06-18,6,2018,LESAO CORPORAL,CONSUMADO,1
313420,ITUIUTABA,2018-06-18,6,2018,VIAS DE FATO / AGRESSAO,CONSUMADO,1
313420,ITUIUTABA,2018-06-19,6,2018,AMEACA,CONSUMADO,1
313420,ITUIUTABA,2018-06-20,6,2018,AMEACA,CONSUMADO,1
313420,ITUIUTABA,2018-06-20,6,2018,VIAS DE FATO / AGRESSAO,CONSUMADO,1
313420,ITUIUTABA,2018-06-23,6,2018,VIAS DE FATO / AGRESSAO,CONSUMADO,1
313420,ITUIUTABA,2018-06-24,6,2018,LESAO CORPORAL,CONSUMADO,2
313420,ITUIUTABA,2018-06-24,6,2018,OUTRAS ACOES DEFESA SOCIAL,CONSUMADO,1
313420,ITUIUTABA,2018-06-24,6,2018,VIAS DE FATO / AGRESSAO,CONSUMADO,2
313420,ITUIUTABA,2018-06-26,6,2018,AMEACA,CONSUMADO,2
313420,ITUIUTABA,2018-06-27,6,2018,DIFAMACAO,CONSUMADO,1
313420,ITUIUTABA,2018-06-27,6,2018,VIAS DE FATO / AGRESSAO,CONSUMADO,1
313420,ITUIUTABA,2018-06-30,6,2018,VIAS DE FATO / AGRESSAO,CONSUMADO,3
313420,ITUIUTABA,2018-07-01,7,2018,AMEACA,CONSUMADO,1
313420,ITUIUTABA,2018-07-01,7,2018,INCENDIO,CONSUMADO,1
313420,ITUIUTABA,2018-07-01,7,2018,LESAO CORPORAL,CONSUMADO,1
313420,ITUIUTABA,2018-07-02,7,2018,AMEACA,CONSUMADO,3
313420,ITUIUTABA,2018-07-04,7,2018,AMEACA,CONSUMADO,1
313420,ITUIUTABA,2018-07-06,7,2018,AMEACA,CONSUMADO,1
313420,ITUIUTABA,2018-07-06,7,2018,LESAO CORPORAL,CONSUMADO,1
313420,ITUIUTABA,2018-07-07,7,2018,AMEACA,CONSUMADO,1
313420,ITUIUTABA,2018-07-07,7,2018,DIFAMACAO,CONSUMADO,1
313420,ITUIUTABA,2018-07-07,7,2018,LESAO CORPORAL,CONSUMADO,1
313420,ITUIUTABA,2018-07-07,7,2018,VIAS DE FATO / AGRESSAO,CONSUMADO,1
313420,ITUIUTABA,2018-07-08,7,2018,AMEACA,CONSUMADO,1
313420,ITUIUTABA,2018-07-09,7,2018,AMEACA,CONSUMADO,2
313420,ITUIUTABA,2018-07-09,7,2018,LESAO CORPORAL,CONSUMADO,1
313420,ITUIUTABA,2018-07-16,7,2018,AMEACA,CONSUMADO,2
313420,ITUIUTABA,2018-07-16,7,2018,VIAS DE FATO / AGRESSAO,CONSUMADO,1
313420,ITUIUTABA,2018-07-19,7,2018,AMEACA,CONSUMADO,1
313420,ITUIUTABA,2018-07-19,7,2018,LESAO CORPORAL,CONSUMADO,1
313420,ITUIUTABA,2018-07-20,7,2018,AMEACA,CONSUMADO,1
313420,ITUIUTABA,2018-07-22,7,2018,AMEACA,CONSUMADO,1
313420,ITUIUTABA,2018-07-23,7,2018,AMEACA,CONSUMADO,1
313420,ITUIUTABA,2018-07-23,7,2018,VIAS DE FATO / AGRESSAO,CONSUMADO,2
313420,ITUIUTABA,2018-07-25,7,2018,AMEACA,CONSUMADO,1
313420,ITUIUTABA,2018-07-25,7,2018,ATRITO VERBAL,CONSUMADO,1
313420,ITUIUTABA,2018-07-29,7,2018,AMEACA,CONSUMADO,1
313420,ITUIUTABA,2018-07-29,7,2018,INJURIA,CONSUMADO,1
313420,ITUIUTABA,2018-07-29,7,2018,VIAS DE FATO / AGRESSAO,CONSUMADO,1
313420,ITUIUTABA,2018-07-30,7,2018,AMEACA,CONSUMADO,2
313420,ITUIUTABA,2018-07-30,7,2018,VIAS DE FATO / AGRESSAO,CONSUMADO,1
313420,ITUIUTABA,2018-07-31,7,2018,AMEACA,CONSUMADO,1
313420,ITUIUTABA,2018-08-01,8,2018,DANO,CONSUMADO,1
313420,ITUIUTABA,2018-08-03,8,2018,DESOBEDECE ORDEM JUDICIAL (PERDA/SUS DIREITO),CONSUMADO,1
313420,ITUIUTABA,2018-08-04,8,2018,AMEACA,CONSUMADO,2
313420,ITUIUTABA,2018-08-05,8,2018,VIAS DE FATO / AGRESSAO,CONSUMADO,1
313420,ITUIUTABA,2018-08-06,8,2018,AMEACA,CONSUMADO,1
313420,ITUIUTABA,2018-08-06,8,2018,MAUS TRATOS,CONSUMADO,1
313420,ITUIUTABA,2018-08-07,8,2018,LESAO CORPORAL,CONSUMADO,1
313420,ITUIUTABA,2018-08-07,8,2018,VIAS DE FATO / AGRESSAO,CONSUMADO,3
313420,ITUIUTABA,2018-08-08,8,2018,LESAO CORPORAL,CONSUMADO,1
313420,ITUIUTABA,2018-08-09,8,2018,AMEACA,CONSUMADO,1
313420,ITUIUTABA,2018-08-09,8,2018,LESAO CORPORAL,CONSUMADO,1
313420,ITUIUTABA,2018-08-10,8,2018,AMEACA,CONSUMADO,1
313420,ITUIUTABA,2018-08-11,8,2018,AMEACA,CONSUMADO,1
313420,ITUIUTABA,2018-08-12,8,2018,AMEACA,CONSUMADO,1
313420,ITUIUTABA,2018-08-12,8,2018,INCENDIO,CONSUMADO,1
313420,ITUIUTABA,2018-08-13,8,2018,AMEACA,CONSUMADO,3
313420,ITUIUTABA,2018-08-13,8,2018,DANO,CONSUMADO,1
313420,ITUIUTABA,2018-08-13,8,2018,LESAO CORPORAL,CONSUMADO,1
313420,ITUIUTABA,2018-08-13,8,2018,VIAS DE FATO / AGRESSAO,CONSUMADO,1
313420,ITUIUTABA,2018-08-15,8,2018,DANO,CONSUMADO,1
313420,ITUIUTABA,2018-08-15,8,2018,VIAS DE FATO / AGRESSAO,CONSUMADO,2
313420,ITUIUTABA,2018-08-16,8,2018,AMEACA,CONSUMADO,1
313420,ITUIUTABA,2018-08-16,8,2018,FURTO,CONSUMADO,1
313420,ITUIUTABA,2018-08-16,8,2018,VIAS DE FATO / AGRESSAO,CONSUMADO,1
313420,ITUIUTABA,2018-08-18,8,2018,AMEACA,CONSUMADO,1
313420,ITUIUTABA,2018-08-19,8,2018,AMEACA,CONSUMADO,1
313420,ITUIUTABA,2018-08-19,8,2018,DESOBEDECE ORDEM JUDICIAL (PERDA/SUS DIREITO),CONSUMADO,1
313420,ITUIUTABA,2018-08-19,8,2018,LESAO CORPORAL,CONSUMADO,2
313420,ITUIUTABA,2018-08-20,8,2018,FURTO,CONSUMADO,1
313420,ITUIUTABA,2018-08-20,8,2018,LESAO CORPORAL,CONSUMADO,2
313420,ITUIUTABA,2018-08-21,8,2018,AMEACA,CONSUMADO,1
313420,ITUIUTABA,2018-08-21,8,2018,DANO,CONSUMADO,1
313420,ITUIUTABA,2018-08-22,8,2018,AMEACA,CONSUMADO,2
313420,ITUIUTABA,2018-08-24,8,2018,AMEACA,CONSUMADO,2
313420,ITUIUTABA,2018-08-25,8,2018,LESAO CORPORAL,CONSUMADO,1
313420,ITUIUTABA,2018-08-26,8,2018,AMEACA,CONSUMADO,1
313420,ITUIUTABA,2018-08-26,8,2018,OUTRAS INFRACOES CONTRA DIGNIDADE SEXUAL E A FAMIL,CONSUMADO,1
313420,ITUIUTABA,2018-08-27,8,2018,AMEACA,CONSUMADO,1
313420,ITUIUTABA,2018-08-27,8,2018,OUTROS INFRACOES C/ A PESSOA,CONSUMADO,1
313420,ITUIUTABA,2018-08-30,8,2018,AMEACA,CONSUMADO,2
313420,ITUIUTABA,2018-08-31,8,2018,AMEACA,CONSUMADO,1
313420,ITUIUTABA,2018-08-31,8,2018,VIAS DE FATO / AGRESSAO,CONSUMADO,2
313420,ITUIUTABA,2018-09-01,9,2018,LESAO CORPORAL,CONSUMADO,1
313420,ITUIUTABA,2018-09-03,9,2018,AMEACA,CONSUMADO,2
313420,ITUIUTABA,2018-09-03,9,2018,ESTELIONATO,CONSUMADO,1
313420,ITUIUTABA,2018-09-03,9,2018,LESAO CORPORAL,CONSUMADO,1
313420,ITUIUTABA,2018-09-03,9,2018,VIAS DE FATO / AGRESSAO,CONSUMADO,1
313420,ITUIUTABA,2018-09-04,9,2018,AMEACA,CONSUMADO,4
313420,ITUIUTABA,2018-09-06,9,2018,AMEACA,CONSUMADO,1
313420,ITUIUTABA,2018-09-07,9,2018,DANO,CONSUMADO,1
313420,ITUIUTABA,2018-09-07,9,2018,LESAO CORPORAL,CONSUMADO,2
313420,ITUIUTABA,2018-09-07,9,2018,VIAS DE FATO / AGRESSAO,CONSUMADO,1
313420,ITUIUTABA,2018-09-09,9,2018,AMEACA,CONSUMADO,3
313420,ITUIUTABA,2018-09-09,9,2018,LESAO CORPORAL,CONSUMADO,1
313420,ITUIUTABA,2018-09-10,9,2018,AMEACA,CONSUMADO,1
313420,ITUIUTABA,2018-09-10,9,2018,ESTELIONATO,CONSUMADO,1
313420,ITUIUTABA,2018-09-12,9,2018,LESAO CORPORAL,CONSUMADO,1
313420,ITUIUTABA,2018-09-13,9,2018,ABANDONO DE INCAPAZ,CONSUMADO,1
313420,ITUIUTABA,2018-09-13,9,2018,LESAO CORPORAL,CONSUMADO,1
313420,ITUIUTABA,2018-09-14,9,2018,ESTELIONATO,CONSUMADO,1
313420,ITUIUTABA,2018-09-15,9,2018,VIAS DE FATO / AGRESSAO,CONSUMADO,1
313420,ITUIUTABA,2018-09-16,9,2018,OUTRAS INFRACOES CONTRA DIGNIDADE SEXUAL E A FAMIL,CONSUMADO,1
313420,ITUIUTABA,2018-09-16,9,2018,VIAS DE FATO / AGRESSAO,CONSUMADO,2
313420,ITUIUTABA,2018-09-17,9,2018,AMEACA,CONSUMADO,1
313420,ITUIUTABA,2018-09-17,9,2018,APROPRIACAO INDEBITA DE COISA ALHEIA MOVEL,CONSUMADO,1
313420,ITUIUTABA,2018-09-17,9,2018,VIAS DE FATO / AGRESSAO,CONSUMADO,1
313420,ITUIUTABA,2018-09-18,9,2018,AMEACA,CONSUMADO,2
313420,ITUIUTABA,2018-09-18,9,2018,LESAO CORPORAL,CONSUMADO,1
313420,ITUIUTABA,2018-09-19,9,2018,AMEACA,CONSUMADO,2
313420,ITUIUTABA,2018-09-21,9,2018,DANO,CONSUMADO,1
313420,ITUIUTABA,2018-09-21,9,2018,MAUS TRATOS,CONSUMADO,1
313420,ITUIUTABA,2018-09-22,9,2018,LESAO CORPORAL,CONSUMADO,1
313420,ITUIUTABA,2018-09-24,9,2018,OUTRAS INFRACOES CONTRA DIGNIDADE SEXUAL E A FAMIL,CONSUMADO,1
313420,ITUIUTABA,2018-09-25,9,2018,AMEACA,CONSUMADO,2
313420,ITUIUTABA,2018-09-25,9,2018,LESAO CORPORAL,CONSUMADO,1
313420,ITUIUTABA,2018-09-28,9,2018,AMEACA,CONSUMADO,1
313420,ITUIUTABA,2018-09-29,9,2018,LESAO CORPORAL,CONSUMADO,1
313420,ITUIUTABA,2018-09-30,9,2018,ESTUPRO DE VULNERAVEL,CONSUMADO,1
313420,ITUIUTABA,2018-09-30,9,2018,LESAO CORPORAL,CONSUMADO,1
313420,ITUIUTABA,2018-10-01,10,2018,VIAS DE FATO / AGRESSAO,CONSUMADO,2
313420,ITUIUTABA,2018-10-02,10,2018,LESAO CORPORAL,CONSUMADO,1
313420,ITUIUTABA,2018-10-04,10,2018,LESAO CORPORAL,CONSUMADO,1
313420,ITUIUTABA,2018-10-04,10,2018,VIAS DE FATO / AGRESSAO,CONSUMADO,1
313420,ITUIUTABA,2018-10-06,10,2018,AMEACA,CONSUMADO,1
313420,ITUIUTABA,2018-10-07,10,2018,AMEACA,CONSUMADO,1
313420,ITUIUTABA,2018-10-07,10,2018,LESAO CORPORAL,CONSUMADO,2
313420,ITUIUTABA,2018-10-09,10,2018,LESAO CORPORAL,CONSUMADO,1
313420,ITUIUTABA,2018-10-10,10,2018,VIAS DE FATO / AGRESSAO,CONSUMADO,1
313420,ITUIUTABA,2018-10-11,10,2018,OUTRAS ACOES DEFESA SOCIAL,CONSUMADO,1
313420,ITUIUTABA,2018-10-11,10,2018,VIAS DE FATO / AGRESSAO,CONSUMADO,1
313420,ITUIUTABA,2018-10-12,10,2018,AMEACA,CONSUMADO,2
313420,ITUIUTABA,2018-10-12,10,2018,MAUS TRATOS,CONSUMADO,2
313420,ITUIUTABA,2018-10-13,10,2018,AMEACA,CONSUMADO,2
313420,ITUIUTABA,2018-10-13,10,2018,DANO,CONSUMADO,1
313420,ITUIUTABA,2018-10-13,10,2018,DIFAMACAO,CONSUMADO,1
313420,ITUIUTABA,2018-10-13,10,2018,LESAO CORPORAL,CONSUMADO,2
313420,ITUIUTABA,2018-10-13,10,2018,VIAS DE FATO / AGRESSAO,CONSUMADO,1
313420,ITUIUTABA,2018-10-14,10,2018,AMEACA,CONSUMADO,1
313420,ITUIUTABA,2018-10-14,10,2018,LESAO CORPORAL,CONSUMADO,1
313420,ITUIUTABA,2018-10-14,10,2018,VIAS DE FATO / AGRESSAO,CONSUMADO,1
313420,ITUIUTABA,2018-10-15,10,2018,LESAO CORPORAL,CONSUMADO,1
313420,ITUIUTABA,2018-10-15,10,2018,PERTURBACAO DA TRANQUILIDADE,CONSUMADO,1
313420,ITUIUTABA,2018-10-16,10,2018,AMEACA,CONSUMADO,1
313420,ITUIUTABA,2018-10-16,10,2018,LESAO CORPORAL,CONSUMADO,1
313420,ITUIUTABA,2018-10-16,10,2018,PERTURBACAO DO TRABALHO OU DO SOSSEGO ALHEIOS,CONSUMADO,1
313420,ITUIUTABA,2018-10-17,10,2018,OUTRAS ACOES DEFESA SOCIAL,CONSUMADO,1
313420,ITUIUTABA,2018-10-17,10,2018,OUTRAS INFRACOES DEMAIS LEIS ESPECIAIS,CONSUMADO,1
313420,ITUIUTABA,2018-10-18,10,2018,AMEACA,CONSUMADO,1
313420,ITUIUTABA,2018-10-20,10,2018,LESAO CORPORAL,CONSUMADO,1
313420,ITUIUTABA,2018-10-21,10,2018,AMEACA,CONSUMADO,2
313420,ITUIUTABA,2018-10-24,10,2018,AMEACA,CONSUMADO,1
313420,ITUIUTABA,2018-10-24,10,2018,LESAO CORPORAL,CONSUMADO,1
313420,ITUIUTABA,2018-10-25,10,2018,VIAS DE FATO / AGRESSAO,CONSUMADO,1
313420,ITUIUTABA,2018-10-26,10,2018,AMEACA,CONSUMADO,1
313420,ITUIUTABA,2018-10-26,10,2018,DANO,CONSUMADO,1
313420,ITUIUTABA,2018-10-28,10,2018,AMEACA,CONSUMADO,1
313420,ITUIUTABA,2018-10-28,10,2018,VIAS DE FATO / AGRESSAO,CONSUMADO,1
313420,ITUIUTABA,2018-10-29,10,2018,AMEACA,CONSUMADO,1
313420,ITUIUTABA,2018-10-29,10,2018,CUMPRIMENTO DE PRISAO,CONSUMADO,1
313420,ITUIUTABA,2018-10-30,10,2018,AMEACA,CONSUMADO,1
313420,ITUIUTABA,2018-10-30,10,2018,ATEND. DENUNCIA INFRACOES CONTRA MULHER(VIOLENCIA,CONSUMADO,1
313420,ITUIUTABA,2018-10-30,10,2018,ESTUPRO DE VULNERAVEL,CONSUMADO,1
313420,ITUIUTABA,2018-10-30,10,2018,VIAS DE FATO / AGRESSAO,CONSUMADO,1
313420,ITUIUTABA,2018-10-31,10,2018,AMEACA,CONSUMADO,4
313420,ITUIUTABA,2018-11-02,11,2018,LESAO CORPORAL,CONSUMADO,2
313420,ITUIUTABA,2018-11-03,11,2018,AMEACA,CONSUMADO,1
313420,ITUIUTABA,2018-11-03,11,2018,LESAO CORPORAL,CONSUMADO,1
313420,ITUIUTABA,2018-11-04,11,2018,AMEACA,CONSUMADO,2
313420,ITUIUTABA,2018-11-04,11,2018,LESAO CORPORAL,CONSUMADO,1
313420,ITUIUTABA,2018-11-05,11,2018,AMEACA,CONSUMADO,2
313420,ITUIUTABA,2018-11-05,11,2018,LESAO CORPORAL,CONSUMADO,1
313420,ITUIUTABA,2018-11-06,11,2018,AMEACA,CONSUMADO,1
313420,ITUIUTABA,2018-11-06,11,2018,LESAO CORPORAL,CONSUMADO,1
313420,ITUIUTABA,2018-11-07,11,2018,AMEACA,CONSUMADO,1
313420,ITUIUTABA,2018-11-08,11,2018,VIAS DE FATO / AGRESSAO,CONSUMADO,1
313420,ITUIUTABA,2018-11-11,11,2018,LESAO CORPORAL,CONSUMADO,2
313420,ITUIUTABA,2018-11-11,11,2018,VIAS DE FATO / AGRESSAO,CONSUMADO,1
313420,ITUIUTABA,2018-11-13,11,2018,AMEACA,CONSUMADO,2
313420,ITUIUTABA,2018-11-13,11,2018,LESAO CORPORAL,CONSUMADO,1
313420,ITUIUTABA,2018-11-15,11,2018,LESAO CORPORAL,CONSUMADO,2
313420,ITUIUTABA,2018-11-16,11,2018,AMEACA,CONSUMADO,2
313420,ITUIUTABA,2018-11-16,11,2018,VIAS DE FATO / AGRESSAO,CONSUMADO,1
313420,ITUIUTABA,2018-11-17,11,2018,LESAO CORPORAL,CONSUMADO,1
313420,ITUIUTABA,2018-11-17,11,2018,VIAS DE FATO / AGRESSAO,CONSUMADO,2
313420,ITUIUTABA,2018-11-18,11,2018,DANO,CONSUMADO,1
313420,ITUIUTABA,2018-11-18,11,2018,LESAO CORPORAL,CONSUMADO,1
313420,ITUIUTABA,2018-11-18,11,2018,OUTRAS ACOES DEFESA SOCIAL,CONSUMADO,1
313420,ITUIUTABA,2018-11-19,11,2018,AMEACA,CONSUMADO,2
313420,ITUIUTABA,2018-11-20,11,2018,AMEACA,CONSUMADO,1
313420,ITUIUTABA,2018-11-20,11,2018,LESAO CORPORAL,CONSUMADO,1
313420,ITUIUTABA,2018-11-20,11,2018,VIAS DE FATO / AGRESSAO,CONSUMADO,1
313420,ITUIUTABA,2018-11-21,11,2018,AMEACA,CONSUMADO,2
313420,ITUIUTABA,2018-11-21,11,2018,ATEND. DENUNCIA INFRACOES CONTRA MULHER(VIOLENCIA,CONSUMADO,1
313420,ITUIUTABA,2018-11-24,11,2018,AMEACA,CONSUMADO,1
313420,ITUIUTABA,2018-11-24,11,2018,DESOBEDECE ORDEM JUDICIAL (PERDA/SUS DIREITO),CONSUMADO,1
313420,ITUIUTABA,2018-11-24,11,2018,RECEPTACAO,CONSUMADO,1
313420,ITUIUTABA,2018-11-25,11,2018,AMEACA,CONSUMADO,1
313420,ITUIUTABA,2018-11-25,11,2018,FURTO,CONSUMADO,1
313420,ITUIUTABA,2018-11-25,11,2018,LESAO CORPORAL,CONSUMADO,1
313420,ITUIUTABA,2018-11-26,11,2018,AMEACA,CONSUMADO,1
313420,ITUIUTABA,2018-11-27,11,2018,AMEACA,CONSUMADO,1
313420,ITUIUTABA,2018-11-27,11,2018,FURTO,CONSUMADO,1
313420,ITUIUTABA,2018-11-28,11,2018,DESOBEDECE ORDEM JUDICIAL (PERDA/SUS DIREITO),CONSUMADO,1
313420,ITUIUTABA,2018-11-28,11,2018,VIAS DE FATO / AGRESSAO,CONSUMADO,2
313420,ITUIUTABA,2018-11-30,11,2018,AMEACA,CONSUMADO,2
313420,ITUIUTABA,2018-11-30,11,2018,LESAO CORPORAL,CONSUMADO,1
313420,ITUIUTABA,2018-12-01,12,2018,AMEACA,CONSUMADO,1
313420,ITUIUTABA,2018-12-01,12,2018,ATEND. DENUNCIA INFRACOES CONTRA MULHER(VIOLENCIA,CONSUMADO,1
313420,ITUIUTABA,2018-12-01,12,2018,LESAO CORPORAL,CONSUMADO,1
313420,ITUIUTABA,2018-12-02,12,2018,ATEND. DENUNCIA INFRACOES CONTRA MULHER(VIOLENCIA,CONSUMADO,1
313420,ITUIUTABA,2018-12-02,12,2018,FURTO,CONSUMADO,2
313420,ITUIUTABA,2018-12-02,12,2018,LESAO CORPORAL,CONSUMADO,1
313420,ITUIUTABA,2018-12-03,12,2018,AMEACA,CONSUMADO,2
313420,ITUIUTABA,2018-12-03,12,2018,OUTRAS ACOES DEFESA SOCIAL,CONSUMADO,1
313420,ITUIUTABA,2018-12-04,12,2018,AMEACA,CONSUMADO,1
313420,ITUIUTABA,2018-12-04,12,2018,DESOBEDECE ORDEM JUDICIAL (PERDA/SUS DIREITO),CONSUMADO,1
313420,ITUIUTABA,2018-12-05,12,2018,DIFAMACAO,CONSUMADO,1
313420,ITUIUTABA,2018-12-07,12,2018,LESAO CORPORAL,CONSUMADO,1
313420,ITUIUTABA,2018-12-07,12,2018,OUTRAS INFRACOES DEMAIS LEIS ESPECIAIS,CONSUMADO,1
313420,ITUIUTABA,2018-12-07,12,2018,VIAS DE FATO / AGRESSAO,CONSUMADO,1
313420,ITUIUTABA,2018-12-08,12,2018,ATEND. DENUNCIA INFRACOES CONTRA MULHER(VIOLENCIA,CONSUMADO,1
313420,ITUIUTABA,2018-12-08,12,2018,DIFAMACAO,CONSUMADO,1
313420,ITUIUTABA,2018-12-09,12,2018,AMEACA,CONSUMADO,3
313420,ITUIUTABA,2018-12-09,12,2018,DANO,CONSUMADO,1
313420,ITUIUTABA,2018-12-09,12,2018,LESAO CORPORAL,CONSUMADO,2
313420,ITUIUTABA,2018-12-09,12,2018,VIAS DE FATO / AGRESSAO,CONSUMADO,1
313420,ITUIUTABA,2018-12-10,12,2018,AMEACA,CONSUMADO,2
313420,ITUIUTABA,2018-12-10,12,2018,OUTRAS ACOES DEFESA SOCIAL,CONSUMADO,1
313420,ITUIUTABA,2018-12-10,12,2018,OUTROS INFRACOES C/ A PESSOA,CONSUMADO,1
313420,ITUIUTABA,2018-12-10,12,2018,VIAS DE FATO / AGRESSAO,CONSUMADO,1
313420,ITUIUTABA,2018-12-11,12,2018,LESAO CORPORAL,CONSUMADO,1
313420,ITUIUTABA,2018-12-12,12,2018,LESAO CORPORAL,CONSUMADO,1
313420,ITUIUTABA,2018-12-13,12,2018,VIAS DE FATO / AGRESSAO,CONSUMADO,1
313420,ITUIUTABA,2018-12-14,12,2018,VIAS DE FATO / AGRESSAO,CONSUMADO,1
313420,ITUIUTABA,2018-12-15,12,2018,AMEACA,CONSUMADO,1
313420,ITUIUTABA,2018-12-15,12,2018,FURTO,CONSUMADO,1
313420,ITUIUTABA,2018-12-15,12,2018,LESAO CORPORAL,CONSUMADO,1
313420,ITUIUTABA,2018-12-16,12,2018,AMEACA,CONSUMADO,1
313420,ITUIUTABA,2018-12-16,12,2018,LESAO CORPORAL,CONSUMADO,3
313420,ITUIUTABA,2018-12-16,12,2018,VIAS DE FATO / AGRESSAO,CONSUMADO,1
313420,ITUIUTABA,2018-12-17,12,2018,LESAO CORPORAL,CONSUMADO,2
313420,ITUIUTABA,2018-12-18,12,2018,AMEACA,CONSUMADO,2
313420,ITUIUTABA,2018-12-18,12,2018,ATRITO VERBAL,CONSUMADO,1
313420,ITUIUTABA,2018-12-18,12,2018,LESAO CORPORAL,CONSUMADO,1
313420,ITUIUTABA,2018-12-19,12,2018,AMEACA,CONSUMADO,3
313420,ITUIUTABA,2018-12-19,12,2018,INJURIA,CONSUMADO,1
313420,ITUIUTABA,2018-12-20,12,2018,AMEACA,CONSUMADO,2
313420,ITUIUTABA,2018-12-21,12,2018,LESAO CORPORAL,CONSUMADO,1
313420,ITUIUTABA,2018-12-23,12,2018,LESAO CORPORAL,CONSUMADO,1
313420,ITUIUTABA,2018-12-23,12,2018,VIAS DE FATO / AGRESSAO,CONSUMADO,1
313420,ITUIUTABA,2018-12-25,12,2018,AMEACA,CONSUMADO,1
313420,ITUIUTABA,2018-12-25,12,2018,LESAO CORPORAL,CONSUMADO,1
313420,ITUIUTABA,2018-12-26,12,2018,AMEACA,CONSUMADO,1
313420,ITUIUTABA,2018-12-26,12,2018,OUTRAS INFRACOES DEMAIS LEIS ESPECIAIS,CONSUMADO,1
313420,ITUIUTABA,2018-12-27,12,2018,AMEACA,CONSUMADO,1
313420,ITUIUTABA,2018-12-29,12,2018,AMEACA,CONSUMADO,1
313420,ITUIUTABA,2018-12-30,12,2018,LESAO CORPORAL,CONSUMADO,1
313420,ITUIUTABA,2018-12-30,12,2018,VIAS DE FATO / AGRESSAO,CONSUMADO,1
313420,ITUIUTABA,2018-12-31,12,2018,PERTURBACAO DA TRANQUILIDADE,CONSUMADO,1
313420,ITUIUTABA,2019-01-01,1,2019,AMEACA,CONSUMADO,2
313420,ITUIUTABA,2019-01-01,1,2019,LESAO CORPORAL,CONSUMADO,2
313420,ITUIUTABA,2019-01-03,1,2019,AMEACA,CONSUMADO,2
313420,ITUIUTABA,2019-01-04,1,2019,LESAO CORPORAL,CONSUMADO,1
313420,ITUIUTABA,2019-01-05,1,2019,AMEACA,CONSUMADO,1
313420,ITUIUTABA,2019-01-06,1,2019,LESAO CORPORAL,CONSUMADO,1
313420,ITUIUTABA,2019-01-07,1,2019,AMEACA,CONSUMADO,1
313420,ITUIUTABA,2019-01-07,1,2019,INCENDIO,CONSUMADO,1
313420,ITUIUTABA,2019-01-07,1,2019,LESAO CORPORAL,CONSUMADO,1
313420,ITUIUTABA,2019-01-08,1,2019,AMEACA,CONSUMADO,1
313420,ITUIUTABA,2019-01-08,1,2019,MAUS TRATOS,CONSUMADO,1
313420,ITUIUTABA,2019-01-09,1,2019,AMEACA,CONSUMADO,1
313420,ITUIUTABA,2019-01-11,1,2019,AMEACA,CONSUMADO,1
313420,ITUIUTABA,2019-01-12,1,2019,AMEACA,CONSUMADO,1
313420,ITUIUTABA,2019-01-12,1,2019,LESAO CORPORAL,CONSUMADO,2
313420,ITUIUTABA,2019-01-14,1,2019,AMEACA,CONSUMADO,1
313420,ITUIUTABA,2019-01-15,1,2019,AMEACA,CONSUMADO,1
313420,ITUIUTABA,2019-01-16,1,2019,AMEACA,CONSUMADO,2
313420,ITUIUTABA,2019-01-16,1,2019,FURTO,CONSUMADO,1
313420,ITUIUTABA,2019-01-16,1,2019,LESAO CORPORAL,CONSUMADO,1
313420,ITUIUTABA,2019-01-17,1,2019,AMEACA,CONSUMADO,1
313420,ITUIUTABA,2019-01-21,1,2019,LESAO CORPORAL,CONSUMADO,1
313420,ITUIUTABA,2019-01-21,1,2019,OUTROS INFRACOES C/ A PESSOA,CONSUMADO,1
313420,ITUIUTABA,2019-01-22,1,2019,OUTRAS INFRACOES CONTRA O PATRIMONIO,CONSUMADO,1
313420,ITUIUTABA,2019-01-24,1,2019,VIAS DE FATO / AGRESSAO,CONSUMADO,2
313420,ITUIUTABA,2019-01-25,1,2019,AMEACA,CONSUMADO,1
313420,ITUIUTABA,2019-01-26,1,2019,HOMICIDIO,CONSUMADO,1
313420,ITUIUTABA,2019-01-26,1,2019,LESAO CORPORAL,CONSUMADO,2
313420,ITUIUTABA,2019-01-27,1,2019,LESAO CORPORAL,CONSUMADO,2
313420,ITUIUTABA,2019-01-27,1,2019,VIAS DE FATO / AGRESSAO,CONSUMADO,1
313420,ITUIUTABA,2019-01-28,1,2019,AMEACA,CONSUMADO,1
313420,ITUIUTABA,2019-01-29,1,2019,AMEACA,CONSUMADO,2
313420,ITUIUTABA,2019-01-29,1,2019,VIAS DE FATO / AGRESSAO,CONSUMADO,1
313420,ITUIUTABA,2019-01-31,1,2019,APROPRIACAO INDEBITA DE COISA ALHEIA MOVEL,CONSUMADO,1
313420,ITUIUTABA,2019-02-01,2,2019,AMEACA,CONSUMADO,2
313420,ITUIUTABA,2019-02-02,2,2019,LESAO CORPORAL,CONSUMADO,1
313420,ITUIUTABA,2019-02-03,2,2019,AMEACA,CONSUMADO,1
313420,ITUIUTABA,2019-02-03,2,2019,LESAO CORPORAL,CONSUMADO,1
313420,ITUIUTABA,2019-02-04,2,2019,VIAS DE FATO / AGRESSAO,CONSUMADO,3
313420,ITUIUTABA,2019-02-05,2,2019,LESAO CORPORAL,CONSUMADO,1
313420,ITUIUTABA,2019-02-06,2,2019,AMEACA,CONSUMADO,1
313420,ITUIUTABA,2019-02-09,2,2019,AMEACA,CONSUMADO,1
313420,ITUIUTABA,2019-02-10,2,2019,LESAO CORPORAL,CONSUMADO,1
313420,ITUIUTABA,2019-02-11,2,2019,AMEACA,CONSUMADO,2
313420,ITUIUTABA,2019-02-11,2,2019,CALUNIA,CONSUMADO,1
313420,ITUIUTABA,2019-02-14,2,2019,LESAO CORPORAL,CONSUMADO,1
313420,ITUIUTABA,2019-02-15,2,2019,AMEACA,CONSUMADO,2
313420,ITUIUTABA,2019-02-16,2,2019,LESAO CORPORAL,CONSUMADO,1
313420,ITUIUTABA,2019-02-17,2,2019,AMEACA,CONSUMADO,3
313420,ITUIUTABA,2019-02-17,2,2019,LESAO CORPORAL,CONSUMADO,1
313420,ITUIUTABA,2019-02-17,2,2019,VIAS DE FATO / AGRESSAO,CONSUMADO,1
313420,ITUIUTABA,2019-02-18,2,2019,AMEACA,CONSUMADO,2
313420,ITUIUTABA,2019-02-18,2,2019,LESAO CORPORAL,CONSUMADO,1
313420,ITUIUTABA,2019-02-19,2,2019,LESAO CORPORAL,CONSUMADO,1
313420,ITUIUTABA,2019-02-21,2,2019,LESAO CORPORAL,CONSUMADO,1
313420,ITUIUTABA,2019-02-23,2,2019,VIAS DE FATO / AGRESSAO,CONSUMADO,2
313420,ITUIUTABA,2019-02-24,2,2019,AMEACA,CONSUMADO,1
313420,ITUIUTABA,2019-02-24,2,2019,LESAO CORPORAL,CONSUMADO,1
313420,ITUIUTABA,2019-02-26,2,2019,AMEACA,CONSUMADO,1
313420,ITUIUTABA,2019-02-26,2,2019,VIAS DE FATO / AGRESSAO,CONSUMADO,1
313420,ITUIUTABA,2019-02-28,2,2019,LESAO CORPORAL,CONSUMADO,1
313420,ITUIUTABA,2019-03-02,3,2019,AMEACA,CONSUMADO,1
313420,ITUIUTABA,2019-03-02,3,2019,VIAS DE FATO / AGRESSAO,CONSUMADO,1
313420,ITUIUTABA,2019-03-04,3,2019,AMEACA,CONSUMADO,1
313420,ITUIUTABA,2019-03-04,3,2019,VIAS DE FATO / AGRESSAO,CONSUMADO,1
313420,ITUIUTABA,2019-03-05,3,2019,ATEND. DENUNCIA INFRACOES CONTRA MULHER(VIOLENCIA,CONSUMADO,1
313420,ITUIUTABA,2019-03-05,3,2019,LESAO CORPORAL,CONSUMADO,3
313420,ITUIUTABA,2019-03-07,3,2019,OUTRAS INFRACOES CONTRA O PATRIMONIO,CONSUMADO,1
313420,ITUIUTABA,2019-03-08,3,2019,AMEACA,CONSUMADO,1
313420,ITUIUTABA,2019-03-09,3,2019,AMEACA,CONSUMADO,1
313420,ITUIUTABA,2019-03-10,3,2019,AMEACA,CONSUMADO,2
313420,ITUIUTABA,2019-03-10,3,2019,LESAO CORPORAL,CONSUMADO,2
313420,ITUIUTABA,2019-03-10,3,2019,OUTROS INFRACOES C/ A PESSOA,CONSUMADO,1
313420,ITUIUTABA,2019-03-13,3,2019,AMEACA,CONSUMADO,1
313420,ITUIUTABA,2019-03-13,3,2019,LESAO CORPORAL,CONSUMADO,1
313420,ITUIUTABA,2019-03-14,3,2019,AMEACA,CONSUMADO,1
313420,ITUIUTABA,2019-03-15,3,2019,AMEACA,CONSUMADO,1
313420,ITUIUTABA,2019-03-15,3,2019,VIAS DE FATO / AGRESSAO,CONSUMADO,2
313420,ITUIUTABA,2019-03-16,3,2019,LESAO CORPORAL,CONSUMADO,1
313420,ITUIUTABA,2019-03-17,3,2019,VIAS DE FATO / AGRESSAO,CONSUMADO,2
313420,ITUIUTABA,2019-03-18,3,2019,OUTROS INFRACOES C/ A PESSOA,CONSUMADO,1
313420,ITUIUTABA,2019-03-19,3,2019,LESAO CORPORAL,CONSUMADO,1
313420,ITUIUTABA,2019-03-19,3,2019,VIAS DE FATO / AGRESSAO,CONSUMADO,1
313420,ITUIUTABA,2019-03-20,3,2019,AMEACA,CONSUMADO,4
313420,ITUIUTABA,2019-03-21,3,2019,VIAS DE FATO / AGRESSAO,CONSUMADO,1
313420,ITUIUTABA,2019-03-22,3,2019,AMEACA,CONSUMADO,2
313420,ITUIUTABA,2019-03-23,3,2019,LESAO CORPORAL,CONSUMADO,1
313420,ITUIUTABA,2019-03-24,3,2019,CALUNIA,CONSUMADO,1
313420,ITUIUTABA,2019-03-25,3,2019,LESAO CORPORAL,CONSUMADO,1
313420,ITUIUTABA,2019-03-28,3,2019,AMEACA,CONSUMADO,2
313420,ITUIUTABA,2019-03-29,3,2019,AMEACA,CONSUMADO,1
313420,ITUIUTABA,2019-03-30,3,2019,VIAS DE FATO / AGRESSAO,CONSUMADO,1
313420,ITUIUTABA,2019-03-31,3,2019,AMEACA,CONSUMADO,1
313420,ITUIUTABA,2019-03-31,3,2019,FURTO,CONSUMADO,1
313420,ITUIUTABA,2019-04-02,4,2019,AMEACA,CONSUMADO,2
313420,ITUIUTABA,2019-04-03,4,2019,AMEACA,CONSUMADO,4
313420,ITUIUTABA,2019-04-03,4,2019,LESAO CORPORAL,CONSUMADO,1
313420,ITUIUTABA,2019-04-05,4,2019,LESAO CORPORAL,CONSUMADO,1
313420,ITUIUTABA,2019-04-06,4,2019,LESAO CORPORAL,CONSUMADO,1
313420,ITUIUTABA,2019-04-07,4,2019,AMEACA,CONSUMADO,1
313420,ITUIUTABA,2019-04-07,4,2019,VIAS DE FATO / AGRESSAO,CONSUMADO,1
313420,ITUIUTABA,2019-04-08,4,2019,LESAO CORPORAL,CONSUMADO,3
313420,ITUIUTABA,2019-04-08,4,2019,OUTRAS INFRACOES CONTRA O PATRIMONIO,CONSUMADO,1
313420,ITUIUTABA,2019-04-08,4,2019,VIAS DE FATO / AGRESSAO,CONSUMADO,2
313420,ITUIUTABA,2019-04-09,4,2019,INJURIA,CONSUMADO,1
313420,ITUIUTABA,2019-04-09,4,2019,VIAS DE FATO / AGRESSAO,CONSUMADO,3
313420,ITUIUTABA,2019-04-10,4,2019,AMEACA,CONSUMADO,1
313420,ITUIUTABA,2019-04-10,4,2019,FURTO,CONSUMADO,1
313420,ITUIUTABA,2019-04-11,4,2019,AMEACA,CONSUMADO,1
313420,ITUIUTABA,2019-04-11,4,2019,VIAS DE FATO / AGRESSAO,CONSUMADO,1
313420,ITUIUTABA,2019-04-12,4,2019,AMEACA,CONSUMADO,1
313420,ITUIUTABA,2019-04-14,4,2019,LESAO CORPORAL,CONSUMADO,3
313420,ITUIUTABA,2019-04-14,4,2019,VIAS DE FATO / AGRESSAO,CONSUMADO,1
313420,ITUIUTABA,2019-04-15,4,2019,AMEACA,CONSUMADO,1
313420,ITUIUTABA,2019-04-20,4,2019,AMEACA,CONSUMADO,2
313420,ITUIUTABA,2019-04-20,4,2019,VIAS DE FATO / AGRESSAO,CONSUMADO,2
313420,ITUIUTABA,2019-04-21,4,2019,AMEACA,CONSUMADO,1
313420,ITUIUTABA,2019-04-21,4,2019,LESAO CORPORAL,CONSUMADO,1
313420,ITUIUTABA,2019-04-22,4,2019,ABUSO DE INCAPAZES,CONSUMADO,1
313420,ITUIUTABA,2019-04-22,4,2019,AMEACA,CONSUMADO,1
313420,ITUIUTABA,2019-04-22,4,2019,VIAS DE FATO / AGRESSAO,CONSUMADO,1
313420,ITUIUTABA,2019-04-26,4,2019,VIAS DE FATO / AGRESSAO,CONSUMADO,1
313420,ITUIUTABA,2019-04-28,4,2019,AMEACA,CONSUMADO,2
313420,ITUIUTABA,2019-04-28,4,2019,OUTRAS ACOES DEFESA SOCIAL,CONSUMADO,1
313420,ITUIUTABA,2019-04-29,4,2019,AMEACA,CONSUMADO,1
313420,ITUIUTABA,2019-04-30,4,2019,VIAS DE FATO / AGRESSAO,CONSUMADO,1
313420,ITUIUTABA,2019-05-01,5,2019,AMEACA,CONSUMADO,3
313420,ITUIUTABA,2019-05-02,5,2019,VIAS DE FATO / AGRESSAO,CONSUMADO,1
313420,ITUIUTABA,2019-05-03,5,2019,AMEACA,CONSUMADO,1
313420,ITUIUTABA,2019-05-04,5,2019,INJURIA,CONSUMADO,1
313420,ITUIUTABA,2019-05-07,5,2019,AMEACA,CONSUMADO,2
313420,ITUIUTABA,2019-05-07,5,2019,VIAS DE FATO / AGRESSAO,CONSUMADO,1
313420,ITUIUTABA,2019-05-09,5,2019,DESOBEDECE ORDEM JUDICIAL (PERDA/SUS DIREITO),CONSUMADO,1
313420,ITUIUTABA,2019-05-10,5,2019,LESAO CORPORAL,CONSUMADO,1
313420,ITUIUTABA,2019-05-11,5,2019,AMEACA,CONSUMADO,1
313420,ITUIUTABA,2019-05-11,5,2019,VIAS DE FATO / AGRESSAO,CONSUMADO,1
313420,ITUIUTABA,2019-05-12,5,2019,AMEACA,CONSUMADO,1
313420,ITUIUTABA,2019-05-12,5,2019,LESAO CORPORAL,CONSUMADO,1
313420,ITUIUTABA,2019-05-12,5,2019,VIAS DE FATO / AGRESSAO,CONSUMADO,1
313420,ITUIUTABA,2019-05-13,5,2019,FURTO,CONSUMADO,1
313420,ITUIUTABA,2019-05-13,5,2019,VIAS DE FATO / AGRESSAO,CONSUMADO,1
313420,ITUIUTABA,2019-05-14,5,2019,AMEACA,CONSUMADO,1
313420,ITUIUTABA,2019-05-14,5,2019,DANO,CONSUMADO,1
313420,ITUIUTABA,2019-05-15,5,2019,OUTROS INFRACOES C/ A PESSOA,CONSUMADO,1
313420,ITUIUTABA,2019-05-16,5,2019,OUTRAS INFRACOES DEMAIS LEIS ESPECIAIS,CONSUMADO,1
313420,ITUIUTABA,2019-05-17,5,2019,AMEACA,CONSUMADO,2
313420,ITUIUTABA,2019-05-17,5,2019,OUTRAS INFRACOES CONTRA DIGNIDADE SEXUAL E A FAMIL,CONSUMADO,1
313420,ITUIUTABA,2019-05-18,5,2019,AMEACA,CONSUMADO,1
313420,ITUIUTABA,2019-05-18,5,2019,LESAO CORPORAL,CONSUMADO,1
313420,ITUIUTABA,2019-05-18,5,2019,VIAS DE FATO / AGRESSAO,CONSUMADO,1
313420,ITUIUTABA,2019-05-20,5,2019,AMEACA,CONSUMADO,1
313420,ITUIUTABA,2019-05-20,5,2019,CALUNIA,CONSUMADO,1
313420,ITUIUTABA,2019-05-20,5,2019,REMOCAO DE CADAVER EM LOCAL DE CRIME OU ACIDENTE,CONSUMADO,1
313420,ITUIUTABA,2019-05-21,5,2019,AMEACA,CONSUMADO,1
313420,ITUIUTABA,2019-05-22,5,2019,LESAO CORPORAL,CONSUMADO,1
313420,ITUIUTABA,2019-05-22,5,2019,VIAS DE FATO / AGRESSAO,CONSUMADO,1
313420,ITUIUTABA,2019-05-23,5,2019,AMEACA,CONSUMADO,1
313420,ITUIUTABA,2019-05-24,5,2019,AMEACA,CONSUMADO,2
313420,ITUIUTABA,2019-05-24,5,2019,ATEND. DENUNCIA INFRACOES CONTRA MULHER(VIOLENCIA,CONSUMADO,1
313420,ITUIUTABA,2019-05-24,5,2019,OUTRAS ACOES DEFESA SOCIAL,CONSUMADO,1
313420,ITUIUTABA,2019-05-24,5,2019,VIAS DE FATO / AGRESSAO,CONSUMADO,1
313420,ITUIUTABA,2019-05-26,5,2019,AMEACA,CONSUMADO,1
313420,ITUIUTABA,2019-05-26,5,2019,VIAS DE FATO / AGRESSAO,CONSUMADO,1
313420,ITUIUTABA,2019-05-28,5,2019,AMEACA,CONSUMADO,2
313420,ITUIUTABA,2019-05-28,5,2019,LESAO CORPORAL,CONSUMADO,1
313420,ITUIUTABA,2019-05-30,5,2019,AMEACA,CONSUMADO,1
313420,ITUIUTABA,2019-05-30,5,2019,OUTROS INFRACOES C/ A PESSOA,CONSUMADO,1
313420,ITUIUTABA,2019-06-04,6,2019,AMEACA,CONSUMADO,1
313420,ITUIUTABA,2019-06-05,6,2019,AMEACA,CONSUMADO,1
313420,ITUIUTABA,2019-06-06,6,2019,AMEACA,CONSUMADO,1
313420,ITUIUTABA,2019-06-08,6,2019,AMEACA,CONSUMADO,1
313420,ITUIUTABA,2019-06-09,6,2019,VIAS DE FATO / AGRESSAO,CONSUMADO,3
313420,ITUIUTABA,2019-06-11,6,2019,AMEACA,CONSUMADO,2
313420,ITUIUTABA,2019-06-11,6,2019,LESAO CORPORAL,CONSUMADO,1
313420,ITUIUTABA,2019-06-11,6,2019,VIAS DE FATO / AGRESSAO,CONSUMADO,1
313420,ITUIUTABA,2019-06-13,6,2019,AMEACA,CONSUMADO,1
313420,ITUIUTABA,2019-06-14,6,2019,AMEACA,CONSUMADO,1
313420,ITUIUTABA,2019-06-14,6,2019,LESAO CORPORAL,CONSUMADO,1
313420,ITUIUTABA,2019-06-15,6,2019,ATEND. DENUNCIA INFRACOES CONTRA MULHER(VIOLENCIA,CONSUMADO,1
313420,ITUIUTABA,2019-06-16,6,2019,VIAS DE FATO / AGRESSAO,CONSUMADO,1
313420,ITUIUTABA,2019-06-17,6,2019,AMEACA,CONSUMADO,3
313420,ITUIUTABA,2019-06-18,6,2019,FURTO,CONSUMADO,1
313420,ITUIUTABA,2019-06-18,6,2019,LESAO CORPORAL,CONSUMADO,1
313420,ITUIUTABA,2019-06-18,6,2019,OUTRAS ACOES DEFESA SOCIAL,CONSUMADO,1
313420,ITUIUTABA,2019-06-18,6,2019,OUTRAS INFRACOES CONTRA DIGNIDADE SEXUAL E A FAMIL,CONSUMADO,1
313420,ITUIUTABA,2019-06-19,6,2019,AMEACA,CONSUMADO,1
313420,ITUIUTABA,2019-06-19,6,2019,ROUBO,CONSUMADO,1
313420,ITUIUTABA,2019-06-20,6,2019,AMEACA,CONSUMADO,2
313420,ITUIUTABA,2019-06-20,6,2019,LESAO CORPORAL,CONSUMADO,1
313420,ITUIUTABA,2019-06-21,6,2019,AMEACA,CONSUMADO,3
313420,ITUIUTABA,2019-06-21,6,2019,OUTROS INFRACOES C/ A PESSOA,CONSUMADO,1
313420,ITUIUTABA,2019-06-22,6,2019,OUTRAS INFRACOES CONTRA O PATRIMONIO,CONSUMADO,1
313420,ITUIUTABA,2019-06-23,6,2019,AMEACA,CONSUMADO,3
313420,ITUIUTABA,2019-06-23,6,2019,DANO,CONSUMADO,1
313420,ITUIUTABA,2019-06-24,6,2019,AMEACA,CONSUMADO,1
313420,ITUIUTABA,2019-06-25,6,2019,ABUSO DE INCAPAZES,CONSUMADO,1
313420,ITUIUTABA,2019-06-25,6,2019,AMEACA,CONSUMADO,1
313420,ITUIUTABA,2019-06-25,6,2019,LESAO CORPORAL,CONSUMADO,2
313420,ITUIUTABA,2019-06-25,6,2019,OUTRAS ACOES DEFESA SOCIAL,CONSUMADO,1
313420,ITUIUTABA,2019-06-26,6,2019,AMEACA,CONSUMADO,1
313420,ITUIUTABA,2019-06-29,6,2019,AMEACA,CONSUMADO,2
313420,ITUIUTABA,2019-06-29,6,2019,LESAO CORPORAL,CONSUMADO,1
313420,ITUIUTABA,2019-06-30,6,2019,LESAO CORPORAL,CONSUMADO,1
313420,ITUIUTABA,2019-06-30,6,2019,VIAS DE FATO / AGRESSAO,CONSUMADO,3
313420,ITUIUTABA,2019-07-01,7,2019,OUTROS INFRACOES C/ A PESSOA,CONSUMADO,1
313420,ITUIUTABA,2019-07-01,7,2019,VIAS DE FATO / AGRESSAO,CONSUMADO,1
313420,ITUIUTABA,2019-07-02,7,2019,DESOBEDECE ORDEM JUDICIAL (PERDA/SUS DIREITO),CONSUMADO,1
313420,ITUIUTABA,2019-07-02,7,2019,LESAO CORPORAL,CONSUMADO,2
313420,ITUIUTABA,2019-07-03,7,2019,ESTUPRO,CONSUMADO,1
313420,ITUIUTABA,2019-07-03,7,2019,VIAS DE FATO / AGRESSAO,CONSUMADO,1
313420,ITUIUTABA,2019-07-04,7,2019,LESAO CORPORAL,CONSUMADO,1
313420,ITUIUTABA,2019-07-04,7,2019,VIAS DE FATO / AGRESSAO,CONSUMADO,2
313420,ITUIUTABA,2019-07-05,7,2019,AMEACA,CONSUMADO,2
313420,ITUIUTABA,2019-07-05,7,2019,ESTUPRO DE VULNERAVEL,CONSUMADO,1
313420,ITUIUTABA,2019-07-05,7,2019,OUTROS INFRACOES C/ A PESSOA,CONSUMADO,1
313420,ITUIUTABA,2019-07-05,7,2019,VIAS DE FATO / AGRESSAO,CONSUMADO,1
313420,ITUIUTABA,2019-07-06,7,2019,AMEACA,CONSUMADO,1
313420,ITUIUTABA,2019-07-06,7,2019,LESAO CORPORAL,CONSUMADO,1
313420,ITUIUTABA,2019-07-08,7,2019,AMEACA,CONSUMADO,3
313420,ITUIUTABA,2019-07-08,7,2019,ATEND. DENUNCIA INFRACOES CONTRA MULHER(VIOLENCIA,CONSUMADO,1
313420,ITUIUTABA,2019-07-08,7,2019,LESAO CORPORAL,CONSUMADO,1
313420,ITUIUTABA,2019-07-08,7,2019,PERTURBACAO DO TRABALHO OU DO SOSSEGO ALHEIOS,CONSUMADO,1
313420,ITUIUTABA,2019-07-08,7,2019,VIAS DE FATO / AGRESSAO,CONSUMADO,1
313420,ITUIUTABA,2019-07-09,7,2019,AMEACA,CONSUMADO,1
313420,ITUIUTABA,2019-07-09,7,2019,FURTO,CONSUMADO,1
313420,ITUIUTABA,2019-07-09,7,2019,VIAS DE FATO / AGRESSAO,CONSUMADO,1
313420,ITUIUTABA,2019-07-10,7,2019,ASSEDIO SEXUAL,CONSUMADO,1
313420,ITUIUTABA,2019-07-10,7,2019,LESAO CORPORAL,CONSUMADO,1
313420,ITUIUTABA,2019-07-10,7,2019,OUTRAS ACOES DEFESA SOCIAL,CONSUMADO,1
313420,ITUIUTABA,2019-07-12,7,2019,DIFAMACAO,CONSUMADO,1
313420,ITUIUTABA,2019-07-13,7,2019,OUTRAS ACOES DEFESA SOCIAL,CONSUMADO,1
313420,ITUIUTABA,2019-07-14,7,2019,VIAS DE FATO / AGRESSAO,CONSUMADO,1
313420,ITUIUTABA,2019-07-15,7,2019,PERTURBACAO DA TRANQUILIDADE,CONSUMADO,1
313420,ITUIUTABA,2019-07-16,7,2019,OUTROS INFRACOES C/ A PESSOA,CONSUMADO,1
313420,ITUIUTABA,2019-07-17,7,2019,PERTURBACAO DO TRABALHO OU DO SOSSEGO ALHEIOS,CONSUMADO,1
313420,ITUIUTABA,2019-07-18,7,2019,AMEACA,CONSUMADO,1
313420,ITUIUTABA,2019-07-18,7,2019,LESAO CORPORAL,CONSUMADO,1
313420,ITUIUTABA,2019-07-20,7,2019,AMEACA,CONSUMADO,1
313420,ITUIUTABA,2019-07-21,7,2019,AMEACA,CONSUMADO,1
313420,ITUIUTABA,2019-07-21,7,2019,LESAO CORPORAL,CONSUMADO,1
313420,ITUIUTABA,2019-07-22,7,2019,LESAO CORPORAL,CONSUMADO,2
313420,ITUIUTABA,2019-07-23,7,2019,AMEACA,CONSUMADO,1
313420,ITUIUTABA,2019-07-23,7,2019,LESAO CORPORAL,CONSUMADO,1
313420,ITUIUTABA,2019-07-24,7,2019,ESTELIONATO,CONSUMADO,1
313420,ITUIUTABA,2019-07-25,7,2019,AMEACA,CONSUMADO,1
313420,ITUIUTABA,2019-07-25,7,2019,PERTURBACAO DO TRABALHO OU DO SOSSEGO ALHEIOS,CONSUMADO,1
313420,ITUIUTABA,2019-07-26,7,2019,LESAO CORPORAL,CONSUMADO,1
313420,ITUIUTABA,2019-07-27,7,2019,AMEACA,CONSUMADO,1
313420,ITUIUTABA,2019-07-27,7,2019,ATEND. DENUNCIA INFRACOES CONTRA MULHER(VIOLENCIA,CONSUMADO,1
313420,ITUIUTABA,2019-07-28,7,2019,AMEACA,CONSUMADO,1
313420,ITUIUTABA,2019-07-28,7,2019,FURTO,CONSUMADO,1
313420,ITUIUTABA,2019-07-28,7,2019,LESAO CORPORAL,CONSUMADO,2
313420,ITUIUTABA,2019-07-28,7,2019,VIAS DE FATO / AGRESSAO,CONSUMADO,1
313420,ITUIUTABA,2019-07-29,7,2019,AMEACA,CONSUMADO,1
313420,ITUIUTABA,2019-07-29,7,2019,VIAS DE FATO / AGRESSAO,CONSUMADO,2
313420,ITUIUTABA,2019-08-01,8,2019,LESAO CORPORAL,CONSUMADO,1
313420,ITUIUTABA,2019-08-02,8,2019,AMEACA,CONSUMADO,2
313420,ITUIUTABA,2019-08-02,8,2019,DANO,CONSUMADO,1
313420,ITUIUTABA,2019-08-03,8,2019,AMEACA,CONSUMADO,1
313420,ITUIUTABA,2019-08-03,8,2019,LESAO CORPORAL,CONSUMADO,1
313420,ITUIUTABA,2019-08-03,8,2019,OUTROS INFRACOES C/ A PESSOA,CONSUMADO,1
313420,ITUIUTABA,2019-08-04,8,2019,AMEACA,CONSUMADO,1
313420,ITUIUTABA,2019-08-08,8,2019,AMEACA,CONSUMADO,1
313420,ITUIUTABA,2019-08-09,8,2019,AMEACA,CONSUMADO,1
313420,ITUIUTABA,2019-08-09,8,2019,VIAS DE FATO / AGRESSAO,CONSUMADO,1
313420,ITUIUTABA,2019-08-11,8,2019,AMEACA,CONSUMADO,1
313420,ITUIUTABA,2019-08-12,8,2019,AMEACA,CONSUMADO,2
313420,ITUIUTABA,2019-08-12,8,2019,LESAO CORPORAL,CONSUMADO,2
313420,ITUIUTABA,2019-08-13,8,2019,LESAO CORPORAL,CONSUMADO,1
313420,ITUIUTABA,2019-08-14,8,2019,LESAO CORPORAL,CONSUMADO,1
313420,ITUIUTABA,2019-08-14,8,2019,VIAS DE FATO / AGRESSAO,CONSUMADO,1
313420,ITUIUTABA,2019-08-16,8,2019,VIAS DE FATO / AGRESSAO,CONSUMADO,1
313420,ITUIUTABA,2019-08-17,8,2019,AMEACA,CONSUMADO,2
313420,ITUIUTABA,2019-08-18,8,2019,AMEACA,CONSUMADO,1
313420,ITUIUTABA,2019-08-18,8,2019,LESAO CORPORAL,CONSUMADO,1
313420,ITUIUTABA,2019-08-18,8,2019,PERTURBACAO DO TRABALHO OU DO SOSSEGO ALHEIOS,CONSUMADO,1
313420,ITUIUTABA,2019-08-19,8,2019,HOMICIDIO,TENTADO,1
313420,ITUIUTABA,2019-08-21,8,2019,ABANDONO DE INCAPAZ,CONSUMADO,1
313420,ITUIUTABA,2019-08-22,8,2019,AMEACA,CONSUMADO,1
313420,ITUIUTABA,2019-08-22,8,2019,VIAS DE FATO / AGRESSAO,CONSUMADO,1
313420,ITUIUTABA,2019-08-23,8,2019,AMEACA,CONSUMADO,1
313420,ITUIUTABA,2019-08-24,8,2019,APROPRIACAO INDEBITA DE COISA ALHEIA MOVEL,CONSUMADO,1
313420,ITUIUTABA,2019-08-26,8,2019,OUTRAS INFRACOES CONTRA DIGNIDADE SEXUAL E A FAMIL,CONSUMADO,1
313420,ITUIUTABA,2019-08-26,8,2019,OUTROS INFRACOES C/ A PESSOA,CONSUMADO,1
313420,ITUIUTABA,2019-08-27,8,2019,AMEACA,CONSUMADO,2
313420,ITUIUTABA,2019-08-27,8,2019,OUTRAS INFRACOES CONTRA DIGNIDADE SEXUAL E A FAMIL,CONSUMADO,1
313420,ITUIUTABA,2019-08-28,8,2019,LESAO CORPORAL,CONSUMADO,1
313420,ITUIUTABA,2019-08-29,8,2019,AMEACA,CONSUMADO,1
313420,ITUIUTABA,2019-08-29,8,2019,LESAO CORPORAL,CONSUMADO,1
313420,ITUIUTABA,2019-08-30,8,2019,AMEACA,CONSUMADO,1
313420,ITUIUTABA,2019-08-31,8,2019,AMEACA,CONSUMADO,1
313420,ITUIUTABA,2019-09-01,9,2019,APROPRIACAO INDEBITA DE COISA ALHEIA MOVEL,CONSUMADO,1
313420,ITUIUTABA,2019-09-01,9,2019,LESAO CORPORAL,CONSUMADO,1
313420,ITUIUTABA,2019-09-02,9,2019,AMEACA,CONSUMADO,2
313420,ITUIUTABA,2019-09-03,9,2019,AMEACA,CONSUMADO,1
313420,ITUIUTABA,2019-09-04,9,2019,LESAO CORPORAL,CONSUMADO,1
313420,ITUIUTABA,2019-09-04,9,2019,VIAS DE FATO / AGRESSAO,CONSUMADO,1
313420,ITUIUTABA,2019-09-05,9,2019,AMEACA,CONSUMADO,1
313420,ITUIUTABA,2019-09-05,9,2019,MAUS TRATOS,CONSUMADO,1
313420,ITUIUTABA,2019-09-05,9,2019,VIAS DE FATO / AGRESSAO,CONSUMADO,1
313420,ITUIUTABA,2019-09-07,9,2019,LESAO CORPORAL,CONSUMADO,2
313420,ITUIUTABA,2019-09-08,9,2019,PERTURBACAO DO TRABALHO OU DO SOSSEGO ALHEIOS,CONSUMADO,1
313420,ITUIUTABA,2019-09-09,9,2019,LESAO CORPORAL,CONSUMADO,3
313420,ITUIUTABA,2019-09-10,9,2019,AMEACA,CONSUMADO,1
313420,ITUIUTABA,2019-09-11,9,2019,AMEACA,CONSUMADO,1
313420,ITUIUTABA,2019-09-11,9,2019,LESAO CORPORAL,CONSUMADO,1
313420,ITUIUTABA,2019-09-13,9,2019,AMEACA,CONSUMADO,1
313420,ITUIUTABA,2019-09-14,9,2019,AMEACA,CONSUMADO,1
313420,ITUIUTABA,2019-09-14,9,2019,VIAS DE FATO / AGRESSAO,CONSUMADO,1
313420,ITUIUTABA,2019-09-15,9,2019,LESAO CORPORAL,CONSUMADO,2
313420,ITUIUTABA,2019-09-16,9,2019,AMEACA,CONSUMADO,2
313420,ITUIUTABA,2019-09-16,9,2019,LESAO CORPORAL,CONSUMADO,1
313420,ITUIUTABA,2019-09-17,9,2019,AMEACA,CONSUMADO,1
313420,ITUIUTABA,2019-09-18,9,2019,LESAO CORPORAL,CONSUMADO,2
313420,ITUIUTABA,2019-09-19,9,2019,VIAS DE FATO / AGRESSAO,CONSUMADO,1
313420,ITUIUTABA,2019-09-20,9,2019,AMEACA,CONSUMADO,3
313420,ITUIUTABA,2019-09-22,9,2019,AMEACA,CONSUMADO,1
313420,ITUIUTABA,2019-09-23,9,2019,LESAO CORPORAL,CONSUMADO,1
313420,ITUIUTABA,2019-09-24,9,2019,AMEACA,CONSUMADO,1
313420,ITUIUTABA,2019-09-24,9,2019,CALUNIA,CONSUMADO,1
313420,ITUIUTABA,2019-09-24,9,2019,LESAO CORPORAL,CONSUMADO,1
313420,ITUIUTABA,2019-09-24,9,2019,VIAS DE FATO / AGRESSAO,CONSUMADO,1
313420,ITUIUTABA,2019-09-25,9,2019,LESAO CORPORAL,CONSUMADO,2
313420,ITUIUTABA,2019-09-27,9,2019,PERTURBACAO DA TRANQUILIDADE,CONSUMADO,1
313420,ITUIUTABA,2019-09-28,9,2019,AMEACA,CONSUMADO,1
313420,ITUIUTABA,2019-09-29,9,2019,AMEACA,CONSUMADO,2
313420,ITUIUTABA,2019-09-30,9,2019,AMEACA,CONSUMADO,2
313420,ITUIUTABA,2019-10-01,10,2019,AMEACA,CONSUMADO,2
313420,ITUIUTABA,2019-10-01,10,2019,VIAS DE FATO / AGRESSAO,CONSUMADO,1
313420,ITUIUTABA,2019-10-02,10,2019,AMEACA,CONSUMADO,1
313420,ITUIUTABA,2019-10-02,10,2019,LESAO CORPORAL,CONSUMADO,1
313420,ITUIUTABA,2019-10-04,10,2019,AMEACA,CONSUMADO,2
313420,ITUIUTABA,2019-10-04,10,2019,ATEND. DENUNCIA INFRACOES CONTRA MULHER(VIOLENCIA,CONSUMADO,1
313420,ITUIUTABA,2019-10-05,10,2019,LESAO CORPORAL,CONSUMADO,2
313420,ITUIUTABA,2019-10-06,10,2019,LESAO CORPORAL,CONSUMADO,1
313420,ITUIUTABA,2019-10-06,10,2019,VIAS DE FATO / AGRESSAO,CONSUMADO,1
313420,ITUIUTABA,2019-10-07,10,2019,AMEACA,CONSUMADO,1
313420,ITUIUTABA,2019-10-07,10,2019,OUTROS INFRACOES C/ A PESSOA,CONSUMADO,1
313420,ITUIUTABA,2019-10-08,10,2019,LESAO CORPORAL,CONSUMADO,1
313420,ITUIUTABA,2019-10-09,10,2019,AMEACA,CONSUMADO,1
313420,ITUIUTABA,2019-10-09,10,2019,OUTROS INFRACOES C/ A PESSOA,CONSUMADO,1
313420,ITUIUTABA,2019-10-10,10,2019,OUTRAS ACOES DEFESA SOCIAL,CONSUMADO,1
313420,ITUIUTABA,2019-10-11,10,2019,VIAS DE FATO / AGRESSAO,CONSUMADO,1
313420,ITUIUTABA,2019-10-12,10,2019,AMEACA,CONSUMADO,1
313420,ITUIUTABA,2019-10-13,10,2019,AMEACA,CONSUMADO,1
313420,ITUIUTABA,2019-10-13,10,2019,LESAO CORPORAL,CONSUMADO,1
313420,ITUIUTABA,2019-10-14,10,2019,LESAO CORPORAL,CONSUMADO,1
313420,ITUIUTABA,2019-10-14,10,2019,PERTURBACAO DA TRANQUILIDADE,CONSUMADO,1
313420,ITUIUTABA,2019-10-15,10,2019,AMEACA,CONSUMADO,1
313420,ITUIUTABA,2019-10-15,10,2019,LESAO CORPORAL,CONSUMADO,2
313420,ITUIUTABA,2019-10-15,10,2019,VIAS DE FATO / AGRESSAO,CONSUMADO,1
313420,ITUIUTABA,2019-10-16,10,2019,AMEACA,CONSUMADO,1
313420,ITUIUTABA,2019-10-17,10,2019,DANO,CONSUMADO,1
313420,ITUIUTABA,2019-10-18,10,2019,AMEACA,CONSUMADO,1
313420,ITUIUTABA,2019-10-19,10,2019,AMEACA,CONSUMADO,1
313420,ITUIUTABA,2019-10-20,10,2019,ATRITO VERBAL,CONSUMADO,1
313420,ITUIUTABA,2019-10-20,10,2019,VIAS DE FATO / AGRESSAO,CONSUMADO,1
313420,ITUIUTABA,2019-10-21,10,2019,AMEACA,CONSUMADO,1
313420,ITUIUTABA,2019-10-22,10,2019,LESAO CORPORAL,CONSUMADO,1
313420,ITUIUTABA,2019-10-23,10,2019,AMEACA,CONSUMADO,1
313420,ITUIUTABA,2019-10-23,10,2019,VIAS DE FATO / AGRESSAO,CONSUMADO,1
313420,ITUIUTABA,2019-10-24,10,2019,DESCUMPRIMENTO DE MEDIDA PROTETIVA DE URGENCIA,CONSUMADO,1
313420,ITUIUTABA,2019-10-24,10,2019,FURTO,CONSUMADO,1
313420,ITUIUTABA,2019-10-25,10,2019,AMEACA,CONSUMADO,1
313420,ITUIUTABA,2019-10-27,10,2019,LESAO CORPORAL,CONSUMADO,2
313420,ITUIUTABA,2019-10-27,10,2019,VIAS DE FATO / AGRESSAO,CONSUMADO,1
313420,ITUIUTABA,2019-10-28,10,2019,AMEACA,CONSUMADO,1
313420,ITUIUTABA,2019-10-29,10,2019,AMEACA,CONSUMADO,1
313420,ITUIUTABA,2019-10-29,10,2019,VIAS DE FATO / AGRESSAO,CONSUMADO,1
313420,ITUIUTABA,2019-10-30,10,2019,DESCUMPRIMENTO DE MEDIDA PROTETIVA DE URGENCIA,CONSUMADO,3
313420,ITUIUTABA,2019-10-31,10,2019,AMEACA,CONSUMADO,1
313420,ITUIUTABA,2019-10-31,10,2019,VISITA TRANQUILIZADORA A VITIMA DE VIOLENCIA DOMES,CONSUMADO,4
313420,ITUIUTABA,2019-11-01,11,2019,AMEACA,CONSUMADO,1
313420,ITUIUTABA,2019-11-01,11,2019,LESAO CORPORAL,CONSUMADO,1
313420,ITUIUTABA,2019-11-01,11,2019,VIAS DE FATO / AGRESSAO,CONSUMADO,1
313420,ITUIUTABA,2019-11-02,11,2019,LESAO CORPORAL,CONSUMADO,1
313420,ITUIUTABA,2019-11-03,11,2019,AMEACA,CONSUMADO,1
313420,ITUIUTABA,2019-11-06,11,2019,AMEACA,CONSUMADO,1
313420,ITUIUTABA,2019-11-07,11,2019,LESAO CORPORAL,CONSUMADO,1
313420,ITUIUTABA,2019-11-08,11,2019,DESCUMPRIMENTO DE MEDIDA PROTETIVA DE URGENCIA,CONSUMADO,1
313420,ITUIUTABA,2019-11-09,11,2019,LESAO CORPORAL,CONSUMADO,2
313420,ITUIUTABA,2019-11-09,11,2019,VIAS DE FATO / AGRESSAO,CONSUMADO,2
313420,ITUIUTABA,2019-11-10,11,2019,ATEND. DENUNCIA INFRACOES CONTRA MULHER(VIOLENCIA,CONSUMADO,1
313420,ITUIUTABA,2019-11-10,11,2019,ESTELIONATO,CONSUMADO,1
313420,ITUIUTABA,2019-11-11,11,2019,AMEACA,CONSUMADO,3
313420,ITUIUTABA,2019-11-11,11,2019,LESAO CORPORAL,CONSUMADO,1
313420,ITUIUTABA,2019-11-11,11,2019,VIAS DE FATO / AGRESSAO,CONSUMADO,1
313420,ITUIUTABA,2019-11-13,11,2019,AMEACA,CONSUMADO,1
313420,ITUIUTABA,2019-11-14,11,2019,AMEACA,CONSUMADO,2
313420,ITUIUTABA,2019-11-14,11,2019,LESAO CORPORAL,CONSUMADO,1
313420,ITUIUTABA,2019-11-15,11,2019,ATEND. DENUNCIA INFRACOES CONTRA MULHER(VIOLENCIA,CONSUMADO,1
313420,ITUIUTABA,2019-11-16,11,2019,AMEACA,CONSUMADO,1
313420,ITUIUTABA,2019-11-16,11,2019,VIAS DE FATO / AGRESSAO,CONSUMADO,1
313420,ITUIUTABA,2019-11-17,11,2019,VIAS DE FATO / AGRESSAO,CONSUMADO,3
313420,ITUIUTABA,2019-11-17,11,2019,VIOLACAO DE DOMICILIO,CONSUMADO,1
313420,ITUIUTABA,2019-11-18,11,2019,AMEACA,CONSUMADO,1
313420,ITUIUTABA,2019-11-18,11,2019,LESAO CORPORAL,CONSUMADO,1
313420,ITUIUTABA,2019-11-18,11,2019,VISITA TRANQUILIZADORA A VITIMA DE VIOLENCIA DOMES,CONSUMADO,1
313420,ITUIUTABA,2019-11-19,11,2019,AMEACA,CONSUMADO,1
313420,ITUIUTABA,2019-11-19,11,2019,VISITA TRANQUILIZADORA A VITIMA DE VIOLENCIA DOMES,CONSUMADO,1
313420,ITUIUTABA,2019-11-20,11,2019,SEQUESTRO E CARCERE PRIVADO,CONSUMADO,1
313420,ITUIUTABA,2019-11-20,11,2019,VISITA TRANQUILIZADORA A VITIMA DE VIOLENCIA DOMES,CONSUMADO,3
313420,ITUIUTABA,2019-11-21,11,2019,AMEACA,CONSUMADO,1
313420,ITUIUTABA,2019-11-21,11,2019,VISITA TRANQUILIZADORA A VITIMA DE VIOLENCIA DOMES,CONSUMADO,3
313420,ITUIUTABA,2019-11-22,11,2019,AMEACA,CONSUMADO,2
313420,ITUIUTABA,2019-11-22,11,2019,VIAS DE FATO / AGRESSAO,CONSUMADO,1
313420,ITUIUTABA,2019-11-23,11,2019,LESAO CORPORAL,CONSUMADO,1
313420,ITUIUTABA,2019-11-23,11,2019,VIAS DE FATO / AGRESSAO,CONSUMADO,1
313420,ITUIUTABA,2019-11-24,11,2019,AMEACA,CONSUMADO,1
313420,ITUIUTABA,2019-11-24,11,2019,VIAS DE FATO / AGRESSAO,CONSUMADO,2
313420,ITUIUTABA,2019-11-25,11,2019,AMEACA,CONSUMADO,1
313420,ITUIUTABA,2019-11-25,11,2019,VISITA TRANQUILIZADORA A VITIMA DE VIOLENCIA DOMES,CONSUMADO,1
313420,ITUIUTABA,2019-11-26,11,2019,AMEACA,CONSUMADO,2
313420,ITUIUTABA,2019-11-26,11,2019,DESCUMPRIMENTO DE MEDIDA PROTETIVA DE URGENCIA,CONSUMADO,1
313420,ITUIUTABA,2019-11-26,11,2019,OUTRAS ACOES DEFESA SOCIAL,CONSUMADO,1
313420,ITUIUTABA,2019-11-26,11,2019,VIAS DE FATO / AGRESSAO,CONSUMADO,1
313420,ITUIUTABA,2019-11-26,11,2019,VISITA TRANQUILIZADORA A VITIMA DE VIOLENCIA DOMES,CONSUMADO,5
313420,ITUIUTABA,2019-11-27,11,2019,OUTRAS ATENDIMENTOS DE DENUNCIAS DE FATOS DE SEGUR,CONSUMADO,1
313420,ITUIUTABA,2019-11-27,11,2019,OUTRAS INFRACOES CONTRA DIGNIDADE SEXUAL E A FAMIL,CONSUMADO,1
313420,ITUIUTABA,2019-11-27,11,2019,PERTURBACAO DA TRANQUILIDADE,CONSUMADO,1
313420,ITUIUTABA,2019-11-27,11,2019,VIAS DE FATO / AGRESSAO,CONSUMADO,1
313420,ITUIUTABA,2019-11-27,11,2019,VISITA TRANQUILIZADORA A VITIMA DE VIOLENCIA DOMES,CONSUMADO,7
313420,ITUIUTABA,2019-11-29,11,2019,ATEND. DENUNCIA INFRACOES CONTRA MULHER(VIOLENCIA,CONSUMADO,1
313420,ITUIUTABA,2019-11-30,11,2019,AMEACA,CONSUMADO,1
313420,ITUIUTABA,2019-12-01,12,2019,LESAO CORPORAL,CONSUMADO,1
313420,ITUIUTABA,2019-12-01,12,2019,VIAS DE FATO / AGRESSAO,CONSUMADO,2
313420,ITUIUTABA,2019-12-02,12,2019,AMEACA,CONSUMADO,1
313420,ITUIUTABA,2019-12-02,12,2019,OUTRAS ACOES DEFESA SOCIAL,CONSUMADO,1
313420,ITUIUTABA,2019-12-03,12,2019,AMEACA,CONSUMADO,1
313420,ITUIUTABA,2019-12-04,12,2019,DESCUMPRIMENTO DE MEDIDA PROTETIVA DE URGENCIA,CONSUMADO,1
313420,ITUIUTABA,2019-12-04,12,2019,VIAS DE FATO / AGRESSAO,CONSUMADO,1
313420,ITUIUTABA,2019-12-06,12,2019,AMEACA,CONSUMADO,1
313420,ITUIUTABA,2019-12-07,12,2019,ESTUPRO,CONSUMADO,1
313420,ITUIUTABA,2019-12-07,12,2019,LESAO CORPORAL,CONSUMADO,2
313420,ITUIUTABA,2019-12-07,12,2019,VIAS DE FATO / AGRESSAO,CONSUMADO,1
313420,ITUIUTABA,2019-12-08,12,2019,LESAO CORPORAL,CONSUMADO,1
313420,ITUIUTABA,2019-12-09,12,2019,AMEACA,CONSUMADO,3
313420,ITUIUTABA,2019-12-09,12,2019,VIAS DE FATO / AGRESSAO,CONSUMADO,1
313420,ITUIUTABA,2019-12-10,12,2019,AMEACA,CONSUMADO,2
313420,ITUIUTABA,2019-12-11,12,2019,ATRITO VERBAL,CONSUMADO,2
313420,ITUIUTABA,2019-12-11,12,2019,LESAO CORPORAL,CONSUMADO,1
313420,ITUIUTABA,2019-12-11,12,2019,VIAS DE FATO / AGRESSAO,CONSUMADO,3
313420,ITUIUTABA,2019-12-12,12,2019,AMEACA,CONSUMADO,1
313420,ITUIUTABA,2019-12-12,12,2019,LESAO CORPORAL,CONSUMADO,1
313420,ITUIUTABA,2019-12-13,12,2019,AMEACA,CONSUMADO,2
313420,ITUIUTABA,2019-12-14,12,2019,DANO,CONSUMADO,1
313420,ITUIUTABA,2019-12-15,12,2019,LESAO CORPORAL,CONSUMADO,1
313420,ITUIUTABA,2019-12-16,12,2019,AMEACA,CONSUMADO,1
313420,ITUIUTABA,2019-12-17,12,2019,AMEACA,CONSUMADO,1
313420,ITUIUTABA,2019-12-19,12,2019,FURTO,CONSUMADO,1
313420,ITUIUTABA,2019-12-20,12,2019,AMEACA,CONSUMADO,2
313420,ITUIUTABA,2019-12-20,12,2019,LESAO CORPORAL,CONSUMADO,1
313420,ITUIUTABA,2019-12-20,12,2019,OUTRAS ACOES DEFESA SOCIAL,CONSUMADO,1
313420,ITUIUTABA,2019-12-21,12,2019,DESOBEDIENCIA,CONSUMADO,1
313420,ITUIUTABA,2019-12-21,12,2019,LESAO CORPORAL,TENTADO,1
313420,ITUIUTABA,2019-12-21,12,2019,OUTROS INFRACOES C/ A PESSOA,CONSUMADO,1
313420,ITUIUTABA,2019-12-23,12,2019,FURTO,CONSUMADO,1
313420,ITUIUTABA,2019-12-23,12,2019,LESAO CORPORAL,CONSUMADO,1
313420,ITUIUTABA,2019-12-24,12,2019,DESOBEDECE ORDEM JUDICIAL (PERDA/SUS DIREITO),CONSUMADO,1
313420,ITUIUTABA,2019-12-25,12,2019,ATEND. DENUNCIA INFRACOES CONTRA MULHER(VIOLENCIA,CONSUMADO,1
313420,ITUIUTABA,2019-12-25,12,2019,LESAO CORPORAL,CONSUMADO,4
313420,ITUIUTABA,2019-12-28,12,2019,AMEACA,CONSUMADO,1
313420,ITUIUTABA,2019-12-29,12,2019,AMEACA,CONSUMADO,1
313420,ITUIUTABA,2019-12-29,12,2019,APROPRIACAO INDEBITA DE COISA ALHEIA MOVEL,CONSUMADO,1
313420,ITUIUTABA,2019-12-29,12,2019,VIAS DE FATO / AGRESSAO,CONSUMADO,3
313420,ITUIUTABA,2019-12-30,12,2019,AMEACA,CONSUMADO,2
313420,ITUIUTABA,2020-01-01,1,2020,AMEACA,CONSUMADO,1
313420,ITUIUTABA,2020-01-01,1,2020,LESAO CORPORAL,CONSUMADO,1
313420,ITUIUTABA,2020-01-02,1,2020,VIAS DE FATO / AGRESSAO,CONSUMADO,1
313420,ITUIUTABA,2020-01-03,1,2020,INJURIA,CONSUMADO,1
313420,ITUIUTABA,2020-01-03,1,2020,VIAS DE FATO / AGRESSAO,CONSUMADO,1
313420,ITUIUTABA,2020-01-05,1,2020,VIAS DE FATO / AGRESSAO,CONSUMADO,1
313420,ITUIUTABA,2020-01-06,1,2020,LESAO CORPORAL,CONSUMADO,1
313420,ITUIUTABA,2020-01-06,1,2020,OUTRAS INFRACOES DEMAIS LEIS ESPECIAIS,CONSUMADO,1
313420,ITUIUTABA,2020-01-12,1,2020,AMEACA,CONSUMADO,1
313420,ITUIUTABA,2020-01-12,1,2020,LESAO CORPORAL,CONSUMADO,2
313420,ITUIUTABA,2020-01-13,1,2020,AMEACA,CONSUMADO,1
313420,ITUIUTABA,2020-01-14,1,2020,DANO,CONSUMADO,1
313420,ITUIUTABA,2020-01-14,1,2020,INJURIA,CONSUMADO,1
313420,ITUIUTABA,2020-01-16,1,2020,VIAS DE FATO / AGRESSAO,CONSUMADO,1
313420,ITUIUTABA,2020-01-17,1,2020,DIFAMACAO,CONSUMADO,1
313420,ITUIUTABA,2020-01-17,1,2020,LESAO CORPORAL,CONSUMADO,1
313420,ITUIUTABA,2020-01-18,1,2020,AMEACA,CONSUMADO,1
313420,ITUIUTABA,2020-01-18,1,2020,OUTRAS ACOES DEFESA SOCIAL,CONSUMADO,1
313420,ITUIUTABA,2020-01-19,1,2020,AMEACA,CONSUMADO,1
313420,ITUIUTABA,2020-01-19,1,2020,DANO,CONSUMADO,1
313420,ITUIUTABA,2020-01-19,1,2020,VIAS DE FATO / AGRESSAO,CONSUMADO,2
313420,ITUIUTABA,2020-01-20,1,2020,AMEACA,CONSUMADO,1
313420,ITUIUTABA,2020-01-20,1,2020,VIAS DE FATO / AGRESSAO,CONSUMADO,1
313420,ITUIUTABA,2020-01-21,1,2020,AMEACA,CONSUMADO,1
313420,ITUIUTABA,2020-01-21,1,2020,FURTO,CONSUMADO,1
313420,ITUIUTABA,2020-01-21,1,2020,LESAO CORPORAL,CONSUMADO,2
313420,ITUIUTABA,2020-01-22,1,2020,CALUNIA,CONSUMADO,1
313420,ITUIUTABA,2020-01-24,1,2020,AMEACA,CONSUMADO,1
313420,ITUIUTABA,2020-01-24,1,2020,VIAS DE FATO / AGRESSAO,CONSUMADO,1
313420,ITUIUTABA,2020-01-27,1,2020,AMEACA,CONSUMADO,3
313420,ITUIUTABA,2020-01-27,1,2020,PERTURBACAO DA TRANQUILIDADE,CONSUMADO,1
313420,ITUIUTABA,2020-01-29,1,2020,AMEACA,CONSUMADO,1
313420,ITUIUTABA,2020-01-29,1,2020,DANO,CONSUMADO,1
313420,ITUIUTABA,2020-01-29,1,2020,LESAO CORPORAL,CONSUMADO,1
313420,ITUIUTABA,2020-01-29,1,2020,OUTROS INFRACOES C/ A PESSOA,CONSUMADO,1
313420,ITUIUTABA,2020-01-30,1,2020,AMEACA,CONSUMADO,1
313420,ITUIUTABA,2020-01-30,1,2020,VIAS DE FATO / AGRESSAO,CONSUMADO,1
313420,ITUIUTABA,2020-01-31,1,2020,LESAO CORPORAL,CONSUMADO,1
313420,ITUIUTABA,2020-02-01,2,2020,AMEACA,CONSUMADO,1
313420,ITUIUTABA,2020-02-01,2,2020,OUTRAS ACOES DEFESA SOCIAL,CONSUMADO,1
313420,ITUIUTABA,2020-02-01,2,2020,VIAS DE FATO / AGRESSAO,CONSUMADO,2
313420,ITUIUTABA,2020-02-02,2,2020,INJURIA,CONSUMADO,1
313420,ITUIUTABA,2020-02-02,2,2020,LESAO CORPORAL,CONSUMADO,2
313420,ITUIUTABA,2020-02-02,2,2020,OUTRAS INFRACOES CONTRA DIGNIDADE SEXUAL E A FAMIL,CONSUMADO,1
313420,ITUIUTABA,2020-02-02,2,2020,OUTROS INFRACOES C/ A PESSOA,CONSUMADO,1
313420,ITUIUTABA,2020-02-03,2,2020,LESAO CORPORAL,CONSUMADO,1
313420,ITUIUTABA,2020-02-04,2,2020,AMEACA,CONSUMADO,1
313420,ITUIUTABA,2020-02-04,2,2020,ESTUPRO,CONSUMADO,2
313420,ITUIUTABA,2020-02-07,2,2020,LESAO CORPORAL,CONSUMADO,1
313420,ITUIUTABA,2020-02-08,2,2020,LESAO CORPORAL,CONSUMADO,1
313420,ITUIUTABA,2020-02-09,2,2020,AMEACA,CONSUMADO,3
313420,ITUIUTABA,2020-02-09,2,2020,LESAO CORPORAL,CONSUMADO,1
313420,ITUIUTABA,2020-02-10,2,2020,AMEACA,CONSUMADO,1
313420,ITUIUTABA,2020-02-10,2,2020,VIAS DE FATO / AGRESSAO,CONSUMADO,2
313420,ITUIUTABA,2020-02-12,2,2020,AMEACA,CONSUMADO,1
313420,ITUIUTABA,2020-02-13,2,2020,PERTURBACAO DA TRANQUILIDADE,CONSUMADO,1
313420,ITUIUTABA,2020-02-15,2,2020,AMEACA,CONSUMADO,1
313420,ITUIUTABA,2020-02-15,2,2020,OUTRAS ACOES DEFESA SOCIAL,CONSUMADO,1
313420,ITUIUTABA,2020-02-16,2,2020,LESAO CORPORAL,CONSUMADO,1
313420,ITUIUTABA,2020-02-17,2,2020,AMEACA,CONSUMADO,2
313420,ITUIUTABA,2020-02-17,2,2020,LESAO CORPORAL,CONSUMADO,2
313420,ITUIUTABA,2020-02-19,2,2020,AMEACA,CONSUMADO,1
313420,ITUIUTABA,2020-02-19,2,2020,OUTROS INFRACOES C/ A PESSOA,CONSUMADO,2
313420,ITUIUTABA,2020-02-20,2,2020,AMEACA,CONSUMADO,1
313420,ITUIUTABA,2020-02-20,2,2020,OUTROS INFRACOES C/ A PESSOA,CONSUMADO,1
313420,ITUIUTABA,2020-02-21,2,2020,VIAS DE FATO / AGRESSAO,CONSUMADO,1
313420,ITUIUTABA,2020-02-22,2,2020,LESAO CORPORAL,CONSUMADO,1
313420,ITUIUTABA,2020-02-22,2,2020,VIAS DE FATO / AGRESSAO,CONSUMADO,1
313420,ITUIUTABA,2020-02-25,2,2020,AMEACA,CONSUMADO,2
313420,ITUIUTABA,2020-02-25,2,2020,LESAO CORPORAL,CONSUMADO,1
313420,ITUIUTABA,2020-02-25,2,2020,VIAS DE FATO / AGRESSAO,CONSUMADO,1
313420,ITUIUTABA,2020-02-26,2,2020,LESAO CORPORAL,CONSUMADO,1
313420,ITUIUTABA,2020-02-27,2,2020,AMEACA,CONSUMADO,1
313420,ITUIUTABA,2020-02-27,2,2020,OUTRAS INFRACOES CONTRA DIGNIDADE SEXUAL E A FAMIL,CONSUMADO,1
313420,ITUIUTABA,2020-02-28,2,2020,AMEACA,CONSUMADO,2
313420,ITUIUTABA,2020-02-28,2,2020,FURTO,CONSUMADO,1
313420,ITUIUTABA,2020-02-29,2,2020,VIAS DE FATO / AGRESSAO,CONSUMADO,1
313420,ITUIUTABA,2020-03-01,3,2020,DESCUMPRIMENTO DE MEDIDA PROTETIVA DE URGENCIA,CONSUMADO,1
313420,ITUIUTABA,2020-03-02,3,2020,AMEACA,CONSUMADO,5
313420,ITUIUTABA,2020-03-03,3,2020,AMEACA,CONSUMADO,1
313420,ITUIUTABA,2020-03-03,3,2020,DESCUMPRIMENTO DE MEDIDA PROTETIVA DE URGENCIA,CONSUMADO,1
313420,ITUIUTABA,2020-03-04,3,2020,CALUNIA,CONSUMADO,1
313420,ITUIUTABA,2020-03-04,3,2020,LESAO CORPORAL,CONSUMADO,1
313420,ITUIUTABA,2020-03-05,3,2020,AMEACA,CONSUMADO,1
313420,ITUIUTABA,2020-03-05,3,2020,ESTUPRO,CONSUMADO,1
313420,ITUIUTABA,2020-03-05,3,2020,LESAO CORPORAL,CONSUMADO,1
313420,ITUIUTABA,2020-03-07,3,2020,DANO,CONSUMADO,1
313420,ITUIUTABA,2020-03-07,3,2020,LESAO CORPORAL,CONSUMADO,1
313420,ITUIUTABA,2020-03-07,3,2020,VIAS DE FATO / AGRESSAO,CONSUMADO,1
313420,ITUIUTABA,2020-03-08,3,2020,AMEACA,CONSUMADO,1
313420,ITUIUTABA,2020-03-09,3,2020,DANO,CONSUMADO,1
313420,ITUIUTABA,2020-03-09,3,2020,OUTRAS INFRACOES CONTRA DIGNIDADE SEXUAL E A FAMIL,CONSUMADO,1
313420,ITUIUTABA,2020-03-10,3,2020,VIAS DE FATO / AGRESSAO,CONSUMADO,1
313420,ITUIUTABA,2020-03-11,3,2020,DIFAMACAO,CONSUMADO,1
313420,ITUIUTABA,2020-03-11,3,2020,LESAO CORPORAL,CONSUMADO,1
313420,ITUIUTABA,2020-03-11,3,2020,OUTRAS ACOES DEFESA SOCIAL,CONSUMADO,1
313420,ITUIUTABA,2020-03-11,3,2020,VIAS DE FATO / AGRESSAO,CONSUMADO,1
313420,ITUIUTABA,2020-03-12,3,2020,VIAS DE FATO / AGRESSAO,CONSUMADO,1
313420,ITUIUTABA,2020-03-13,3,2020,AMEACA,CONSUMADO,2
313420,ITUIUTABA,2020-03-13,3,2020,LESAO CORPORAL,CONSUMADO,1
313420,ITUIUTABA,2020-03-13,3,2020,VIAS DE FATO / AGRESSAO,CONSUMADO,1
313420,ITUIUTABA,2020-03-14,3,2020,LESAO CORPORAL,CONSUMADO,2
313420,ITUIUTABA,2020-03-15,3,2020,LESAO CORPORAL,CONSUMADO,3
313420,ITUIUTABA,2020-03-15,3,2020,OUTRAS ACOES DEFESA SOCIAL,CONSUMADO,1
313420,ITUIUTABA,2020-03-16,3,2020,LESAO CORPORAL,CONSUMADO,1
313420,ITUIUTABA,2020-03-17,3,2020,AMEACA,CONSUMADO,1
313420,ITUIUTABA,2020-03-17,3,2020,DESCUMPRIMENTO DE MEDIDA PROTETIVA DE URGENCIA,CONSUMADO,1
313420,ITUIUTABA,2020-03-18,3,2020,AMEACA,CONSUMADO,1
313420,ITUIUTABA,2020-03-18,3,2020,VIAS DE FATO / AGRESSAO,CONSUMADO,1
313420,ITUIUTABA,2020-03-20,3,2020,LESAO CORPORAL,CONSUMADO,1
313420,ITUIUTABA,2020-03-20,3,2020,OUTRAS ACOES DEFESA SOCIAL,CONSUMADO,1
313420,ITUIUTABA,2020-03-21,3,2020,LESAO CORPORAL,CONSUMADO,1
313420,ITUIUTABA,2020-03-21,3,2020,VIAS DE FATO / AGRESSAO,CONSUMADO,1
313420,ITUIUTABA,2020-03-22,3,2020,LESAO CORPORAL,CONSUMADO,1
313420,ITUIUTABA,2020-03-22,3,2020,OUTRAS ACOES DEFESA SOCIAL,CONSUMADO,1
313420,ITUIUTABA,2020-03-23,3,2020,AMEACA,CONSUMADO,1
313420,ITUIUTABA,2020-03-23,3,2020,DANO,CONSUMADO,1
313420,ITUIUTABA,2020-03-25,3,2020,DANO,CONSUMADO,2
313420,ITUIUTABA,2020-03-27,3,2020,AMEACA,CONSUMADO,2
313420,ITUIUTABA,2020-03-27,3,2020,VIAS DE FATO / AGRESSAO,CONSUMADO,1
313420,ITUIUTABA,2020-03-28,3,2020,FURTO,CONSUMADO,1
313420,ITUIUTABA,2020-03-28,3,2020,LESAO CORPORAL,CONSUMADO,2
313420,ITUIUTABA,2020-03-30,3,2020,AMEACA,CONSUMADO,1
313420,ITUIUTABA,2020-03-30,3,2020,VIAS DE FATO / AGRESSAO,CONSUMADO,2
313420,ITUIUTABA,2020-03-31,3,2020,DANO,CONSUMADO,1
313420,ITUIUTABA,2020-03-31,3,2020,LESAO CORPORAL,CONSUMADO,1
313420,ITUIUTABA,2020-04-03,4,2020,LESAO CORPORAL,CONSUMADO,1
313420,ITUIUTABA,2020-04-05,4,2020,LESAO CORPORAL,CONSUMADO,1
313420,ITUIUTABA,2020-04-06,4,2020,DESOBEDIENCIA,CONSUMADO,1
313420,ITUIUTABA,2020-04-06,4,2020,LESAO CORPORAL,CONSUMADO,1
313420,ITUIUTABA,2020-04-07,4,2020,AMEACA,CONSUMADO,2
313420,ITUIUTABA,2020-04-08,4,2020,CALUNIA,CONSUMADO,1
313420,ITUIUTABA,2020-04-09,4,2020,AMEACA,CONSUMADO,1
313420,ITUIUTABA,2020-04-10,4,2020,VIAS DE FATO / AGRESSAO,CONSUMADO,1
313420,ITUIUTABA,2020-04-12,4,2020,AMEACA,CONSUMADO,1
313420,ITUIUTABA,2020-04-12,4,2020,VIAS DE FATO / AGRESSAO,CONSUMADO,1
313420,ITUIUTABA,2020-04-14,4,2020,AMEACA,CONSUMADO,1
313420,ITUIUTABA,2020-04-14,4,2020,OUTRAS INFRACOES CONTRA O PATRIMONIO,CONSUMADO,1
313420,ITUIUTABA,2020-04-15,4,2020,LESAO CORPORAL,CONSUMADO,1
313420,ITUIUTABA,2020-04-15,4,2020,VIAS DE FATO / AGRESSAO,CONSUMADO,2
313420,ITUIUTABA,2020-04-17,4,2020,LESAO CORPORAL,CONSUMADO,1
313420,ITUIUTABA,2020-04-19,4,2020,VIAS DE FATO / AGRESSAO,CONSUMADO,1
313420,ITUIUTABA,2020-04-20,4,2020,FURTO,CONSUMADO,1
313420,ITUIUTABA,2020-04-20,4,2020,VIAS DE FATO / AGRESSAO,CONSUMADO,1
313420,ITUIUTABA,2020-04-21,4,2020,SEQUESTRO E CARCERE PRIVADO,CONSUMADO,1
313420,ITUIUTABA,2020-04-23,4,2020,ESTUPRO DE VULNERAVEL,CONSUMADO,1
313420,ITUIUTABA,2020-04-24,4,2020,VIAS DE FATO / AGRESSAO,CONSUMADO,1
313420,ITUIUTABA,2020-04-25,4,2020,LESAO CORPORAL,CONSUMADO,1
313420,ITUIUTABA,2020-04-26,4,2020,LESAO CORPORAL,CONSUMADO,1
313420,ITUIUTABA,2020-04-27,4,2020,AMEACA,CONSUMADO,1
313420,ITUIUTABA,2020-04-27,4,2020,ATRITO VERBAL,CONSUMADO,1
313420,ITUIUTABA,2020-04-27,4,2020,LESAO CORPORAL,CONSUMADO,1
313420,ITUIUTABA,2020-04-28,4,2020,OUTROS INFRACOES C/ A PESSOA,CONSUMADO,1
313420,ITUIUTABA,2020-05-02,5,2020,VIAS DE FATO / AGRESSAO,CONSUMADO,1
313420,ITUIUTABA,2020-05-03,5,2020,AMEACA,CONSUMADO,1
313420,ITUIUTABA,2020-05-05,5,2020,AMEACA,CONSUMADO,2
313420,ITUIUTABA,2020-05-05,5,2020,CALUNIA,CONSUMADO,1
313420,ITUIUTABA,2020-05-06,5,2020,VIAS DE FATO / AGRESSAO,CONSUMADO,1
313420,ITUIUTABA,2020-05-07,5,2020,VIAS DE FATO / AGRESSAO,CONSUMADO,1
313420,ITUIUTABA,2020-05-08,5,2020,LESAO CORPORAL,CONSUMADO,1
313420,ITUIUTABA,2020-05-10,5,2020,AMEACA,CONSUMADO,1
313420,ITUIUTABA,2020-05-10,5,2020,INVÁLIDO,CONSUMADO,1
313420,ITUIUTABA,2020-05-10,5,2020,LESAO CORPORAL,CONSUMADO,1
313420,ITUIUTABA,2020-05-10,5,2020,VIAS DE FATO / AGRESSAO,CONSUMADO,2
313420,ITUIUTABA,2020-05-11,5,2020,AMEACA,CONSUMADO,2
313420,ITUIUTABA,2020-05-11,5,2020,IMPORTUNACAO SEXUAL,CONSUMADO,1
313420,ITUIUTABA,2020-05-11,5,2020,LESAO CORPORAL,CONSUMADO,1
313420,ITUIUTABA,2020-05-12,5,2020,AMEACA,CONSUMADO,1
313420,ITUIUTABA,2020-05-13,5,2020,AMEACA,CONSUMADO,1
313420,ITUIUTABA,2020-05-13,5,2020,VIAS DE FATO / AGRESSAO,CONSUMADO,1
313420,ITUIUTABA,2020-05-14,5,2020,AMEACA,CONSUMADO,1
313420,ITUIUTABA,2020-05-17,5,2020,INJURIA,CONSUMADO,1
313420,ITUIUTABA,2020-05-18,5,2020,CALUNIA,CONSUMADO,1
313420,ITUIUTABA,2020-05-18,5,2020,VIAS DE FATO / AGRESSAO,CONSUMADO,1
313420,ITUIUTABA,2020-05-19,5,2020,AMEACA,CONSUMADO,2
313420,ITUIUTABA,2020-05-20,5,2020,AMEACA,CONSUMADO,1
313420,ITUIUTABA,2020-05-21,5,2020,AMEACA,CONSUMADO,1
313420,ITUIUTABA,2020-05-21,5,2020,DIFAMACAO,CONSUMADO,1
313420,ITUIUTABA,2020-05-22,5,2020,AMEACA,CONSUMADO,2
313420,ITUIUTABA,2020-05-22,5,2020,LESAO CORPORAL,CONSUMADO,1
313420,ITUIUTABA,2020-05-23,5,2020,AMEACA,CONSUMADO,1
313420,ITUIUTABA,2020-05-26,5,2020,OUTRAS INFRACOES CONTRA O PATRIMONIO,CONSUMADO,1
313420,ITUIUTABA,2020-05-27,5,2020,LESAO CORPORAL,CONSUMADO,1
313420,ITUIUTABA,2020-05-27,5,2020,OUTRAS ACOES DEFESA SOCIAL,CONSUMADO,1
313420,ITUIUTABA,2020-05-28,5,2020,ESTELIONATO,CONSUMADO,1
313420,ITUIUTABA,2020-05-30,5,2020,LESAO CORPORAL,CONSUMADO,1
313420,ITUIUTABA,2020-05-30,5,2020,VIAS DE FATO / AGRESSAO,CONSUMADO,2
313420,ITUIUTABA,2020-05-31,5,2020,LESAO CORPORAL,CONSUMADO,1
313420,ITUIUTABA,2020-05-31,5,2020,VIAS DE FATO / AGRESSAO,CONSUMADO,1
313420,ITUIUTABA,2020-06-01,6,2020,LESAO CORPORAL,CONSUMADO,1
313420,ITUIUTABA,2020-06-02,6,2020,EXPOE A PERIGO/ PRIVA DE COMIDA/CUIDADO IDOSO,CONSUMADO,1
313420,ITUIUTABA,2020-06-02,6,2020,VIAS DE FATO / AGRESSAO,CONSUMADO,2
313420,ITUIUTABA,2020-06-03,6,2020,VIAS DE FATO / AGRESSAO,CONSUMADO,2
313420,ITUIUTABA,2020-06-04,6,2020,HOMICIDIO,TENTADO,1
313420,ITUIUTABA,2020-06-05,6,2020,LESAO CORPORAL,CONSUMADO,2
313420,ITUIUTABA,2020-06-07,6,2020,AMEACA,CONSUMADO,3
313420,ITUIUTABA,2020-06-07,6,2020,LESAO CORPORAL,CONSUMADO,2
313420,ITUIUTABA,2020-06-08,6,2020,FURTO,CONSUMADO,1
313420,ITUIUTABA,2020-06-09,6,2020,VIAS DE FATO / AGRESSAO,CONSUMADO,1
313420,ITUIUTABA,2020-06-12,6,2020,VIAS DE FATO / AGRESSAO,CONSUMADO,1
313420,ITUIUTABA,2020-06-15,6,2020,VIAS DE FATO / AGRESSAO,CONSUMADO,1
313420,ITUIUTABA,2020-06-16,6,2020,AMEACA,CONSUMADO,1
313420,ITUIUTABA,2020-06-17,6,2020,AMEACA,CONSUMADO,1
313420,ITUIUTABA,2020-06-20,6,2020,AMEACA,CONSUMADO,1
313420,ITUIUTABA,2020-06-20,6,2020,AVERIGUA PESSOA / VEICULO EM ATITUDE SUSPEITA,CONSUMADO,1
313420,ITUIUTABA,2020-06-20,6,2020,LESAO CORPORAL,CONSUMADO,1
313420,ITUIUTABA,2020-06-21,6,2020,AMEACA,CONSUMADO,1
313420,ITUIUTABA,2020-06-21,6,2020,LESAO CORPORAL,CONSUMADO,1
313420,ITUIUTABA,2020-06-22,6,2020,LESAO CORPORAL,CONSUMADO,1
313420,ITUIUTABA,2020-06-23,6,2020,AMEACA,CONSUMADO,1
313420,ITUIUTABA,2020-06-24,6,2020,AMEACA,CONSUMADO,1
313420,ITUIUTABA,2020-06-26,6,2020,AMEACA,CONSUMADO,2
313420,ITUIUTABA,2020-06-26,6,2020,LESAO CORPORAL,CONSUMADO,1
313420,ITUIUTABA,2020-06-27,6,2020,FURTO,CONSUMADO,1
313420,ITUIUTABA,2020-06-27,6,2020,LESAO CORPORAL,CONSUMADO,2
313420,ITUIUTABA,2020-06-28,6,2020,AMEACA,CONSUMADO,1
313420,ITUIUTABA,2020-06-28,6,2020,DANO,CONSUMADO,1
313420,ITUIUTABA,2020-06-28,6,2020,LESAO CORPORAL,CONSUMADO,1
313420,ITUIUTABA,2020-06-28,6,2020,VIAS DE FATO / AGRESSAO,CONSUMADO,1
313420,ITUIUTABA,2020-06-29,6,2020,AMEACA,CONSUMADO,1
313420,ITUIUTABA,2020-06-29,6,2020,EXPOE A PERIGO/ PRIVA DE COMIDA/CUIDADO IDOSO,CONSUMADO,1
313420,ITUIUTABA,2020-06-30,6,2020,AMEACA,CONSUMADO,3
313420,ITUIUTABA,2020-06-30,6,2020,OUTROS INFRACOES C/ A PESSOA,CONSUMADO,1
313420,ITUIUTABA,2020-07-01,7,2020,LESAO CORPORAL,CONSUMADO,1
313420,ITUIUTABA,2020-07-01,7,2020,OUTRAS ACOES DEFESA SOCIAL,CONSUMADO,1
313420,ITUIUTABA,2020-07-03,7,2020,PERTURBACAO DA TRANQUILIDADE,CONSUMADO,1
313420,ITUIUTABA,2020-07-06,7,2020,AMEACA,CONSUMADO,1
313420,ITUIUTABA,2020-07-06,7,2020,VIAS DE FATO / AGRESSAO,CONSUMADO,1
313420,ITUIUTABA,2020-07-07,7,2020,PERTURBACAO DA TRANQUILIDADE,CONSUMADO,1
313420,ITUIUTABA,2020-07-08,7,2020,OUTROS INFRACOES C/ A PESSOA,CONSUMADO,1
313420,ITUIUTABA,2020-07-09,7,2020,AMEACA,CONSUMADO,2
313420,ITUIUTABA,2020-07-10,7,2020,VIAS DE FATO / AGRESSAO,CONSUMADO,2
313420,ITUIUTABA,2020-07-11,7,2020,AMEACA,CONSUMADO,1
313420,ITUIUTABA,2020-07-12,7,2020,VIAS DE FATO / AGRESSAO,CONSUMADO,1
313420,ITUIUTABA,2020-07-13,7,2020,OUTROS INFRACOES C/ A PESSOA,CONSUMADO,1
313420,ITUIUTABA,2020-07-15,7,2020,AMEACA,CONSUMADO,1
313420,ITUIUTABA,2020-07-15,7,2020,LESAO CORPORAL,CONSUMADO,1
313420,ITUIUTABA,2020-07-16,7,2020,AMEACA,CONSUMADO,1
313420,ITUIUTABA,2020-07-16,7,2020,VIAS DE FATO / AGRESSAO,CONSUMADO,1
313420,ITUIUTABA,2020-07-18,7,2020,AMEACA,CONSUMADO,1
313420,ITUIUTABA,2020-07-20,7,2020,AMEACA,CONSUMADO,3
313420,ITUIUTABA,2020-07-20,7,2020,PERTURBACAO DA TRANQUILIDADE,CONSUMADO,1
313420,ITUIUTABA,2020-07-21,7,2020,ABANDONO DE INCAPAZ,CONSUMADO,1
313420,ITUIUTABA,2020-07-21,7,2020,AMEACA,CONSUMADO,2
313420,ITUIUTABA,2020-07-24,7,2020,VIAS DE FATO / AGRESSAO,CONSUMADO,1
313420,ITUIUTABA,2020-07-26,7,2020,AMEACA,CONSUMADO,1
313420,ITUIUTABA,2020-07-26,7,2020,DANO,CONSUMADO,1
313420,ITUIUTABA,2020-07-26,7,2020,DESCUMPRIMENTO DE MEDIDA PROTETIVA DE URGENCIA,CONSUMADO,1
313420,ITUIUTABA,2020-07-26,7,2020,LESAO CORPORAL,CONSUMADO,1
313420,ITUIUTABA,2020-07-28,7,2020,AMEACA,CONSUMADO,1
313420,ITUIUTABA,2020-07-29,7,2020,AMEACA,CONSUMADO,2
313420,ITUIUTABA,2020-07-30,7,2020,ABANDONO DE INCAPAZ,CONSUMADO,1
313420,ITUIUTABA,2020-07-30,7,2020,ESTELIONATO,CONSUMADO,1
313420,ITUIUTABA,2020-07-30,7,2020,LESAO CORPORAL,CONSUMADO,1
313420,ITUIUTABA,2020-07-31,7,2020,AMEACA,CONSUMADO,1
313420,ITUIUTABA,2020-07-31,7,2020,VIAS DE FATO / AGRESSAO,CONSUMADO,3
313420,ITUIUTABA,2020-08-01,8,2020,AMEACA,CONSUMADO,1
313420,ITUIUTABA,2020-08-01,8,2020,PERTURBACAO DA TRANQUILIDADE,CONSUMADO,1
313420,ITUIUTABA,2020-08-01,8,2020,VIAS DE FATO / AGRESSAO,CONSUMADO,1
313420,ITUIUTABA,2020-08-02,8,2020,AMEACA,CONSUMADO,1
313420,ITUIUTABA,2020-08-02,8,2020,LESAO CORPORAL,CONSUMADO,1
313420,ITUIUTABA,2020-08-02,8,2020,VIAS DE FATO / AGRESSAO,CONSUMADO,1
313420,ITUIUTABA,2020-08-04,8,2020,AMEACA,CONSUMADO,1
313420,ITUIUTABA,2020-08-04,8,2020,ESTUPRO,CONSUMADO,1
313420,ITUIUTABA,2020-08-04,8,2020,LESAO CORPORAL,CONSUMADO,1
313420,ITUIUTABA,2020-08-05,8,2020,LESAO CORPORAL,CONSUMADO,1
313420,ITUIUTABA,2020-08-07,8,2020,ESTUPRO DE VULNERAVEL,CONSUMADO,2
313420,ITUIUTABA,2020-08-07,8,2020,VIAS DE FATO / AGRESSAO,CONSUMADO,2
313420,ITUIUTABA,2020-08-08,8,2020,LESAO CORPORAL,CONSUMADO,1
313420,ITUIUTABA,2020-08-08,8,2020,VIAS DE FATO / AGRESSAO,CONSUMADO,1
313420,ITUIUTABA,2020-08-10,8,2020,AMEACA,CONSUMADO,1
313420,ITUIUTABA,2020-08-12,8,2020,AMEACA,CONSUMADO,1
313420,ITUIUTABA,2020-08-14,8,2020,VIAS DE FATO / AGRESSAO,CONSUMADO,1
313420,ITUIUTABA,2020-08-15,8,2020,AMEACA,CONSUMADO,1
313420,ITUIUTABA,2020-08-15,8,2020,LESAO CORPORAL,CONSUMADO,1
313420,ITUIUTABA,2020-08-16,8,2020,AMEACA,CONSUMADO,1
313420,ITUIUTABA,2020-08-16,8,2020,VIAS DE FATO / AGRESSAO,CONSUMADO,1
313420,ITUIUTABA,2020-08-17,8,2020,VIAS DE FATO / AGRESSAO,CONSUMADO,2
313420,ITUIUTABA,2020-08-18,8,2020,AMEACA,CONSUMADO,1
313420,ITUIUTABA,2020-08-19,8,2020,DANO,CONSUMADO,1
313420,ITUIUTABA,2020-08-19,8,2020,VIAS DE FATO / AGRESSAO,CONSUMADO,1
313420,ITUIUTABA,2020-08-20,8,2020,LESAO CORPORAL,CONSUMADO,3
313420,ITUIUTABA,2020-08-21,8,2020,DIFAMACAO,CONSUMADO,1
313420,ITUIUTABA,2020-08-22,8,2020,LESAO CORPORAL,CONSUMADO,1
313420,ITUIUTABA,2020-08-23,8,2020,VIAS DE FATO / AGRESSAO,CONSUMADO,1
313420,ITUIUTABA,2020-08-24,8,2020,DESCUMPRIMENTO DE MEDIDA PROTETIVA DE URGENCIA,CONSUMADO,1
313420,ITUIUTABA,2020-08-24,8,2020,LESAO CORPORAL,CONSUMADO,1
313420,ITUIUTABA,2020-08-25,8,2020,LESAO CORPORAL,CONSUMADO,1
313420,ITUIUTABA,2020-08-25,8,2020,VIAS DE FATO / AGRESSAO,CONSUMADO,1
313420,ITUIUTABA,2020-08-26,8,2020,AMEACA,CONSUMADO,1
313420,ITUIUTABA,2020-08-26,8,2020,ESTUPRO DE VULNERAVEL,CONSUMADO,1
313420,ITUIUTABA,2020-08-26,8,2020,VIAS DE FATO / AGRESSAO,CONSUMADO,1
313420,ITUIUTABA,2020-08-27,8,2020,AMEACA,CONSUMADO,1
313420,ITUIUTABA,2020-08-27,8,2020,LESAO CORPORAL,CONSUMADO,1
313420,ITUIUTABA,2020-08-28,8,2020,AMEACA,CONSUMADO,1
313420,ITUIUTABA,2020-08-29,8,2020,VIAS DE FATO / AGRESSAO,CONSUMADO,1
313420,ITUIUTABA,2020-08-30,8,2020,AMEACA,CONSUMADO,1
313420,ITUIUTABA,2020-08-30,8,2020,VIAS DE FATO / AGRESSAO,CONSUMADO,1
313420,ITUIUTABA,2020-08-31,8,2020,AMEACA,CONSUMADO,1
313420,ITUIUTABA,2020-09-01,9,2020,VIAS DE FATO / AGRESSAO,CONSUMADO,2
313420,ITUIUTABA,2020-09-02,9,2020,VIAS DE FATO / AGRESSAO,CONSUMADO,1
313420,ITUIUTABA,2020-09-03,9,2020,DESOBEDIENCIA,CONSUMADO,1
313420,ITUIUTABA,2020-09-04,9,2020,LESAO CORPORAL,CONSUMADO,1
313420,ITUIUTABA,2020-09-06,9,2020,AMEACA,CONSUMADO,1
313420,ITUIUTABA,2020-09-06,9,2020,LESAO CORPORAL,CONSUMADO,1
313420,ITUIUTABA,2020-09-08,9,2020,AMEACA,CONSUMADO,1
313420,ITUIUTABA,2020-09-09,9,2020,AMEACA,CONSUMADO,2
313420,ITUIUTABA,2020-09-09,9,2020,DANO,CONSUMADO,1
313420,ITUIUTABA,2020-09-10,9,2020,AMEACA,CONSUMADO,1
313420,ITUIUTABA,2020-09-11,9,2020,AMEACA,CONSUMADO,1
313420,ITUIUTABA,2020-09-12,9,2020,AMEACA,CONSUMADO,1
313420,ITUIUTABA,2020-09-13,9,2020,AMEACA,CONSUMADO,1
313420,ITUIUTABA,2020-09-14,9,2020,AMEACA,CONSUMADO,1
313420,ITUIUTABA,2020-09-14,9,2020,OUTROS INFRACOES C/ A PESSOA,CONSUMADO,1
313420,ITUIUTABA,2020-09-17,9,2020,AMEACA,CONSUMADO,1
313420,ITUIUTABA,2020-09-19,9,2020,LESAO CORPORAL,CONSUMADO,1
313420,ITUIUTABA,2020-09-20,9,2020,AMEACA,CONSUMADO,1
313420,ITUIUTABA,2020-09-20,9,2020,IMPORTUNACAO SEXUAL,CONSUMADO,1
313420,ITUIUTABA,2020-09-21,9,2020,AMEACA,CONSUMADO,1
313420,ITUIUTABA,2020-09-22,9,2020,AMEACA,CONSUMADO,1
313420,ITUIUTABA,2020-09-23,9,2020,DIFAMACAO,CONSUMADO,1
313420,ITUIUTABA,2020-09-23,9,2020,PERTURBACAO DO TRABALHO OU DO SOSSEGO ALHEIOS,CONSUMADO,1
313420,ITUIUTABA,2020-09-24,9,2020,AMEACA,CONSUMADO,1
313420,ITUIUTABA,2020-09-26,9,2020,APROPRIACAO INDEBITA DE COISA ALHEIA MOVEL,CONSUMADO,1
313420,ITUIUTABA,2020-09-26,9,2020,LESAO CORPORAL,CONSUMADO,1
313420,ITUIUTABA,2020-09-27,9,2020,VIAS DE FATO / AGRESSAO,CONSUMADO,1
313420,ITUIUTABA,2020-09-28,9,2020,LESAO CORPORAL,CONSUMADO,1
313420,ITUIUTABA,2020-09-30,9,2020,AMEACA,CONSUMADO,2
313420,ITUIUTABA,2020-09-30,9,2020,LESAO CORPORAL,CONSUMADO,1
313420,ITUIUTABA,2020-10-03,10,2020,AMEACA,CONSUMADO,1
313420,ITUIUTABA,2020-10-03,10,2020,VIAS DE FATO / AGRESSAO,CONSUMADO,1
313420,ITUIUTABA,2020-10-04,10,2020,LESAO CORPORAL,CONSUMADO,1
313420,ITUIUTABA,2020-10-05,10,2020,DESCUMPRIMENTO DE MEDIDA PROTETIVA DE URGENCIA,CONSUMADO,1
313420,ITUIUTABA,2020-10-05,10,2020,LESAO CORPORAL,CONSUMADO,1
313420,ITUIUTABA,2020-10-06,10,2020,LESAO CORPORAL,CONSUMADO,1
313420,ITUIUTABA,2020-10-07,10,2020,AMEACA,CONSUMADO,1
313420,ITUIUTABA,2020-10-07,10,2020,LESAO CORPORAL,CONSUMADO,1
313420,ITUIUTABA,2020-10-08,10,2020,"DIVULGACAO CENA ESTUPRO E IMAGEM NUDEZ, SEXO OU PO",CONSUMADO,1
313420,ITUIUTABA,2020-10-09,10,2020,AMEACA,CONSUMADO,1
313420,ITUIUTABA,2020-10-09,10,2020,VIAS DE FATO / AGRESSAO,CONSUMADO,1
313420,ITUIUTABA,2020-10-11,10,2020,VIAS DE FATO / AGRESSAO,CONSUMADO,1
313420,ITUIUTABA,2020-10-12,10,2020,LESAO CORPORAL,CONSUMADO,1
313420,ITUIUTABA,2020-10-12,10,2020,VIAS DE FATO / AGRESSAO,CONSUMADO,1
313420,ITUIUTABA,2020-10-14,10,2020,VIAS DE FATO / AGRESSAO,CONSUMADO,1
313420,ITUIUTABA,2020-10-15,10,2020,AMEACA,CONSUMADO,2
313420,ITUIUTABA,2020-10-15,10,2020,OUTRAS ACOES DEFESA SOCIAL,CONSUMADO,2
313420,ITUIUTABA,2020-10-16,10,2020,AMEACA,CONSUMADO,1
313420,ITUIUTABA,2020-10-16,10,2020,LESAO CORPORAL,CONSUMADO,2
313420,ITUIUTABA,2020-10-17,10,2020,LESAO CORPORAL,CONSUMADO,1
313420,ITUIUTABA,2020-10-18,10,2020,DANO,CONSUMADO,1
313420,ITUIUTABA,2020-10-19,10,2020,AMEACA,CONSUMADO,1
313420,ITUIUTABA,2020-10-19,10,2020,CALUNIA,CONSUMADO,1
313420,ITUIUTABA,2020-10-20,10,2020,AMEACA,CONSUMADO,1
313420,ITUIUTABA,2020-10-20,10,2020,DIFAMACAO,CONSUMADO,1
313420,ITUIUTABA,2020-10-20,10,2020,PERTURBACAO DA TRANQUILIDADE,CONSUMADO,1
313420,ITUIUTABA,2020-10-20,10,2020,VIAS DE FATO / AGRESSAO,CONSUMADO,1
313420,ITUIUTABA,2020-10-22,10,2020,AMEACA,CONSUMADO,1
313420,ITUIUTABA,2020-10-22,10,2020,DIFAMACAO,CONSUMADO,2
313420,ITUIUTABA,2020-10-22,10,2020,OUTRAS ACOES DEFESA SOCIAL,CONSUMADO,1
313420,ITUIUTABA,2020-10-24,10,2020,LESAO CORPORAL,CONSUMADO,1
313420,ITUIUTABA,2020-10-25,10,2020,AMEACA,CONSUMADO,1
313420,ITUIUTABA,2020-10-25,10,2020,DESCUMPRIMENTO DE MEDIDA PROTETIVA DE URGENCIA,CONSUMADO,1
313420,ITUIUTABA,2020-10-25,10,2020,LESAO CORPORAL,CONSUMADO,2
313420,ITUIUTABA,2020-10-25,10,2020,VIAS DE FATO / AGRESSAO,CONSUMADO,1
313420,ITUIUTABA,2020-10-26,10,2020,DESCUMPRIMENTO DE MEDIDA PROTETIVA DE URGENCIA,CONSUMADO,1
313420,ITUIUTABA,2020-10-26,10,2020,DIFAMACAO,CONSUMADO,1
313420,ITUIUTABA,2020-10-26,10,2020,VIAS DE FATO / AGRESSAO,CONSUMADO,1
313420,ITUIUTABA,2020-10-27,10,2020,ABANDONO DE INCAPAZ,CONSUMADO,3
313420,ITUIUTABA,2020-10-27,10,2020,AMEACA,CONSUMADO,1
313420,ITUIUTABA,2020-10-27,10,2020,CONSTRANGE/VEXAME MENOR DE IDADE SOB GUARDA,CONSUMADO,1
313420,ITUIUTABA,2020-10-28,10,2020,AMEACA,CONSUMADO,2
313420,ITUIUTABA,2020-10-28,10,2020,CALUNIA,CONSUMADO,2
313420,ITUIUTABA,2020-10-28,10,2020,VIAS DE FATO / AGRESSAO,CONSUMADO,1
313420,ITUIUTABA,2020-10-29,10,2020,AMEACA,CONSUMADO,1
313420,ITUIUTABA,2020-10-31,10,2020,LESAO CORPORAL,CONSUMADO,1
313420,ITUIUTABA,2020-11-01,11,2020,AMEACA,CONSUMADO,1
313420,ITUIUTABA,2020-11-01,11,2020,LESAO CORPORAL,CONSUMADO,2
313420,ITUIUTABA,2020-11-01,11,2020,VIAS DE FATO / AGRESSAO,CONSUMADO,1
313420,ITUIUTABA,2020-11-02,11,2020,LESAO CORPORAL,CONSUMADO,2
313420,ITUIUTABA,2020-11-03,11,2020,AMEACA,CONSUMADO,1
313420,ITUIUTABA,2020-11-03,11,2020,"DIVULGACAO CENA ESTUPRO E IMAGEM NUDEZ, SEXO OU PO",CONSUMADO,1
313420,ITUIUTABA,2020-11-03,11,2020,LESAO CORPORAL,CONSUMADO,1
313420,ITUIUTABA,2020-11-04,11,2020,DANO,CONSUMADO,1
313420,ITUIUTABA,2020-11-04,11,2020,VIAS DE FATO / AGRESSAO,CONSUMADO,1
313420,ITUIUTABA,2020-11-05,11,2020,AMEACA,CONSUMADO,1
313420,ITUIUTABA,2020-11-05,11,2020,LESAO CORPORAL,CONSUMADO,1
313420,ITUIUTABA,2020-11-06,11,2020,AMEACA,CONSUMADO,1
313420,ITUIUTABA,2020-11-06,11,2020,PERTURBACAO DA TRANQUILIDADE,CONSUMADO,1
313420,ITUIUTABA,2020-11-08,11,2020,VIAS DE FATO / AGRESSAO,CONSUMADO,2
313420,ITUIUTABA,2020-11-09,11,2020,AMEACA,CONSUMADO,1
313420,ITUIUTABA,2020-11-09,11,2020,OUTRAS ACOES DEFESA SOCIAL,CONSUMADO,2
313420,ITUIUTABA,2020-11-10,11,2020,AMEACA,CONSUMADO,2
313420,ITUIUTABA,2020-11-11,11,2020,AMEACA,CONSUMADO,1
313420,ITUIUTABA,2020-11-11,11,2020,"DIVULGACAO CENA ESTUPRO E IMAGEM NUDEZ, SEXO OU PO",CONSUMADO,1
313420,ITUIUTABA,2020-11-12,11,2020,VIAS DE FATO / AGRESSAO,CONSUMADO,2
313420,ITUIUTABA,2020-11-13,11,2020,AMEACA,CONSUMADO,2
313420,ITUIUTABA,2020-11-13,11,2020,PERTURBACAO DA TRANQUILIDADE,CONSUMADO,1
313420,ITUIUTABA,2020-11-14,11,2020,AMEACA,CONSUMADO,2
313420,ITUIUTABA,2020-11-15,11,2020,VIAS DE FATO / AGRESSAO,CONSUMADO,2
313420,ITUIUTABA,2020-11-16,11,2020,AMEACA,CONSUMADO,2
313420,ITUIUTABA,2020-11-16,11,2020,VIAS DE FATO / AGRESSAO,CONSUMADO,2
313420,ITUIUTABA,2020-11-17,11,2020,AMEACA,CONSUMADO,1
313420,ITUIUTABA,2020-11-18,11,2020,AMEACA,CONSUMADO,1
313420,ITUIUTABA,2020-11-18,11,2020,VIOLACAO DE DOMICILIO,CONSUMADO,1
313420,ITUIUTABA,2020-11-19,11,2020,INJURIA,CONSUMADO,1
313420,ITUIUTABA,2020-11-19,11,2020,OUTROS INFRACOES C/ A PESSOA,CONSUMADO,1
313420,ITUIUTABA,2020-11-20,11,2020,AMEACA,CONSUMADO,1
313420,ITUIUTABA,2020-11-20,11,2020,DESCUMPRIMENTO DE MEDIDA PROTETIVA DE URGENCIA,CONSUMADO,1
313420,ITUIUTABA,2020-11-20,11,2020,OUTRAS ACOES DEFESA SOCIAL,CONSUMADO,1
313420,ITUIUTABA,2020-11-20,11,2020,PERTURBACAO DA TRANQUILIDADE,CONSUMADO,1
313420,ITUIUTABA,2020-11-20,11,2020,VIAS DE FATO / AGRESSAO,CONSUMADO,1
313420,ITUIUTABA,2020-11-21,11,2020,FURTO,CONSUMADO,1
313420,ITUIUTABA,2020-11-21,11,2020,VIAS DE FATO / AGRESSAO,CONSUMADO,1
313420,ITUIUTABA,2020-11-22,11,2020,AMEACA,CONSUMADO,1
313420,ITUIUTABA,2020-11-22,11,2020,VIAS DE FATO / AGRESSAO,CONSUMADO,1
313420,ITUIUTABA,2020-11-23,11,2020,AMEACA,CONSUMADO,2
313420,ITUIUTABA,2020-11-23,11,2020,MAUS TRATOS,CONSUMADO,1
313420,ITUIUTABA,2020-11-23,11,2020,VIAS DE FATO / AGRESSAO,CONSUMADO,1
313420,ITUIUTABA,2020-11-24,11,2020,AMEACA,CONSUMADO,2
313420,ITUIUTABA,2020-11-25,11,2020,ESTUPRO DE VULNERAVEL,CONSUMADO,1
313420,ITUIUTABA,2020-11-25,11,2020,LESAO CORPORAL,CONSUMADO,1
313420,ITUIUTABA,2020-11-25,11,2020,VIAS DE FATO / AGRESSAO,CONSUMADO,1
313420,ITUIUTABA,2020-11-26,11,2020,AMEACA,CONSUMADO,1
313420,ITUIUTABA,2020-11-26,11,2020,DIFAMACAO,CONSUMADO,1
313420,ITUIUTABA,2020-11-26,11,2020,LESAO CORPORAL,CONSUMADO,1
313420,ITUIUTABA,2020-11-26,11,2020,VIAS DE FATO / AGRESSAO,CONSUMADO,1
313420,ITUIUTABA,2020-11-28,11,2020,LESAO CORPORAL,CONSUMADO,2
313420,ITUIUTABA,2020-11-29,11,2020,LESAO CORPORAL,CONSUMADO,1
313420,ITUIUTABA,2020-11-29,11,2020,VIAS DE FATO / AGRESSAO,CONSUMADO,1
313420,ITUIUTABA,2020-11-30,11,2020,OUTROS INFRACOES C/ A PESSOA,CONSUMADO,1
313420,ITUIUTABA,2020-12-01,12,2020,DANO,CONSUMADO,1
313420,ITUIUTABA,2020-12-02,12,2020,OUTRAS INFRACOES CONTRA O PATRIMONIO,CONSUMADO,1
313420,ITUIUTABA,2020-12-02,12,2020,VIAS DE FATO / AGRESSAO,CONSUMADO,1
313420,ITUIUTABA,2020-12-05,12,2020,AMEACA,CONSUMADO,1
313420,ITUIUTABA,2020-12-05,12,2020,LESAO CORPORAL,CONSUMADO,1
313420,ITUIUTABA,2020-12-06,12,2020,AMEACA,CONSUMADO,2
313420,ITUIUTABA,2020-12-06,12,2020,DIFAMACAO,CONSUMADO,1
313420,ITUIUTABA,2020-12-07,12,2020,AMEACA,CONSUMADO,1
313420,ITUIUTABA,2020-12-07,12,2020,LESAO CORPORAL,CONSUMADO,1
313420,ITUIUTABA,2020-12-08,12,2020,AMEACA,CONSUMADO,3
313420,ITUIUTABA,2020-12-09,12,2020,OUTROS INFRACOES C/ A PESSOA,CONSUMADO,1
313420,ITUIUTABA,2020-12-12,12,2020,ESTUPRO DE VULNERAVEL,CONSUMADO,1
313420,ITUIUTABA,2020-12-12,12,2020,LESAO CORPORAL,CONSUMADO,1
313420,ITUIUTABA,2020-12-12,12,2020,VIAS DE FATO / AGRESSAO,CONSUMADO,2
313420,ITUIUTABA,2020-12-13,12,2020,LESAO CORPORAL,CONSUMADO,1
313420,ITUIUTABA,2020-12-14,12,2020,AMEACA,CONSUMADO,2
313420,ITUIUTABA,2020-12-14,12,2020,LESAO CORPORAL,CONSUMADO,2
313420,ITUIUTABA,2020-12-15,12,2020,DESCUMPRIMENTO DE MEDIDA PROTETIVA DE URGENCIA,CONSUMADO,1
313420,ITUIUTABA,2020-12-15,12,2020,VEICULO LOCALIZADO / RECUPERADO,CONSUMADO,1
313420,ITUIUTABA,2020-12-16,12,2020,OUTRAS ACOES DEFESA SOCIAL,CONSUMADO,1
313420,ITUIUTABA,2020-12-17,12,2020,DESCUMPRIMENTO DE MEDIDA PROTETIVA DE URGENCIA,CONSUMADO,1
313420,ITUIUTABA,2020-12-20,12,2020,AMEACA,CONSUMADO,1
313420,ITUIUTABA,2020-12-20,12,2020,ATEND. DENUNCIA INFRACOES CONTRA MULHER(VIOLENCIA,CONSUMADO,1
313420,ITUIUTABA,2020-12-20,12,2020,LESAO CORPORAL,CONSUMADO,1
313420,ITUIUTABA,2020-12-21,12,2020,OUTRAS ACOES DEFESA SOCIAL,CONSUMADO,1
313420,ITUIUTABA,2020-12-22,12,2020,AMEACA,CONSUMADO,1
313420,ITUIUTABA,2020-12-23,12,2020,AMEACA,CONSUMADO,1
313420,ITUIUTABA,2020-12-23,12,2020,LESAO CORPORAL,CONSUMADO,1
313420,ITUIUTABA,2020-12-24,12,2020,ACIDENTE DE TRANSITO COM VITIMA,CONSUMADO,2
313420,ITUIUTABA,2020-12-24,12,2020,AMEACA,CONSUMADO,1
313420,ITUIUTABA,2020-12-24,12,2020,DESOBEDECE ORDEM JUDICIAL (PERDA/SUS DIREITO),CONSUMADO,1
313420,ITUIUTABA,2020-12-25,12,2020,APROPRIACAO INDEBITA DE COISA ALHEIA MOVEL,CONSUMADO,1
313420,ITUIUTABA,2020-12-25,12,2020,LESAO CORPORAL,CONSUMADO,1
313420,ITUIUTABA,2020-12-26,12,2020,AMEACA,CONSUMADO,1
313420,ITUIUTABA,2020-12-26,12,2020,VIAS DE FATO / AGRESSAO,CONSUMADO,1
313420,ITUIUTABA,2020-12-27,12,2020,REGISTRO NAO AUTORIZADO DA INTIMIDADE SEXUAL,CONSUMADO,1
313420,ITUIUTABA,2020-12-27,12,2020,VIAS DE FATO / AGRESSAO,CONSUMADO,1
313420,ITUIUTABA,2020-12-27,12,2020,VIOLACAO DE DOMICILIO,CONSUMADO,1
313420,ITUIUTABA,2020-12-28,12,2020,VIAS DE FATO / AGRESSAO,CONSUMADO,1
313420,ITUIUTABA,2020-12-30,12,2020,AMEACA,CONSUMADO,1
313420,ITUIUTABA,2020-12-30,12,2020,DESCUMPRIMENTO DE MEDIDA PROTETIVA DE URGENCIA,CONSUMADO,1
313420,ITUIUTABA,2021-01-01,1,2021,AMEACA,CONSUMADO,2
313420,ITUIUTABA,2021-01-01,1,2021,VIAS DE FATO / AGRESSAO,CONSUMADO,1
313420,ITUIUTABA,2021-01-02,1,2021,AMEACA,CONSUMADO,1
313420,ITUIUTABA,2021-01-02,1,2021,LESAO CORPORAL,CONSUMADO,1
313420,ITUIUTABA,2021-01-03,1,2021,AMEACA,CONSUMADO,1
313420,ITUIUTABA,2021-01-03,1,2021,VIAS DE FATO / AGRESSAO,CONSUMADO,1
313420,ITUIUTABA,2021-01-04,1,2021,AMEACA,CONSUMADO,2
313420,ITUIUTABA,2021-01-05,1,2021,AMEACA,CONSUMADO,1
313420,ITUIUTABA,2021-01-05,1,2021,HOMICIDIO,TENTADO,1
313420,ITUIUTABA,2021-01-05,1,2021,OUTRAS INFRACOES CONTRA DIGNIDADE SEXUAL E A FAMIL,CONSUMADO,1
313420,ITUIUTABA,2021-01-06,1,2021,ATEND. DENUNCIA INFRACOES CONTRA MULHER(VIOLENCIA,CONSUMADO,2
313420,ITUIUTABA,2021-01-07,1,2021,DANO,CONSUMADO,1
313420,ITUIUTABA,2021-01-07,1,2021,DIFAMACAO,CONSUMADO,1
313420,ITUIUTABA,2021-01-08,1,2021,LESAO CORPORAL,CONSUMADO,1
313420,ITUIUTABA,2021-01-08,1,2021,OUTRAS ACOES DEFESA SOCIAL,CONSUMADO,1
313420,ITUIUTABA,2021-01-09,1,2021,AMEACA,CONSUMADO,1
313420,ITUIUTABA,2021-01-10,1,2021,DESCUMPRIMENTO DE MEDIDA PROTETIVA DE URGENCIA,CONSUMADO,1
313420,ITUIUTABA,2021-01-10,1,2021,VIAS DE FATO / AGRESSAO,CONSUMADO,1
313420,ITUIUTABA,2021-01-11,1,2021,AMEACA,CONSUMADO,1
313420,ITUIUTABA,2021-01-11,1,2021,VIAS DE FATO / AGRESSAO,CONSUMADO,1
313420,ITUIUTABA,2021-01-12,1,2021,PERTURBACAO DA TRANQUILIDADE,CONSUMADO,1
313420,ITUIUTABA,2021-01-14,1,2021,AMEACA,CONSUMADO,1
313420,ITUIUTABA,2021-01-16,1,2021,LESAO CORPORAL,CONSUMADO,1
313420,ITUIUTABA,2021-01-17,1,2021,VIAS DE FATO / AGRESSAO,CONSUMADO,1
313420,ITUIUTABA,2021-01-18,1,2021,ATRITO VERBAL,CONSUMADO,2
313420,ITUIUTABA,2021-01-18,1,2021,LESAO CORPORAL,CONSUMADO,1
313420,ITUIUTABA,2021-01-19,1,2021,DIFAMACAO,CONSUMADO,1
313420,ITUIUTABA,2021-01-20,1,2021,LESAO CORPORAL,CONSUMADO,1
313420,ITUIUTABA,2021-01-21,1,2021,AMEACA,CONSUMADO,1
313420,ITUIUTABA,2021-01-21,1,2021,CALUNIA,CONSUMADO,1
313420,ITUIUTABA,2021-01-22,1,2021,VIAS DE FATO / AGRESSAO,CONSUMADO,1
313420,ITUIUTABA,2021-01-23,1,2021,AMEACA,CONSUMADO,1
313420,ITUIUTABA,2021-01-23,1,2021,ATRITO VERBAL,CONSUMADO,1
313420,ITUIUTABA,2021-01-23,1,2021,VIAS DE FATO / AGRESSAO,CONSUMADO,2
313420,ITUIUTABA,2021-01-27,1,2021,AMEACA,CONSUMADO,1
313420,ITUIUTABA,2021-01-28,1,2021,AMEACA,CONSUMADO,2
313420,ITUIUTABA,2021-01-29,1,2021,LESAO CORPORAL,CONSUMADO,1
313420,ITUIUTABA,2021-01-30,1,2021,LESAO CORPORAL,CONSUMADO,1
313420,ITUIUTABA,2021-01-31,1,2021,DESCUMPRIMENTO DE MEDIDA PROTETIVA DE URGENCIA,CONSUMADO,1
313420,ITUIUTABA,2021-01-31,1,2021,LESAO CORPORAL,CONSUMADO,3
313420,ITUIUTABA,2021-01-31,1,2021,VIAS DE FATO / AGRESSAO,CONSUMADO,1
313420,ITUIUTABA,2021-02-01,2,2021,VIAS DE FATO / AGRESSAO,CONSUMADO,1
313420,ITUIUTABA,2021-02-02,2,2021,AMEACA,CONSUMADO,1
313420,ITUIUTABA,2021-02-03,2,2021,VIAS DE FATO / AGRESSAO,CONSUMADO,1
313420,ITUIUTABA,2021-02-06,2,2021,AMEACA,CONSUMADO,1
313420,ITUIUTABA,2021-02-06,2,2021,LESAO CORPORAL,CONSUMADO,1
313420,ITUIUTABA,2021-02-07,2,2021,AMEACA,CONSUMADO,1
313420,ITUIUTABA,2021-02-07,2,2021,ATRITO VERBAL,CONSUMADO,1
313420,ITUIUTABA,2021-02-07,2,2021,LESAO CORPORAL,CONSUMADO,1
313420,ITUIUTABA,2021-02-07,2,2021,VIAS DE FATO / AGRESSAO,CONSUMADO,1
313420,ITUIUTABA,2021-02-08,2,2021,AMEACA,CONSUMADO,1
313420,ITUIUTABA,2021-02-09,2,2021,VIAS DE FATO / AGRESSAO,CONSUMADO,1
313420,ITUIUTABA,2021-02-10,2,2021,LESAO CORPORAL,CONSUMADO,1
313420,ITUIUTABA,2021-02-10,2,2021,PERTURBACAO DA TRANQUILIDADE,CONSUMADO,1
313420,ITUIUTABA,2021-02-13,2,2021,LESAO CORPORAL,CONSUMADO,1
313420,ITUIUTABA,2021-02-14,2,2021,LESAO CORPORAL,CONSUMADO,1
313420,ITUIUTABA,2021-02-15,2,2021,ATEND. DENUNCIA INFRACOES CONTRA MULHER(VIOLENCIA,CONSUMADO,1
313420,ITUIUTABA,2021-02-15,2,2021,VIAS DE FATO / AGRESSAO,CONSUMADO,1
313420,ITUIUTABA,2021-02-17,2,2021,AMEACA,CONSUMADO,1
313420,ITUIUTABA,2021-02-18,2,2021,LESAO CORPORAL,CONSUMADO,2
313420,ITUIUTABA,2021-02-20,2,2021,ATEND. DENUNCIA INFRACOES CONTRA MULHER(VIOLENCIA,CONSUMADO,1
313420,ITUIUTABA,2021-02-20,2,2021,FURTO,CONSUMADO,1
313420,ITUIUTABA,2021-02-20,2,2021,LESAO CORPORAL,CONSUMADO,2
313420,ITUIUTABA,2021-02-22,2,2021,AMEACA,CONSUMADO,1
313420,ITUIUTABA,2021-02-22,2,2021,ATRITO VERBAL,CONSUMADO,1
313420,ITUIUTABA,2021-02-22,2,2021,LESAO CORPORAL,CONSUMADO,1
313420,ITUIUTABA,2021-02-23,2,2021,INJURIA,CONSUMADO,1
313420,ITUIUTABA,2021-02-23,2,2021,VIAS DE FATO / AGRESSAO,CONSUMADO,1
313420,ITUIUTABA,2021-02-24,2,2021,AMEACA,CONSUMADO,1
313420,ITUIUTABA,2021-02-25,2,2021,AMEACA,CONSUMADO,1
313420,ITUIUTABA,2021-02-26,2,2021,AMEACA,CONSUMADO,1
313420,ITUIUTABA,2021-02-26,2,2021,DESCUMPRIMENTO DE MEDIDA PROTETIVA DE URGENCIA,CONSUMADO,1
313420,ITUIUTABA,2021-02-26,2,2021,OUTRAS INFRACOES CONTRA O PATRIMONIO,CONSUMADO,1
313420,ITUIUTABA,2021-02-26,2,2021,VIAS DE FATO / AGRESSAO,CONSUMADO,1
313420,ITUIUTABA,2021-02-27,2,2021,LESAO CORPORAL,CONSUMADO,1
313420,ITUIUTABA,2021-02-28,2,2021,VIOLACAO DE DOMICILIO,CONSUMADO,1
313420,ITUIUTABA,2021-03-01,3,2021,AMEACA,CONSUMADO,1
313420,ITUIUTABA,2021-03-01,3,2021,VIAS DE FATO / AGRESSAO,CONSUMADO,1
313420,ITUIUTABA,2021-03-02,3,2021,AMEACA,CONSUMADO,1
313420,ITUIUTABA,2021-03-04,3,2021,OUTRAS ACOES DEFESA SOCIAL,CONSUMADO,1
313420,ITUIUTABA,2021-03-05,3,2021,ATEND. DENUNCIA INFRACOES CONTRA MULHER(VIOLENCIA,CONSUMADO,1
313420,ITUIUTABA,2021-03-06,3,2021,AMEACA,CONSUMADO,2
313420,ITUIUTABA,2021-03-06,3,2021,LESAO CORPORAL,CONSUMADO,1
313420,ITUIUTABA,2021-03-07,3,2021,AMEACA,CONSUMADO,2
313420,ITUIUTABA,2021-03-08,3,2021,ATRITO VERBAL,CONSUMADO,1
313420,ITUIUTABA,2021-03-09,3,2021,AMEACA,CONSUMADO,1
313420,ITUIUTABA,2021-03-12,3,2021,VIAS DE FATO / AGRESSAO,CONSUMADO,1
313420,ITUIUTABA,2021-03-14,3,2021,LESAO CORPORAL,CONSUMADO,1
313420,ITUIUTABA,2021-03-15,3,2021,AMEACA,CONSUMADO,1
313420,ITUIUTABA,2021-03-15,3,2021,OUTRAS INFRACOES CONTRA O PATRIMONIO,CONSUMADO,1
313420,ITUIUTABA,2021-03-17,3,2021,AMEACA,CONSUMADO,1
313420,ITUIUTABA,2021-03-18,3,2021,AMEACA,CONSUMADO,1
313420,ITUIUTABA,2021-03-18,3,2021,LESAO CORPORAL,CONSUMADO,1
313420,ITUIUTABA,2021-03-19,3,2021,AMEACA,CONSUMADO,1
313420,ITUIUTABA,2021-03-19,3,2021,LESAO CORPORAL,CONSUMADO,2
313420,ITUIUTABA,2021-03-20,3,2021,VIAS DE FATO / AGRESSAO,CONSUMADO,1
313420,ITUIUTABA,2021-03-22,3,2021,OUTROS INFRACOES C/ A PESSOA,CONSUMADO,1
313420,ITUIUTABA,2021-03-24,3,2021,AMEACA,CONSUMADO,1
313420,ITUIUTABA,2021-03-24,3,2021,TRAFICO ILICITO DE DROGAS,CONSUMADO,1
313420,ITUIUTABA,2021-03-25,3,2021,AMEACA,CONSUMADO,1
313420,ITUIUTABA,2021-03-26,3,2021,VIAS DE FATO / AGRESSAO,CONSUMADO,2
313420,ITUIUTABA,2021-03-27,3,2021,LESAO CORPORAL,CONSUMADO,1
313420,ITUIUTABA,2021-03-28,3,2021,LESAO CORPORAL,CONSUMADO,3
313420,ITUIUTABA,2021-03-28,3,2021,OUTRAS INFRACOES CONTRA DIGNIDADE SEXUAL E A FAMIL,TENTADO,1
313420,ITUIUTABA,2021-03-28,3,2021,VIAS DE FATO / AGRESSAO,CONSUMADO,2
313420,ITUIUTABA,2021-03-29,3,2021,AMEACA,CONSUMADO,1
313420,ITUIUTABA,2021-03-29,3,2021,VIAS DE FATO / AGRESSAO,CONSUMADO,1
313420,ITUIUTABA,2021-03-30,3,2021,AMEACA,CONSUMADO,3
313420,ITUIUTABA,2021-03-31,3,2021,AMEACA,CONSUMADO,1
313420,ITUIUTABA,2021-04-01,4,2021,VIAS DE FATO / AGRESSAO,CONSUMADO,1
313420,ITUIUTABA,2021-04-02,4,2021,ESTUPRO,CONSUMADO,1
313420,ITUIUTABA,2021-04-04,4,2021,DESCUMPRIMENTO DE MEDIDA PROTETIVA DE URGENCIA,CONSUMADO,1
313420,ITUIUTABA,2021-04-05,4,2021,AMEACA,CONSUMADO,1
313420,ITUIUTABA,2021-04-05,4,2021,ESTUPRO DE VULNERAVEL,CONSUMADO,1
313420,ITUIUTABA,2021-04-05,4,2021,VIAS DE FATO / AGRESSAO,CONSUMADO,1
313420,ITUIUTABA,2021-04-07,4,2021,DESCUMPRIMENTO DE MEDIDA PROTETIVA DE URGENCIA,CONSUMADO,1
313420,ITUIUTABA,2021-04-07,4,2021,VIAS DE FATO / AGRESSAO,CONSUMADO,1
313420,ITUIUTABA,2021-04-08,4,2021,VIAS DE FATO / AGRESSAO,CONSUMADO,1
313420,ITUIUTABA,2021-04-09,4,2021,VIAS DE FATO / AGRESSAO,CONSUMADO,1
313420,ITUIUTABA,2021-04-10,4,2021,AMEACA,CONSUMADO,1
313420,ITUIUTABA,2021-04-11,4,2021,AMEACA,CONSUMADO,3
313420,ITUIUTABA,2021-04-11,4,2021,LESAO CORPORAL,CONSUMADO,3
313420,ITUIUTABA,2021-04-12,4,2021,VIAS DE FATO / AGRESSAO,CONSUMADO,1
313420,ITUIUTABA,2021-04-13,4,2021,VIAS DE FATO / AGRESSAO,CONSUMADO,1
313420,ITUIUTABA,2021-04-14,4,2021,AMEACA,CONSUMADO,2
313420,ITUIUTABA,2021-04-14,4,2021,OUTRAS ACOES DEFESA SOCIAL,CONSUMADO,1
313420,ITUIUTABA,2021-04-15,4,2021,AMEACA,CONSUMADO,1
313420,ITUIUTABA,2021-04-15,4,2021,OUTRAS ACOES DEFESA SOCIAL,CONSUMADO,1
313420,ITUIUTABA,2021-04-15,4,2021,VIAS DE FATO / AGRESSAO,CONSUMADO,1
313420,ITUIUTABA,2021-04-16,4,2021,VIAS DE FATO / AGRESSAO,CONSUMADO,3
313420,ITUIUTABA,2021-04-17,4,2021,AMEACA,CONSUMADO,1
313420,ITUIUTABA,2021-04-17,4,2021,VIAS DE FATO / AGRESSAO,CONSUMADO,2
313420,ITUIUTABA,2021-04-18,4,2021,AMEACA,CONSUMADO,1
313420,ITUIUTABA,2021-04-18,4,2021,LESAO CORPORAL,CONSUMADO,2
313420,ITUIUTABA,2021-04-19,4,2021,AMEACA,CONSUMADO,1
313420,ITUIUTABA,2021-04-20,4,2021,PERTURBACAO DA TRANQUILIDADE,CONSUMADO,1
313420,ITUIUTABA,2021-04-21,4,2021,AMEACA,CONSUMADO,1
313420,ITUIUTABA,2021-04-21,4,2021,DANO,CONSUMADO,1
313420,ITUIUTABA,2021-04-22,4,2021,AMEACA,CONSUMADO,1
313420,ITUIUTABA,2021-04-23,4,2021,VIAS DE FATO / AGRESSAO,CONSUMADO,2
313420,ITUIUTABA,2021-04-24,4,2021,LESAO CORPORAL,CONSUMADO,2
313420,ITUIUTABA,2021-04-25,4,2021,LESAO CORPORAL,CONSUMADO,1
313420,ITUIUTABA,2021-04-25,4,2021,VIAS DE FATO / AGRESSAO,CONSUMADO,1
313420,ITUIUTABA,2021-04-26,4,2021,AMEACA,CONSUMADO,2
313420,ITUIUTABA,2021-04-26,4,2021,OUTROS INFRACOES C/ A PESSOA,CONSUMADO,1
313420,ITUIUTABA,2021-04-26,4,2021,VIAS DE FATO / AGRESSAO,CONSUMADO,1
313420,ITUIUTABA,2021-04-27,4,2021,LESAO CORPORAL,CONSUMADO,2
313420,ITUIUTABA,2021-04-27,4,2021,VIAS DE FATO / AGRESSAO,CONSUMADO,1
313420,ITUIUTABA,2021-04-28,4,2021,VIAS DE FATO / AGRESSAO,CONSUMADO,2
313420,ITUIUTABA,2021-04-29,4,2021,LESAO CORPORAL,CONSUMADO,1
313420,ITUIUTABA,2021-04-29,4,2021,VIAS DE FATO / AGRESSAO,CONSUMADO,1
313420,ITUIUTABA,2021-04-30,4,2021,AMEACA,CONSUMADO,1
313420,ITUIUTABA,2021-04-30,4,2021,CALUNIA,CONSUMADO,1
313420,ITUIUTABA,2021-05-01,5,2021,LESAO CORPORAL,CONSUMADO,1
313420,ITUIUTABA,2021-05-01,5,2021,VIAS DE FATO / AGRESSAO,CONSUMADO,1
313420,ITUIUTABA,2021-05-02,5,2021,AMEACA,CONSUMADO,2
313420,ITUIUTABA,2021-05-02,5,2021,INCENDIO,CONSUMADO,2
313420,ITUIUTABA,2021-05-03,5,2021,DESCUMPRIMENTO DE MEDIDA PROTETIVA DE URGENCIA,CONSUMADO,1
313420,ITUIUTABA,2021-05-04,5,2021,OUTRAS ACOES DEFESA SOCIAL,CONSUMADO,1
313420,ITUIUTABA,2021-05-05,5,2021,AMEACA,CONSUMADO,1
313420,ITUIUTABA,2021-05-06,5,2021,AMEACA,CONSUMADO,1
313420,ITUIUTABA,2021-05-07,5,2021,AMEACA,CONSUMADO,2
313420,ITUIUTABA,2021-05-07,5,2021,OUTRAS ACOES DEFESA SOCIAL,CONSUMADO,1
313420,ITUIUTABA,2021-05-07,5,2021,VIAS DE FATO / AGRESSAO,CONSUMADO,1
313420,ITUIUTABA,2021-05-08,5,2021,VIAS DE FATO / AGRESSAO,CONSUMADO,1
313420,ITUIUTABA,2021-05-09,5,2021,VIAS DE FATO / AGRESSAO,CONSUMADO,1
313420,ITUIUTABA,2021-05-10,5,2021,AMEACA,CONSUMADO,2
313420,ITUIUTABA,2021-05-10,5,2021,LESAO CORPORAL,CONSUMADO,1
313420,ITUIUTABA,2021-05-11,5,2021,AMEACA,CONSUMADO,1
313420,ITUIUTABA,2021-05-12,5,2021,DESCUMPRIMENTO DE MEDIDA PROTETIVA DE URGENCIA,CONSUMADO,1
313420,ITUIUTABA,2021-05-12,5,2021,LESAO CORPORAL,CONSUMADO,1
313420,ITUIUTABA,2021-05-12,5,2021,OUTRAS ACOES DEFESA SOCIAL,CONSUMADO,1
313420,ITUIUTABA,2021-05-13,5,2021,OUTRAS ACOES DEFESA SOCIAL,CONSUMADO,1
313420,ITUIUTABA,2021-05-15,5,2021,AMEACA,CONSUMADO,1
313420,ITUIUTABA,2021-05-15,5,2021,OUTRAS ACOES DEFESA SOCIAL,CONSUMADO,1
313420,ITUIUTABA,2021-05-15,5,2021,VIAS DE FATO / AGRESSAO,CONSUMADO,1
313420,ITUIUTABA,2021-05-16,5,2021,AMEACA,CONSUMADO,1
313420,ITUIUTABA,2021-05-17,5,2021,VIAS DE FATO / AGRESSAO,CONSUMADO,2
313420,ITUIUTABA,2021-05-18,5,2021,AMEACA,CONSUMADO,1
313420,ITUIUTABA,2021-05-19,5,2021,AMEACA,CONSUMADO,2
313420,ITUIUTABA,2021-05-21,5,2021,AMEACA,CONSUMADO,1
313420,ITUIUTABA,2021-05-22,5,2021,VIOLACAO DE DOMICILIO,CONSUMADO,1
313420,ITUIUTABA,2021-05-23,5,2021,LESAO CORPORAL,CONSUMADO,2
313420,ITUIUTABA,2021-05-23,5,2021,OUTRAS INFRACOES CONTRA DIGNIDADE SEXUAL E A FAMIL,CONSUMADO,1
313420,ITUIUTABA,2021-05-24,5,2021,AMEACA,CONSUMADO,1
313420,ITUIUTABA,2021-05-25,5,2021,AMEACA,CONSUMADO,2
313420,ITUIUTABA,2021-05-26,5,2021,AMEACA,CONSUMADO,1
313420,ITUIUTABA,2021-05-26,5,2021,LESAO CORPORAL,CONSUMADO,1
313420,ITUIUTABA,2021-05-27,5,2021,AMEACA,CONSUMADO,2
313420,ITUIUTABA,2021-05-28,5,2021,DIFAMACAO,CONSUMADO,1
313420,ITUIUTABA,2021-05-28,5,2021,PERTURBACAO DA TRANQUILIDADE,CONSUMADO,1
313420,ITUIUTABA,2021-05-28,5,2021,VIAS DE FATO / AGRESSAO,CONSUMADO,1
313420,ITUIUTABA,2021-05-30,5,2021,VIAS DE FATO / AGRESSAO,CONSUMADO,1
313420,ITUIUTABA,2021-05-31,5,2021,OUTROS INFRACOES C/ A PESSOA,CONSUMADO,1
313420,ITUIUTABA,2021-06-01,6,2021,AMEACA,CONSUMADO,1
313420,ITUIUTABA,2021-06-02,6,2021,AMEACA,CONSUMADO,1
313420,ITUIUTABA,2021-06-03,6,2021,VIAS DE FATO / AGRESSAO,CONSUMADO,1
313420,ITUIUTABA,2021-06-04,6,2021,AMEACA,CONSUMADO,1
313420,ITUIUTABA,2021-06-05,6,2021,LESAO CORPORAL,CONSUMADO,3
313420,ITUIUTABA,2021-06-06,6,2021,OUTRAS INFRACOES CONTRA O PATRIMONIO,CONSUMADO,1
313420,ITUIUTABA,2021-06-08,6,2021,AMEACA,CONSUMADO,1
313420,ITUIUTABA,2021-06-08,6,2021,FURTO,CONSUMADO,1
313420,ITUIUTABA,2021-06-08,6,2021,LESAO CORPORAL,CONSUMADO,2
313420,ITUIUTABA,2021-06-09,6,2021,AMEACA,CONSUMADO,2
313420,ITUIUTABA,2021-06-10,6,2021,AMEACA,CONSUMADO,2
313420,ITUIUTABA,2021-06-12,6,2021,ATRITO VERBAL,CONSUMADO,1
313420,ITUIUTABA,2021-06-13,6,2021,LESAO CORPORAL,CONSUMADO,1
313420,ITUIUTABA,2021-06-13,6,2021,VIAS DE FATO / AGRESSAO,CONSUMADO,1
313420,ITUIUTABA,2021-06-14,6,2021,ATRITO VERBAL,CONSUMADO,1
313420,ITUIUTABA,2021-06-16,6,2021,AMEACA,CONSUMADO,3
313420,ITUIUTABA,2021-06-18,6,2021,OUTROS INFRACOES C/ A PESSOA,CONSUMADO,1
313420,ITUIUTABA,2021-06-20,6,2021,VIAS DE FATO / AGRESSAO,CONSUMADO,1
313420,ITUIUTABA,2021-06-21,6,2021,AMEACA,CONSUMADO,1
313420,ITUIUTABA,2021-06-21,6,2021,OUTRAS ACOES DEFESA SOCIAL,CONSUMADO,1
313420,ITUIUTABA,2021-06-22,6,2021,ATRITO VERBAL,CONSUMADO,1
313420,ITUIUTABA,2021-06-24,6,2021,AMEACA,CONSUMADO,1
313420,ITUIUTABA,2021-06-25,6,2021,VIAS DE FATO / AGRESSAO,CONSUMADO,1
313420,ITUIUTABA,2021-06-28,6,2021,AMEACA,CONSUMADO,2
313420,ITUIUTABA,2021-07-01,7,2021,ATEND. DENUNCIA INFRACOES CONTRA MULHER(VIOLENCIA,CONSUMADO,1
313420,ITUIUTABA,2021-07-04,7,2021,VIAS DE FATO / AGRESSAO,CONSUMADO,2
313420,ITUIUTABA,2021-07-05,7,2021,AMEACA,CONSUMADO,1
313420,ITUIUTABA,2021-07-08,7,2021,ACIDENTE DE TRANSITO COM VITIMA,CONSUMADO,1
313420,ITUIUTABA,2021-07-09,7,2021,ATRITO VERBAL,CONSUMADO,1
313420,ITUIUTABA,2021-07-11,7,2021,AMEACA,CONSUMADO,2
313420,ITUIUTABA,2021-07-11,7,2021,LESAO CORPORAL,CONSUMADO,1
313420,ITUIUTABA,2021-07-12,7,2021,OUTRAS ACOES DEFESA SOCIAL,CONSUMADO,1
313420,ITUIUTABA,2021-07-13,7,2021,ABANDONO DE INCAPAZ,CONSUMADO,1
313420,ITUIUTABA,2021-07-14,7,2021,ATEND. DENUNCIA DE INFRACOES CONTRA CRIANCAS E ADO,CONSUMADO,1
313420,ITUIUTABA,2021-07-14,7,2021,VIAS DE FATO / AGRESSAO,CONSUMADO,1
313420,ITUIUTABA,2021-07-15,7,2021,ATEND. DENUNCIA DE INFRACOES CONTRA CRIANCAS E ADO,CONSUMADO,3
313420,ITUIUTABA,2021-07-15,7,2021,VIAS DE FATO / AGRESSAO,CONSUMADO,1
313420,ITUIUTABA,2021-07-16,7,2021,DESOBEDECE ORDEM JUDICIAL (PERDA/SUS DIREITO),CONSUMADO,1
313420,ITUIUTABA,2021-07-17,7,2021,VIAS DE FATO / AGRESSAO,CONSUMADO,1
313420,ITUIUTABA,2021-07-19,7,2021,AMEACA,CONSUMADO,2
313420,ITUIUTABA,2021-07-19,7,2021,APROPRIACAO INDEBITA DE COISA ALHEIA MOVEL,CONSUMADO,1
313420,ITUIUTABA,2021-07-19,7,2021,RECEPTACAO,CONSUMADO,1
313420,ITUIUTABA,2021-07-21,7,2021,AMEACA,CONSUMADO,2
313420,ITUIUTABA,2021-07-22,7,2021,AMEACA,CONSUMADO,1
313420,ITUIUTABA,2021-07-22,7,2021,VIAS DE FATO / AGRESSAO,CONSUMADO,1
313420,ITUIUTABA,2021-07-23,7,2021,AMEACA,CONSUMADO,2
313420,ITUIUTABA,2021-07-23,7,2021,VIAS DE FATO / AGRESSAO,CONSUMADO,2
313420,ITUIUTABA,2021-07-26,7,2021,AMEACA,CONSUMADO,1
313420,ITUIUTABA,2021-07-26,7,2021,ATEND. DENUNCIA INFRACOES CONTRA MULHER(VIOLENCIA,CONSUMADO,1
313420,ITUIUTABA,2021-07-26,7,2021,DANO,CONSUMADO,1
313420,ITUIUTABA,2021-07-28,7,2021,AMEACA,CONSUMADO,1
313420,ITUIUTABA,2021-07-30,7,2021,AMEACA,CONSUMADO,1
313420,ITUIUTABA,2021-07-30,7,2021,DANO,CONSUMADO,1
313420,ITUIUTABA,2021-07-31,7,2021,LESAO CORPORAL,CONSUMADO,1
313420,ITUIUTABA,2021-08-02,8,2021,AMEACA,CONSUMADO,2
313420,ITUIUTABA,2021-08-02,8,2021,LESAO CORPORAL,CONSUMADO,1
313420,ITUIUTABA,2021-08-03,8,2021,OUTRAS INFRACOES CONTRA DIGNIDADE SEXUAL E A FAMIL,CONSUMADO,1
313420,ITUIUTABA,2021-08-03,8,2021,VIAS DE FATO / AGRESSAO,CONSUMADO,1
313420,ITUIUTABA,2021-08-04,8,2021,AMEACA,CONSUMADO,1
313420,ITUIUTABA,2021-08-05,8,2021,OUTROS INFRACOES C/ A PESSOA,CONSUMADO,1
313420,ITUIUTABA,2021-08-06,8,2021,AMEACA,CONSUMADO,2
313420,ITUIUTABA,2021-08-06,8,2021,LESAO CORPORAL,CONSUMADO,1
313420,ITUIUTABA,2021-08-07,8,2021,DANO,CONSUMADO,1
313420,ITUIUTABA,2021-08-07,8,2021,LESAO CORPORAL,CONSUMADO,2
313420,ITUIUTABA,2021-08-08,8,2021,AMEACA,CONSUMADO,1
313420,ITUIUTABA,2021-08-08,8,2021,VIAS DE FATO / AGRESSAO,CONSUMADO,2
313420,ITUIUTABA,2021-08-11,8,2021,VIAS DE FATO / AGRESSAO,CONSUMADO,1
313420,ITUIUTABA,2021-08-13,8,2021,AMEACA,CONSUMADO,1
313420,ITUIUTABA,2021-08-13,8,2021,DANO,CONSUMADO,1
313420,ITUIUTABA,2021-08-13,8,2021,LESAO CORPORAL,CONSUMADO,1
313420,ITUIUTABA,2021-08-14,8,2021,FURTO,CONSUMADO,1
313420,ITUIUTABA,2021-08-14,8,2021,VIAS DE FATO / AGRESSAO,CONSUMADO,1
313420,ITUIUTABA,2021-08-15,8,2021,AMEACA,TENTADO,1
313420,ITUIUTABA,2021-08-15,8,2021,VIAS DE FATO / AGRESSAO,CONSUMADO,1
313420,ITUIUTABA,2021-08-16,8,2021,AMEACA,CONSUMADO,1
313420,ITUIUTABA,2021-08-16,8,2021,VIAS DE FATO / AGRESSAO,CONSUMADO,1
313420,ITUIUTABA,2021-08-17,8,2021,OUTRAS INFRACOES DEMAIS LEIS ESPECIAIS,CONSUMADO,1
313420,ITUIUTABA,2021-08-18,8,2021,ABANDONO DE INCAPAZ,CONSUMADO,1
313420,ITUIUTABA,2021-08-18,8,2021,OUTRAS ACOES DEFESA SOCIAL,CONSUMADO,1
313420,ITUIUTABA,2021-08-19,8,2021,AMEACA,CONSUMADO,1
313420,ITUIUTABA,2021-08-19,8,2021,OUTRAS ACOES DEFESA SOCIAL,CONSUMADO,1
313420,ITUIUTABA,2021-08-20,8,2021,AMEACA,CONSUMADO,4
313420,ITUIUTABA,2021-08-20,8,2021,LESAO CORPORAL,CONSUMADO,1
313420,ITUIUTABA,2021-08-21,8,2021,AMEACA,CONSUMADO,1
313420,ITUIUTABA,2021-08-22,8,2021,AMEACA,CONSUMADO,1
313420,ITUIUTABA,2021-08-22,8,2021,LESAO CORPORAL,CONSUMADO,1
313420,ITUIUTABA,2021-08-22,8,2021,VIAS DE FATO / AGRESSAO,CONSUMADO,1
313420,ITUIUTABA,2021-08-23,8,2021,AMEACA,CONSUMADO,1
313420,ITUIUTABA,2021-08-23,8,2021,LESAO CORPORAL,CONSUMADO,1
313420,ITUIUTABA,2021-08-24,8,2021,AMEACA,CONSUMADO,1
313420,ITUIUTABA,2021-08-25,8,2021,AMEACA,CONSUMADO,1
313420,ITUIUTABA,2021-08-28,8,2021,AMEACA,CONSUMADO,2
313420,ITUIUTABA,2021-08-28,8,2021,LESAO CORPORAL,CONSUMADO,1
313420,ITUIUTABA,2021-08-29,8,2021,DANO,CONSUMADO,1
313420,ITUIUTABA,2021-08-29,8,2021,VIAS DE FATO / AGRESSAO,CONSUMADO,2
313420,ITUIUTABA,2021-08-30,8,2021,AMEACA,CONSUMADO,2
313420,ITUIUTABA,2021-08-31,8,2021,AMEACA,CONSUMADO,1
313420,ITUIUTABA,2021-08-31,8,2021,POSSE ILEGAL ARMA DE FOGO/ACESSÓRIO/MUNIÇÃO DE USO,CONSUMADO,1
313420,ITUIUTABA,2021-09-01,9,2021,LESAO CORPORAL,CONSUMADO,1
313420,ITUIUTABA,2021-09-02,9,2021,AMEACA,CONSUMADO,2
313420,ITUIUTABA,2021-09-02,9,2021,LESAO CORPORAL,CONSUMADO,1
313420,ITUIUTABA,2021-09-03,9,2021,AMEACA,CONSUMADO,1
313420,ITUIUTABA,2021-09-04,9,2021,AMEACA,CONSUMADO,2
313420,ITUIUTABA,2021-09-05,9,2021,ESTUPRO,CONSUMADO,1
313420,ITUIUTABA,2021-09-05,9,2021,FURTO,CONSUMADO,1
313420,ITUIUTABA,2021-09-05,9,2021,LESAO CORPORAL,CONSUMADO,1
313420,ITUIUTABA,2021-09-06,9,2021,LESAO CORPORAL,CONSUMADO,1
313420,ITUIUTABA,2021-09-08,9,2021,DANO,CONSUMADO,1
313420,ITUIUTABA,2021-09-08,9,2021,VIAS DE FATO / AGRESSAO,CONSUMADO,1
313420,ITUIUTABA,2021-09-10,9,2021,LESAO CORPORAL,CONSUMADO,1
313420,ITUIUTABA,2021-09-10,9,2021,VIAS DE FATO / AGRESSAO,CONSUMADO,1
313420,ITUIUTABA,2021-09-11,9,2021,DANO,CONSUMADO,1
313420,ITUIUTABA,2021-09-12,9,2021,AMEACA,CONSUMADO,1
313420,ITUIUTABA,2021-09-12,9,2021,VIAS DE FATO / AGRESSAO,CONSUMADO,1
313420,ITUIUTABA,2021-09-14,9,2021,AMEACA,CONSUMADO,3
313420,ITUIUTABA,2021-09-17,9,2021,AMEACA,CONSUMADO,1
313420,ITUIUTABA,2021-09-17,9,2021,PERTURBACAO DO TRABALHO OU DO SOSSEGO ALHEIOS,CONSUMADO,1
313420,ITUIUTABA,2021-09-18,9,2021,LESAO CORPORAL,CONSUMADO,1
313420,ITUIUTABA,2021-09-20,9,2021,OUTRAS ACOES DEFESA SOCIAL,CONSUMADO,1
313420,ITUIUTABA,2021-09-21,9,2021,DESCUMPRIMENTO DE MEDIDA PROTETIVA DE URGENCIA,CONSUMADO,1
313420,ITUIUTABA,2021-09-21,9,2021,LESAO CORPORAL,CONSUMADO,1
313420,ITUIUTABA,2021-09-21,9,2021,PERTURBACAO DO TRABALHO OU DO SOSSEGO ALHEIOS,CONSUMADO,1
313420,ITUIUTABA,2021-09-21,9,2021,VIAS DE FATO / AGRESSAO,CONSUMADO,1
313420,ITUIUTABA,2021-09-22,9,2021,AMEACA,CONSUMADO,3
313420,ITUIUTABA,2021-09-22,9,2021,ESTUPRO,CONSUMADO,1
313420,ITUIUTABA,2021-09-23,9,2021,LESAO CORPORAL,CONSUMADO,1
313420,ITUIUTABA,2021-09-24,9,2021,AMEACA,CONSUMADO,1
313420,ITUIUTABA,2021-09-25,9,2021,AMEACA,CONSUMADO,1
313420,ITUIUTABA,2021-09-25,9,2021,DISPARO DE ARMA DE FOGO/ACIONAM DE MUNICAO,CONSUMADO,1
313420,ITUIUTABA,2021-09-26,9,2021,AMEACA,CONSUMADO,1
313420,ITUIUTABA,2021-09-26,9,2021,LESAO CORPORAL,CONSUMADO,1
313420,ITUIUTABA,2021-09-27,9,2021,AMEACA,CONSUMADO,2
313420,ITUIUTABA,2021-09-27,9,2021,ESTELIONATO,CONSUMADO,1
313420,ITUIUTABA,2021-09-28,9,2021,AMEACA,CONSUMADO,1
313420,ITUIUTABA,2021-09-28,9,2021,VIAS DE FATO / AGRESSAO,CONSUMADO,1
313420,ITUIUTABA,2021-09-29,9,2021,AMEACA,CONSUMADO,1
313420,ITUIUTABA,2021-10-01,10,2021,AMEACA,CONSUMADO,1
313420,ITUIUTABA,2021-10-02,10,2021,AMEACA,CONSUMADO,2
313420,ITUIUTABA,2021-10-03,10,2021,AMEACA,CONSUMADO,1
313420,ITUIUTABA,2021-10-03,10,2021,PERTURBACAO DA TRANQUILIDADE,CONSUMADO,1
313420,ITUIUTABA,2021-10-03,10,2021,VIAS DE FATO / AGRESSAO,CONSUMADO,1
313420,ITUIUTABA,2021-10-04,10,2021,AMEACA,CONSUMADO,2
313420,ITUIUTABA,2021-10-04,10,2021,DIFAMACAO,CONSUMADO,1
313420,ITUIUTABA,2021-10-04,10,2021,LESAO CORPORAL,CONSUMADO,1
313420,ITUIUTABA,2021-10-05,10,2021,LESAO CORPORAL,CONSUMADO,1
313420,ITUIUTABA,2021-10-06,10,2021,AMEACA,CONSUMADO,3
313420,ITUIUTABA,2021-10-06,10,2021,INJURIA,CONSUMADO,1
313420,ITUIUTABA,2021-10-06,10,2021,PERTURBACAO DA TRANQUILIDADE,CONSUMADO,1
313420,ITUIUTABA,2021-10-07,10,2021,AMEACA,CONSUMADO,1
313420,ITUIUTABA,2021-10-07,10,2021,VIAS DE FATO / AGRESSAO,CONSUMADO,2
313420,ITUIUTABA,2021-10-08,10,2021,OUTRAS ACOES DEFESA SOCIAL,CONSUMADO,1
313420,ITUIUTABA,2021-10-09,10,2021,VIAS DE FATO / AGRESSAO,CONSUMADO,1
313420,ITUIUTABA,2021-10-10,10,2021,LESAO CORPORAL,CONSUMADO,2
313420,ITUIUTABA,2021-10-10,10,2021,REGISTRO NAO AUTORIZADO DA INTIMIDADE SEXUAL,CONSUMADO,1
313420,ITUIUTABA,2021-10-10,10,2021,VIAS DE FATO / AGRESSAO,CONSUMADO,1
313420,ITUIUTABA,2021-10-11,10,2021,AMEACA,CONSUMADO,1
313420,ITUIUTABA,2021-10-12,10,2021,AMEACA,CONSUMADO,1
313420,ITUIUTABA,2021-10-12,10,2021,VIAS DE FATO / AGRESSAO,CONSUMADO,1
313420,ITUIUTABA,2021-10-13,10,2021,VIAS DE FATO / AGRESSAO,CONSUMADO,1
313420,ITUIUTABA,2021-10-14,10,2021,PERSEGUICAO,CONSUMADO,1
313420,ITUIUTABA,2021-10-15,10,2021,ATEND. DENUNCIA DE INFRACOES CONTRA CRIANCAS E ADO,CONSUMADO,1
313420,ITUIUTABA,2021-10-16,10,2021,AMEACA,CONSUMADO,1
313420,ITUIUTABA,2021-10-17,10,2021,LESAO CORPORAL,CONSUMADO,1
313420,ITUIUTABA,2021-10-18,10,2021,AMEACA,CONSUMADO,1
313420,ITUIUTABA,2021-10-18,10,2021,LESAO CORPORAL,CONSUMADO,2
313420,ITUIUTABA,2021-10-19,10,2021,AMEACA,CONSUMADO,1
313420,ITUIUTABA,2021-10-19,10,2021,PERTURBACAO DA TRANQUILIDADE,CONSUMADO,1
313420,ITUIUTABA,2021-10-20,10,2021,AMEACA,CONSUMADO,1
313420,ITUIUTABA,2021-10-21,10,2021,AMEACA,CONSUMADO,1
313420,ITUIUTABA,2021-10-22,10,2021,APROPRIACAO INDEBITA DE COISA ALHEIA MOVEL,CONSUMADO,1
313420,ITUIUTABA,2021-10-23,10,2021,VIAS DE FATO / AGRESSAO,CONSUMADO,1
313420,ITUIUTABA,2021-10-26,10,2021,AMEACA,CONSUMADO,1
313420,ITUIUTABA,2021-10-27,10,2021,AMEACA,CONSUMADO,1
313420,ITUIUTABA,2021-10-27,10,2021,LESAO CORPORAL,CONSUMADO,1
313420,ITUIUTABA,2021-10-28,10,2021,AMEACA,CONSUMADO,1
313420,ITUIUTABA,2021-10-28,10,2021,OUTRAS INFRACOES CONTRA DIGNIDADE SEXUAL E A FAMIL,CONSUMADO,1
313420,ITUIUTABA,2021-10-28,10,2021,VIAS DE FATO / AGRESSAO,CONSUMADO,1
313420,ITUIUTABA,2021-10-29,10,2021,AMEACA,CONSUMADO,1
313420,ITUIUTABA,2021-10-29,10,2021,DISPARO DE ARMA DE FOGO/ACIONAM DE MUNICAO,CONSUMADO,1
313420,ITUIUTABA,2021-10-30,10,2021,DANO,CONSUMADO,1
313420,ITUIUTABA,2021-10-30,10,2021,LESAO CORPORAL,CONSUMADO,1
313420,ITUIUTABA,2021-10-30,10,2021,VIAS DE FATO / AGRESSAO,CONSUMADO,2
313420,ITUIUTABA,2021-10-31,10,2021,LESAO CORPORAL,CONSUMADO,1
313420,ITUIUTABA,2021-10-31,10,2021,OUTRAS ACOES DEFESA SOCIAL,CONSUMADO,1
313420,ITUIUTABA,2021-11-01,11,2021,AMEACA,CONSUMADO,1
313420,ITUIUTABA,2021-11-01,11,2021,LESAO CORPORAL,CONSUMADO,1
313420,ITUIUTABA,2021-11-01,11,2021,VIAS DE FATO / AGRESSAO,CONSUMADO,1
313420,ITUIUTABA,2021-11-02,11,2021,AMEACA,CONSUMADO,1
313420,ITUIUTABA,2021-11-02,11,2021,LESAO CORPORAL,CONSUMADO,1
313420,ITUIUTABA,2021-11-03,11,2021,AMEACA,CONSUMADO,2
313420,ITUIUTABA,2021-11-03,11,2021,LESAO CORPORAL,CONSUMADO,1
313420,ITUIUTABA,2021-11-03,11,2021,VIAS DE FATO / AGRESSAO,CONSUMADO,1
313420,ITUIUTABA,2021-11-04,11,2021,AMEACA,CONSUMADO,2
313420,ITUIUTABA,2021-11-06,11,2021,AMEACA,CONSUMADO,1
313420,ITUIUTABA,2021-11-06,11,2021,LESAO CORPORAL,CONSUMADO,1
313420,ITUIUTABA,2021-11-06,11,2021,OUTRAS ACOES DEFESA SOCIAL,CONSUMADO,1
313420,ITUIUTABA,2021-11-06,11,2021,VIAS DE FATO / AGRESSAO,CONSUMADO,1
313420,ITUIUTABA,2021-11-07,11,2021,LESAO CORPORAL,CONSUMADO,1
313420,ITUIUTABA,2021-11-08,11,2021,VIAS DE FATO / AGRESSAO,CONSUMADO,1
313420,ITUIUTABA,2021-11-09,11,2021,AMEACA,CONSUMADO,1
313420,ITUIUTABA,2021-11-09,11,2021,LESAO CORPORAL,CONSUMADO,2
313420,ITUIUTABA,2021-11-10,11,2021,AMEACA,CONSUMADO,2
313420,ITUIUTABA,2021-11-10,11,2021,HOMICIDIO,TENTADO,1
313420,ITUIUTABA,2021-11-11,11,2021,AMEACA,CONSUMADO,1
313420,ITUIUTABA,2021-11-11,11,2021,DIFAMACAO,CONSUMADO,1
313420,ITUIUTABA,2021-11-12,11,2021,OUTRAS INFRACOES CONTRA DIGNIDADE SEXUAL E A FAMIL,CONSUMADO,1
313420,ITUIUTABA,2021-11-13,11,2021,AMEACA,CONSUMADO,1
313420,ITUIUTABA,2021-11-14,11,2021,HOMICIDIO,TENTADO,1
313420,ITUIUTABA,2021-11-14,11,2021,VIAS DE FATO / AGRESSAO,CONSUMADO,1
313420,ITUIUTABA,2021-11-15,11,2021,LESAO CORPORAL,CONSUMADO,1
313420,ITUIUTABA,2021-11-17,11,2021,AMEACA,CONSUMADO,2
313420,ITUIUTABA,2021-11-17,11,2021,ATEND. DENUNCIA INFRACOES CONTRA MULHER(VIOLENCIA,CONSUMADO,1
313420,ITUIUTABA,2021-11-19,11,2021,AMEACA,CONSUMADO,1
313420,ITUIUTABA,2021-11-19,11,2021,VIAS DE FATO / AGRESSAO,CONSUMADO,2
313420,ITUIUTABA,2021-11-21,11,2021,FURTO,CONSUMADO,1
313420,ITUIUTABA,2021-11-21,11,2021,VIAS DE FATO / AGRESSAO,CONSUMADO,1
313420,ITUIUTABA,2021-11-22,11,2021,AMEACA,CONSUMADO,4
313420,ITUIUTABA,2021-11-23,11,2021,AMEACA,CONSUMADO,2
313420,ITUIUTABA,2021-11-23,11,2021,LESAO CORPORAL,CONSUMADO,1
313420,ITUIUTABA,2021-11-25,11,2021,AMEACA,CONSUMADO,1
313420,ITUIUTABA,2021-11-26,11,2021,ATEND. DENUNCIA INFRACOES CONTRA MULHER(VIOLENCIA,CONSUMADO,1
313420,ITUIUTABA,2021-11-26,11,2021,LESAO CORPORAL,CONSUMADO,1
313420,ITUIUTABA,2021-11-27,11,2021,AMEACA,CONSUMADO,1
313420,ITUIUTABA,2021-11-27,11,2021,LESAO CORPORAL,CONSUMADO,3
313420,ITUIUTABA,2021-11-28,11,2021,AMEACA,CONSUMADO,1
313420,ITUIUTABA,2021-11-29,11,2021,AMEACA,CONSUMADO,1
313420,ITUIUTABA,2021-11-29,11,2021,DANO,CONSUMADO,1
313420,ITUIUTABA,2021-11-29,11,2021,LESAO CORPORAL,CONSUMADO,1
313420,ITUIUTABA,2021-11-30,11,2021,AMEACA,CONSUMADO,1
313420,ITUIUTABA,2021-11-30,11,2021,ATRITO VERBAL,CONSUMADO,1
313420,ITUIUTABA,2021-12-02,12,2021,ESTUPRO DE VULNERAVEL,CONSUMADO,2
313420,ITUIUTABA,2021-12-03,12,2021,AMEACA,CONSUMADO,1
313420,ITUIUTABA,2021-12-03,12,2021,LESAO CORPORAL,CONSUMADO,1
313420,ITUIUTABA,2021-12-05,12,2021,AMEACA,CONSUMADO,1
313420,ITUIUTABA,2021-12-05,12,2021,LESAO CORPORAL,CONSUMADO,1
313420,ITUIUTABA,2021-12-05,12,2021,VIAS DE FATO / AGRESSAO,CONSUMADO,1
313420,ITUIUTABA,2021-12-08,12,2021,AMEACA,CONSUMADO,1
313420,ITUIUTABA,2021-12-09,12,2021,AMEACA,CONSUMADO,1
313420,ITUIUTABA,2021-12-09,12,2021,DESCUMPRIMENTO DE MEDIDA PROTETIVA DE URGENCIA,CONSUMADO,1
313420,ITUIUTABA,2021-12-10,12,2021,LESAO CORPORAL,CONSUMADO,1
313420,ITUIUTABA,2021-12-11,12,2021,ACIDENTE DE TRANSITO COM VITIMA,CONSUMADO,1
313420,ITUIUTABA,2021-12-12,12,2021,ATEND. DENUNCIA INFRACOES CONTRA MULHER(VIOLENCIA,CONSUMADO,1
313420,ITUIUTABA,2021-12-12,12,2021,LESAO CORPORAL,CONSUMADO,4
313420,ITUIUTABA,2021-12-13,12,2021,AMEACA,CONSUMADO,1
313420,ITUIUTABA,2021-12-14,12,2021,VIAS DE FATO / AGRESSAO,CONSUMADO,1
313420,ITUIUTABA,2021-12-15,12,2021,VIAS DE FATO / AGRESSAO,CONSUMADO,1
313420,ITUIUTABA,2021-12-16,12,2021,LESAO CORPORAL,CONSUMADO,1
313420,ITUIUTABA,2021-12-16,12,2021,VIAS DE FATO / AGRESSAO,CONSUMADO,1
313420,ITUIUTABA,2021-12-17,12,2021,DANO,CONSUMADO,1
313420,ITUIUTABA,2021-12-17,12,2021,EXTORSAO,CONSUMADO,1
313420,ITUIUTABA,2021-12-18,12,2021,VIAS DE FATO / AGRESSAO,CONSUMADO,1
313420,ITUIUTABA,2021-12-19,12,2021,VIAS DE FATO / AGRESSAO,CONSUMADO,1
313420,ITUIUTABA,2021-12-20,12,2021,AMEACA,CONSUMADO,1
313420,ITUIUTABA,2021-12-20,12,2021,LESAO CORPORAL,CONSUMADO,1
313420,ITUIUTABA,2021-12-20,12,2021,VIAS DE FATO / AGRESSAO,CONSUMADO,1
313420,ITUIUTABA,2021-12-21,12,2021,AMEACA,CONSUMADO,1
313420,ITUIUTABA,2021-12-21,12,2021,LESAO CORPORAL,CONSUMADO,1
313420,ITUIUTABA,2021-12-22,12,2021,ATEND. DENUNCIA INFRACOES CONTRA MULHER(VIOLENCIA,CONSUMADO,2
313420,ITUIUTABA,2021-12-22,12,2021,LESAO CORPORAL,CONSUMADO,1
313420,ITUIUTABA,2021-12-22,12,2021,VIAS DE FATO / AGRESSAO,CONSUMADO,1
313420,ITUIUTABA,2021-12-24,12,2021,AMEACA,CONSUMADO,1
313420,ITUIUTABA,2021-12-24,12,2021,VIAS DE FATO / AGRESSAO,CONSUMADO,1
313420,ITUIUTABA,2021-12-25,12,2021,AMEACA,CONSUMADO,1
313420,ITUIUTABA,2021-12-25,12,2021,LESAO CORPORAL,CONSUMADO,1
313420,ITUIUTABA,2021-12-26,12,2021,LESAO CORPORAL,CONSUMADO,1
313420,ITUIUTABA,2021-12-26,12,2021,VIAS DE FATO / AGRESSAO,CONSUMADO,1
313420,ITUIUTABA,2021-12-27,12,2021,AMEACA,CONSUMADO,1
313420,ITUIUTABA,2021-12-27,12,2021,LESAO CORPORAL,CONSUMADO,2
313420,ITUIUTABA,2021-12-28,12,2021,VIAS DE FATO / AGRESSAO,CONSUMADO,1
313420,ITUIUTABA,2021-12-29,12,2021,AMEACA,CONSUMADO,1
313420,ITUIUTABA,2021-12-30,12,2021,AMEACA,CONSUMADO,1
313420,ITUIUTABA,2021-12-31,12,2021,LESAO CORPORAL,CONSUMADO,1
313420,ITUIUTABA,2021-12-31,12,2021,VIAS DE FATO / AGRESSAO,CONSUMADO,1
313420,ITUIUTABA,2022-01-02,1,2022,LESAO CORPORAL,CONSUMADO,1
313420,ITUIUTABA,2022-01-02,1,2022,OUTRAS INFRACOES CONTRA DIGNIDADE SEXUAL E A FAMIL,CONSUMADO,1
313420,ITUIUTABA,2022-01-02,1,2022,VIAS DE FATO / AGRESSAO,CONSUMADO,1
313420,ITUIUTABA,2022-01-04,1,2022,LESAO CORPORAL,CONSUMADO,1
313420,ITUIUTABA,2022-01-06,1,2022,AMEACA,CONSUMADO,1
313420,ITUIUTABA,2022-01-06,1,2022,LESAO CORPORAL,CONSUMADO,1
313420,ITUIUTABA,2022-01-10,1,2022,VIAS DE FATO / AGRESSAO,CONSUMADO,1
313420,ITUIUTABA,2022-01-11,1,2022,DANO,CONSUMADO,2
313420,ITUIUTABA,2022-01-11,1,2022,LESAO CORPORAL,CONSUMADO,1
313420,ITUIUTABA,2022-01-12,1,2022,AMEACA,CONSUMADO,1
313420,ITUIUTABA,2022-01-15,1,2022,AMEACA,CONSUMADO,1
313420,ITUIUTABA,2022-01-17,1,2022,AMEACA,CONSUMADO,1
313420,ITUIUTABA,2022-01-17,1,2022,VIAS DE FATO / AGRESSAO,CONSUMADO,2
313420,ITUIUTABA,2022-01-18,1,2022,AMEACA,CONSUMADO,1
313420,ITUIUTABA,2022-01-19,1,2022,AMEACA,CONSUMADO,2
313420,ITUIUTABA,2022-01-19,1,2022,VIAS DE FATO / AGRESSAO,CONSUMADO,2
313420,ITUIUTABA,2022-01-20,1,2022,AMEACA,CONSUMADO,2
313420,ITUIUTABA,2022-01-20,1,2022,LESAO CORPORAL,CONSUMADO,1
313420,ITUIUTABA,2022-01-21,1,2022,AMEACA,CONSUMADO,1
313420,ITUIUTABA,2022-01-22,1,2022,LESAO CORPORAL,CONSUMADO,1
313420,ITUIUTABA,2022-01-23,1,2022,FURTO,CONSUMADO,1
313420,ITUIUTABA,2022-01-23,1,2022,LESAO CORPORAL,CONSUMADO,1
313420,ITUIUTABA,2022-01-25,1,2022,LESAO CORPORAL,CONSUMADO,1
313420,ITUIUTABA,2022-01-26,1,2022,VIAS DE FATO / AGRESSAO,CONSUMADO,1
313420,ITUIUTABA,2022-01-30,1,2022,LESAO CORPORAL,CONSUMADO,1
313420,ITUIUTABA,2022-02-01,2,2022,AMEACA,CONSUMADO,2
313420,ITUIUTABA,2022-02-02,2,2022,OUTRAS ACOES DEFESA SOCIAL,CONSUMADO,1
313420,ITUIUTABA,2022-02-04,2,2022,OUTRAS ACOES DEFESA SOCIAL,CONSUMADO,1
313420,ITUIUTABA,2022-02-06,2,2022,LESAO CORPORAL,CONSUMADO,3
313420,ITUIUTABA,2022-02-06,2,2022,VIAS DE FATO / AGRESSAO,CONSUMADO,1
313420,ITUIUTABA,2022-02-07,2,2022,AMEACA,CONSUMADO,1
313420,ITUIUTABA,2022-02-07,2,2022,VIAS DE FATO / AGRESSAO,CONSUMADO,2
313420,ITUIUTABA,2022-02-08,2,2022,AMEACA,CONSUMADO,1
313420,ITUIUTABA,2022-02-08,2,2022,VIAS DE FATO / AGRESSAO,CONSUMADO,1
313420,ITUIUTABA,2022-02-09,2,2022,TRAFICO ILICITO DE DROGAS,CONSUMADO,1
313420,ITUIUTABA,2022-02-10,2,2022,LESAO CORPORAL,CONSUMADO,1
313420,ITUIUTABA,2022-02-12,2,2022,AMEACA,CONSUMADO,1
313420,ITUIUTABA,2022-02-12,2,2022,ATEND. DENUNCIA INFRACOES CONTRA MULHER(VIOLENCIA,CONSUMADO,1
313420,ITUIUTABA,2022-02-13,2,2022,AMEACA,CONSUMADO,1
313420,ITUIUTABA,2022-02-14,2,2022,VIAS DE FATO / AGRESSAO,CONSUMADO,1
313420,ITUIUTABA,2022-02-16,2,2022,FURTO,CONSUMADO,1
313420,ITUIUTABA,2022-02-16,2,2022,LESAO CORPORAL,CONSUMADO,1
313420,ITUIUTABA,2022-02-17,2,2022,AMEACA,CONSUMADO,1
313420,ITUIUTABA,2022-02-17,2,2022,VIAS DE FATO / AGRESSAO,CONSUMADO,1
313420,ITUIUTABA,2022-02-18,2,2022,AMEACA,CONSUMADO,1
313420,ITUIUTABA,2022-02-19,2,2022,AMEACA,CONSUMADO,1
313420,ITUIUTABA,2022-02-20,2,2022,AMEACA,CONSUMADO,2
313420,ITUIUTABA,2022-02-22,2,2022,AMEACA,CONSUMADO,1
313420,ITUIUTABA,2022-02-22,2,2022,ATEND. DENUNCIA INFRACOES CONTRA MULHER(VIOLENCIA,CONSUMADO,1
313420,ITUIUTABA,2022-02-22,2,2022,VIAS DE FATO / AGRESSAO,CONSUMADO,1
313420,ITUIUTABA,2022-02-23,2,2022,VIAS DE FATO / AGRESSAO,CONSUMADO,2
313420,ITUIUTABA,2022-02-24,2,2022,LESAO CORPORAL,CONSUMADO,1
313420,ITUIUTABA,2022-02-25,2,2022,ATEND. DENUNCIA INFRACOES CONTRA MULHER(VIOLENCIA,CONSUMADO,1
313420,ITUIUTABA,2022-02-25,2,2022,VIAS DE FATO / AGRESSAO,CONSUMADO,1
313420,ITUIUTABA,2022-02-26,2,2022,LESAO CORPORAL,CONSUMADO,2
313420,ITUIUTABA,2022-03-01,3,2022,VIAS DE FATO / AGRESSAO,CONSUMADO,1
313420,ITUIUTABA,2022-03-02,3,2022,AMEACA,CONSUMADO,2
313420,ITUIUTABA,2022-03-02,3,2022,DIFAMACAO,CONSUMADO,1
313420,ITUIUTABA,2022-03-04,3,2022,AMEACA,CONSUMADO,1
313420,ITUIUTABA,2022-03-04,3,2022,DANO,CONSUMADO,1
313420,ITUIUTABA,2022-03-04,3,2022,ESTUPRO DE VULNERAVEL,CONSUMADO,1
313420,ITUIUTABA,2022-03-05,3,2022,LESAO CORPORAL,CONSUMADO,1
313420,ITUIUTABA,2022-03-06,3,2022,DANO,CONSUMADO,1
313420,ITUIUTABA,2022-03-06,3,2022,VIAS DE FATO / AGRESSAO,CONSUMADO,1
313420,ITUIUTABA,2022-03-07,3,2022,AMEACA,CONSUMADO,2
313420,ITUIUTABA,2022-03-07,3,2022,VIAS DE FATO / AGRESSAO,CONSUMADO,1
313420,ITUIUTABA,2022-03-08,3,2022,AMEACA,CONSUMADO,1
313420,ITUIUTABA,2022-03-08,3,2022,LESAO CORPORAL,CONSUMADO,1
313420,ITUIUTABA,2022-03-09,3,2022,AMEACA,CONSUMADO,2
313420,ITUIUTABA,2022-03-09,3,2022,LESAO CORPORAL,CONSUMADO,1
313420,ITUIUTABA,2022-03-10,3,2022,OUTRAS INFRACOES CONTRA DIGNIDADE SEXUAL E A FAMIL,CONSUMADO,1
313420,ITUIUTABA,2022-03-10,3,2022,VIAS DE FATO / AGRESSAO,CONSUMADO,1
313420,ITUIUTABA,2022-03-11,3,2022,AMEACA,CONSUMADO,1
313420,ITUIUTABA,2022-03-12,3,2022,ATEND. DENUNCIA INFRACOES CONTRA MULHER(VIOLENCIA,CONSUMADO,1
313420,ITUIUTABA,2022-03-12,3,2022,LESAO CORPORAL,CONSUMADO,1
313420,ITUIUTABA,2022-03-13,3,2022,AMEACA,CONSUMADO,1
313420,ITUIUTABA,2022-03-13,3,2022,VIAS DE FATO / AGRESSAO,CONSUMADO,1
313420,ITUIUTABA,2022-03-14,3,2022,LESAO CORPORAL,CONSUMADO,1
313420,ITUIUTABA,2022-03-15,3,2022,AMEACA,CONSUMADO,1
313420,ITUIUTABA,2022-03-15,3,2022,OUTRAS ACOES DEFESA SOCIAL,CONSUMADO,2
313420,ITUIUTABA,2022-03-16,3,2022,VIAS DE FATO / AGRESSAO,CONSUMADO,1
313420,ITUIUTABA,2022-03-17,3,2022,AMEACA,CONSUMADO,1
313420,ITUIUTABA,2022-03-18,3,2022,AMEACA,CONSUMADO,2
313420,ITUIUTABA,2022-03-18,3,2022,VIAS DE FATO / AGRESSAO,CONSUMADO,1
313420,ITUIUTABA,2022-03-19,3,2022,AMEACA,CONSUMADO,2
313420,ITUIUTABA,2022-03-19,3,2022,VIAS DE FATO / AGRESSAO,CONSUMADO,1
313420,ITUIUTABA,2022-03-20,3,2022,DANO,CONSUMADO,1
313420,ITUIUTABA,2022-03-20,3,2022,LESAO CORPORAL,CONSUMADO,3
313420,ITUIUTABA,2022-03-20,3,2022,OUTRAS ACOES DEFESA SOCIAL,CONSUMADO,1
313420,ITUIUTABA,2022-03-21,3,2022,DANO,CONSUMADO,1
313420,ITUIUTABA,2022-03-21,3,2022,LESAO CORPORAL,CONSUMADO,1
313420,ITUIUTABA,2022-03-21,3,2022,VIAS DE FATO / AGRESSAO,CONSUMADO,1
313420,ITUIUTABA,2022-03-22,3,2022,AMEACA,CONSUMADO,3
313420,ITUIUTABA,2022-03-22,3,2022,CALUNIA,CONSUMADO,1
313420,ITUIUTABA,2022-03-22,3,2022,LESAO CORPORAL,CONSUMADO,3
313420,ITUIUTABA,2022-03-22,3,2022,VIAS DE FATO / AGRESSAO,CONSUMADO,2
313420,ITUIUTABA,2022-03-23,3,2022,ESTELIONATO,CONSUMADO,1
313420,ITUIUTABA,2022-03-23,3,2022,VIAS DE FATO / AGRESSAO,CONSUMADO,1
313420,ITUIUTABA,2022-03-24,3,2022,AMEACA,CONSUMADO,1
313420,ITUIUTABA,2022-03-25,3,2022,ATEND. DENUNCIA INFRACOES CONTRA MULHER(VIOLENCIA,CONSUMADO,1
313420,ITUIUTABA,2022-03-25,3,2022,LESAO CORPORAL,CONSUMADO,1
313420,ITUIUTABA,2022-03-26,3,2022,AMEACA,CONSUMADO,1
313420,ITUIUTABA,2022-03-27,3,2022,LESAO CORPORAL,CONSUMADO,1
313420,ITUIUTABA,2022-03-28,3,2022,LESAO CORPORAL,CONSUMADO,1
313420,ITUIUTABA,2022-03-29,3,2022,AMEACA,CONSUMADO,1
313420,ITUIUTABA,2022-03-29,3,2022,VIAS DE FATO / AGRESSAO,CONSUMADO,2
313420,ITUIUTABA,2022-03-30,3,2022,AMEACA,CONSUMADO,1
313420,ITUIUTABA,2022-03-30,3,2022,ESTUPRO DE VULNERAVEL,CONSUMADO,1
313420,ITUIUTABA,2022-03-31,3,2022,AMEACA,CONSUMADO,1
313420,ITUIUTABA,2022-04-01,4,2022,AMEACA,CONSUMADO,1
313420,ITUIUTABA,2022-04-01,4,2022,VIAS DE FATO / AGRESSAO,CONSUMADO,1
313420,ITUIUTABA,2022-04-02,4,2022,LESAO CORPORAL,CONSUMADO,1
313420,ITUIUTABA,2022-04-03,4,2022,LESAO CORPORAL,CONSUMADO,1
313420,ITUIUTABA,2022-04-03,4,2022,VIAS DE FATO / AGRESSAO,CONSUMADO,1
313420,ITUIUTABA,2022-04-04,4,2022,AMEACA,CONSUMADO,1
313420,ITUIUTABA,2022-04-04,4,2022,LESAO CORPORAL,CONSUMADO,1
313420,ITUIUTABA,2022-04-08,4,2022,AMEACA,CONSUMADO,1
313420,ITUIUTABA,2022-04-08,4,2022,ATEND. DENUNCIA INFRACOES CONTRA MULHER(VIOLENCIA,CONSUMADO,1
313420,ITUIUTABA,2022-04-09,4,2022,VIAS DE FATO / AGRESSAO,CONSUMADO,2
313420,ITUIUTABA,2022-04-10,4,2022,AMEACA,CONSUMADO,1
313420,ITUIUTABA,2022-04-12,4,2022,AMEACA,CONSUMADO,1
313420,ITUIUTABA,2022-04-12,4,2022,VIAS DE FATO / AGRESSAO,CONSUMADO,1
313420,ITUIUTABA,2022-04-13,4,2022,AMEACA,CONSUMADO,1
313420,ITUIUTABA,2022-04-13,4,2022,FURTO,CONSUMADO,1
313420,ITUIUTABA,2022-04-14,4,2022,AMEACA,CONSUMADO,1
313420,ITUIUTABA,2022-04-15,4,2022,LESAO CORPORAL,CONSUMADO,2
313420,ITUIUTABA,2022-04-15,4,2022,VIAS DE FATO / AGRESSAO,CONSUMADO,1
313420,ITUIUTABA,2022-04-17,4,2022,AMEACA,CONSUMADO,1
313420,ITUIUTABA,2022-04-18,4,2022,OUTRAS ACOES DEFESA SOCIAL,CONSUMADO,1
313420,ITUIUTABA,2022-04-18,4,2022,VIAS DE FATO / AGRESSAO,CONSUMADO,1
313420,ITUIUTABA,2022-04-19,4,2022,AMEACA,CONSUMADO,1
313420,ITUIUTABA,2022-04-19,4,2022,LESAO CORPORAL,CONSUMADO,1
313420,ITUIUTABA,2022-04-20,4,2022,FURTO,CONSUMADO,1
313420,ITUIUTABA,2022-04-20,4,2022,OUTROS INFRACOES C/ A PESSOA,CONSUMADO,1
313420,ITUIUTABA,2022-04-21,4,2022,LESAO CORPORAL,CONSUMADO,1
313420,ITUIUTABA,2022-04-22,4,2022,VIAS DE FATO / AGRESSAO,CONSUMADO,1
313420,ITUIUTABA,2022-04-23,4,2022,ESTUPRO DE VULNERAVEL,CONSUMADO,1
313420,ITUIUTABA,2022-04-24,4,2022,AMEACA,CONSUMADO,2
313420,ITUIUTABA,2022-04-24,4,2022,ATEND. DENUNCIA INFRACOES CONTRA MULHER(VIOLENCIA,CONSUMADO,1
313420,ITUIUTABA,2022-04-24,4,2022,DANO,CONSUMADO,1
313420,ITUIUTABA,2022-04-24,4,2022,LESAO CORPORAL,CONSUMADO,1
313420,ITUIUTABA,2022-04-24,4,2022,OUTROS INFRACOES C/ A PESSOA,CONSUMADO,1
313420,ITUIUTABA,2022-04-25,4,2022,AMEACA,CONSUMADO,2
313420,ITUIUTABA,2022-04-25,4,2022,LESAO CORPORAL,CONSUMADO,1
313420,ITUIUTABA,2022-04-25,4,2022,VIAS DE FATO / AGRESSAO,CONSUMADO,1
313420,ITUIUTABA,2022-04-26,4,2022,AMEACA,CONSUMADO,1
313420,ITUIUTABA,2022-04-26,4,2022,LESAO CORPORAL,CONSUMADO,1
313420,ITUIUTABA,2022-04-26,4,2022,OUTRAS ACOES DEFESA SOCIAL,CONSUMADO,1
313420,ITUIUTABA,2022-04-26,4,2022,VIAS DE FATO / AGRESSAO,CONSUMADO,1
313420,ITUIUTABA,2022-04-27,4,2022,AMEACA,CONSUMADO,1
313420,ITUIUTABA,2022-04-28,4,2022,AMEACA,CONSUMADO,1
313420,ITUIUTABA,2022-04-29,4,2022,AMEACA,CONSUMADO,1
313420,ITUIUTABA,2022-04-29,4,2022,INJURIA,CONSUMADO,1
313420,ITUIUTABA,2022-04-30,4,2022,AMEACA,CONSUMADO,1
313420,ITUIUTABA,2022-04-30,4,2022,DESCUMPRIMENTO DE MEDIDA PROTETIVA DE URGENCIA,CONSUMADO,1
313420,ITUIUTABA,2022-04-30,4,2022,FURTO,CONSUMADO,1
313420,ITUIUTABA,2022-04-30,4,2022,VIAS DE FATO / AGRESSAO,CONSUMADO,1
313420,ITUIUTABA,2022-05-01,5,2022,LESAO CORPORAL,CONSUMADO,1
313420,ITUIUTABA,2022-05-03,5,2022,VIAS DE FATO / AGRESSAO,CONSUMADO,1
313420,ITUIUTABA,2022-05-05,5,2022,DANO,CONSUMADO,1
313420,ITUIUTABA,2022-05-06,5,2022,AMEACA,CONSUMADO,2
313420,ITUIUTABA,2022-05-07,5,2022,VIAS DE FATO / AGRESSAO,CONSUMADO,1
313420,ITUIUTABA,2022-05-09,5,2022,AMEACA,CONSUMADO,2
313420,ITUIUTABA,2022-05-09,5,2022,VIAS DE FATO / AGRESSAO,CONSUMADO,1
313420,ITUIUTABA,2022-05-10,5,2022,AMEACA,CONSUMADO,1
313420,ITUIUTABA,2022-05-11,5,2022,AMEACA,CONSUMADO,1
313420,ITUIUTABA,2022-05-11,5,2022,OUTRAS INFRACOES CONTRA DIGNIDADE SEXUAL E A FAMIL,CONSUMADO,1
313420,ITUIUTABA,2022-05-12,5,2022,AMEACA,CONSUMADO,2
313420,ITUIUTABA,2022-05-13,5,2022,AMEACA,CONSUMADO,2
313420,ITUIUTABA,2022-05-15,5,2022,ATEND. DENUNCIA INFRACOES CONTRA MULHER(VIOLENCIA,CONSUMADO,1
313420,ITUIUTABA,2022-05-16,5,2022,AMEACA,CONSUMADO,1
313420,ITUIUTABA,2022-05-19,5,2022,AMEACA,CONSUMADO,1
313420,ITUIUTABA,2022-05-22,5,2022,AMEACA,CONSUMADO,1
313420,ITUIUTABA,2022-05-22,5,2022,VIAS DE FATO / AGRESSAO,CONSUMADO,1
313420,ITUIUTABA,2022-05-24,5,2022,AMEACA,CONSUMADO,1
313420,ITUIUTABA,2022-05-25,5,2022,AMEACA,CONSUMADO,1
313420,ITUIUTABA,2022-05-26,5,2022,DESCUMPRIMENTO DE MEDIDA PROTETIVA DE URGENCIA,CONSUMADO,1
313420,ITUIUTABA,2022-05-26,5,2022,DIFAMACAO,CONSUMADO,1
313420,ITUIUTABA,2022-05-27,5,2022,AMEACA,CONSUMADO,1
313420,ITUIUTABA,2022-05-28,5,2022,AMEACA,CONSUMADO,1
313420,ITUIUTABA,2022-05-29,5,2022,VIAS DE FATO / AGRESSAO,CONSUMADO,1
313420,ITUIUTABA,2022-05-30,5,2022,AMEACA,CONSUMADO,1
313420,ITUIUTABA,2022-05-30,5,2022,PERTURBACAO DO TRABALHO OU DO SOSSEGO ALHEIOS,CONSUMADO,1
313420,ITUIUTABA,2022-06-01,6,2022,OUTRAS ACOES DEFESA SOCIAL,CONSUMADO,1
313420,ITUIUTABA,2022-06-01,6,2022,VIAS DE FATO / AGRESSAO,CONSUMADO,1
313420,ITUIUTABA,2022-06-01,6,2022,VIOLENCIA PSICOLOGICA,CONSUMADO,1
313420,ITUIUTABA,2022-06-03,6,2022,IMPORTUNACAO SEXUAL,CONSUMADO,1
313420,ITUIUTABA,2022-06-03,6,2022,MAUS TRATOS,CONSUMADO,1
313420,ITUIUTABA,2022-06-07,6,2022,VIAS DE FATO / AGRESSAO,CONSUMADO,1
313420,ITUIUTABA,2022-06-08,6,2022,AMEACA,CONSUMADO,3
313420,ITUIUTABA,2022-06-08,6,2022,OUTRAS ACOES DEFESA SOCIAL,CONSUMADO,1
313420,ITUIUTABA,2022-06-08,6,2022,VIAS DE FATO / AGRESSAO,CONSUMADO,1
313420,ITUIUTABA,2022-06-09,6,2022,AMEACA,CONSUMADO,1
313420,ITUIUTABA,2022-06-09,6,2022,OUTROS INFRACOES C/ A PESSOA,CONSUMADO,1
313420,ITUIUTABA,2022-06-10,6,2022,AMEACA,CONSUMADO,2
313420,ITUIUTABA,2022-06-10,6,2022,ATEND. DENUNCIA INFRACOES CONTRA MULHER(VIOLENCIA,CONSUMADO,1
313420,ITUIUTABA,2022-06-11,6,2022,VIAS DE FATO / AGRESSAO,CONSUMADO,1
313420,ITUIUTABA,2022-06-13,6,2022,LESAO CORPORAL,CONSUMADO,1
313420,ITUIUTABA,2022-06-17,6,2022,VIAS DE FATO / AGRESSAO,CONSUMADO,1
313420,ITUIUTABA,2022-06-19,6,2022,DANO,CONSUMADO,1
313420,ITUIUTABA,2022-06-19,6,2022,LESAO CORPORAL,CONSUMADO,1
313420,ITUIUTABA,2022-06-20,6,2022,OUTRAS INFRACOES CONTRA DIGNIDADE SEXUAL E A FAMIL,CONSUMADO,1
313420,ITUIUTABA,2022-06-21,6,2022,LESAO CORPORAL,CONSUMADO,1
313420,ITUIUTABA,2022-06-24,6,2022,CONSTRANGIMENTO ILEGAL,CONSUMADO,1
313420,ITUIUTABA,2022-06-26,6,2022,VIAS DE FATO / AGRESSAO,CONSUMADO,3
313420,ITUIUTABA,2022-06-27,6,2022,CALUNIA,CONSUMADO,1
313420,ITUIUTABA,2022-06-27,6,2022,OUTRAS ACOES DEFESA SOCIAL,CONSUMADO,1
313420,ITUIUTABA,2022-06-27,6,2022,VIAS DE FATO / AGRESSAO,CONSUMADO,2
313420,ITUIUTABA,2022-06-28,6,2022,AMEACA,CONSUMADO,1
313420,ITUIUTABA,2022-06-28,6,2022,OUTROS INFRACOES C/ A PESSOA,CONSUMADO,1
313420,ITUIUTABA,2022-06-28,6,2022,VIAS DE FATO / AGRESSAO,CONSUMADO,2
313420,ITUIUTABA,2022-06-29,6,2022,AMEACA,CONSUMADO,1
313420,ITUIUTABA,2022-07-02,7,2022,VIAS DE FATO / AGRESSAO,CONSUMADO,1
313420,ITUIUTABA,2022-07-03,7,2022,AMEACA,CONSUMADO,1
313420,ITUIUTABA,2022-07-03,7,2022,DESCUMPRIMENTO DE MEDIDA PROTETIVA DE URGENCIA,CONSUMADO,1
313420,ITUIUTABA,2022-07-05,7,2022,ATEND. DENUNCIA INFRACOES CONTRA MULHER(VIOLENCIA,CONSUMADO,1
313420,ITUIUTABA,2022-07-07,7,2022,AMEACA,CONSUMADO,2
313420,ITUIUTABA,2022-07-08,7,2022,AMEACA,CONSUMADO,1
313420,ITUIUTABA,2022-07-09,7,2022,AMEACA,CONSUMADO,2
313420,ITUIUTABA,2022-07-09,7,2022,VIAS DE FATO / AGRESSAO,CONSUMADO,1
313420,ITUIUTABA,2022-07-10,7,2022,AMEACA,CONSUMADO,1
313420,ITUIUTABA,2022-07-11,7,2022,AMEACA,CONSUMADO,1
313420,ITUIUTABA,2022-07-12,7,2022,AMEACA,CONSUMADO,1
313420,ITUIUTABA,2022-07-14,7,2022,LESAO CORPORAL,CONSUMADO,1
313420,ITUIUTABA,2022-07-15,7,2022,AMEACA,CONSUMADO,2
313420,ITUIUTABA,2022-07-17,7,2022,AMEACA,CONSUMADO,1
313420,ITUIUTABA,2022-07-18,7,2022,VIAS DE FATO / AGRESSAO,CONSUMADO,1
313420,ITUIUTABA,2022-07-19,7,2022,AMEACA,CONSUMADO,1
313420,ITUIUTABA,2022-07-21,7,2022,AMEACA,CONSUMADO,1
313420,ITUIUTABA,2022-07-21,7,2022,PERSEGUICAO,CONSUMADO,1
313420,ITUIUTABA,2022-07-22,7,2022,VIAS DE FATO / AGRESSAO,CONSUMADO,1
313420,ITUIUTABA,2022-07-23,7,2022,DESCUMPRIMENTO DE MEDIDA PROTETIVA DE URGENCIA,CONSUMADO,1
313420,ITUIUTABA,2022-07-25,7,2022,AMEACA,CONSUMADO,1
313420,ITUIUTABA,2022-07-25,7,2022,ATRITO VERBAL,CONSUMADO,1
313420,ITUIUTABA,2022-07-26,7,2022,AMEACA,CONSUMADO,1
313420,ITUIUTABA,2022-07-26,7,2022,FURTO,CONSUMADO,1
313420,ITUIUTABA,2022-07-27,7,2022,AMEACA,CONSUMADO,2
313420,ITUIUTABA,2022-07-27,7,2022,ATEND. DENUNCIA INFRACOES CONTRA MULHER(VIOLENCIA,CONSUMADO,1
313420,ITUIUTABA,2022-07-27,7,2022,DESCUMPRIMENTO DE MEDIDA PROTETIVA DE URGENCIA,CONSUMADO,1
313420,ITUIUTABA,2022-07-29,7,2022,AMEACA,CONSUMADO,2
313420,ITUIUTABA,2022-07-29,7,2022,ESTELIONATO,CONSUMADO,1
313420,ITUIUTABA,2022-07-30,7,2022,AMEACA,CONSUMADO,1
313420,ITUIUTABA,2022-07-31,7,2022,AMEACA,CONSUMADO,1
313420,ITUIUTABA,2022-08-01,8,2022,ATEND. DENUNCIA INFRACOES CONTRA MULHER(VIOLENCIA,CONSUMADO,1
313420,ITUIUTABA,2022-08-01,8,2022,VIAS DE FATO / AGRESSAO,CONSUMADO,2
313420,ITUIUTABA,2022-08-04,8,2022,ATEND. DENUNCIA INFRACOES CONTRA MULHER(VIOLENCIA,CONSUMADO,1
313420,ITUIUTABA,2022-08-05,8,2022,VIAS DE FATO / AGRESSAO,CONSUMADO,1
313420,ITUIUTABA,2022-08-06,8,2022,DANO,CONSUMADO,1
313420,ITUIUTABA,2022-08-06,8,2022,DESCUMPRIMENTO DE MEDIDA PROTETIVA DE URGENCIA,CONSUMADO,1
313420,ITUIUTABA,2022-08-06,8,2022,ESTUPRO DE VULNERAVEL,CONSUMADO,1
313420,ITUIUTABA,2022-08-06,8,2022,LESAO CORPORAL,CONSUMADO,2
313420,ITUIUTABA,2022-08-07,8,2022,DANO,CONSUMADO,1
313420,ITUIUTABA,2022-08-08,8,2022,ROUBO,CONSUMADO,1
313420,ITUIUTABA,2022-08-09,8,2022,AMEACA,CONSUMADO,1
313420,ITUIUTABA,2022-08-11,8,2022,AMEACA,CONSUMADO,2
313420,ITUIUTABA,2022-08-11,8,2022,LESAO CORPORAL,CONSUMADO,1
313420,ITUIUTABA,2022-08-12,8,2022,VIAS DE FATO / AGRESSAO,CONSUMADO,1
313420,ITUIUTABA,2022-08-13,8,2022,AMEACA,CONSUMADO,2
313420,ITUIUTABA,2022-08-13,8,2022,LESAO CORPORAL,CONSUMADO,2
313420,ITUIUTABA,2022-08-14,8,2022,AMEACA,CONSUMADO,1
313420,ITUIUTABA,2022-08-14,8,2022,LESAO CORPORAL,CONSUMADO,1
313420,ITUIUTABA,2022-08-15,8,2022,OUTRAS ACOES DEFESA SOCIAL,CONSUMADO,1
313420,ITUIUTABA,2022-08-17,8,2022,LESAO CORPORAL,CONSUMADO,1
313420,ITUIUTABA,2022-08-17,8,2022,OUTRAS INFRACOES CONTRA DIGNIDADE SEXUAL E A FAMIL,CONSUMADO,1
313420,ITUIUTABA,2022-08-18,8,2022,AMEACA,CONSUMADO,1
313420,ITUIUTABA,2022-08-18,8,2022,OUTRAS ACOES DEFESA SOCIAL,CONSUMADO,1
313420,ITUIUTABA,2022-08-19,8,2022,AMEACA,CONSUMADO,2
313420,ITUIUTABA,2022-08-19,8,2022,VIAS DE FATO / AGRESSAO,CONSUMADO,1
313420,ITUIUTABA,2022-08-21,8,2022,LESAO CORPORAL,CONSUMADO,1
313420,ITUIUTABA,2022-08-21,8,2022,VIAS DE FATO / AGRESSAO,CONSUMADO,1
313420,ITUIUTABA,2022-08-22,8,2022,OUTRAS INFRACOES CONTRA DIGNIDADE SEXUAL E A FAMIL,CONSUMADO,1
313420,ITUIUTABA,2022-08-25,8,2022,DESCUMPRIMENTO DE MEDIDA PROTETIVA DE URGENCIA,CONSUMADO,1
313420,ITUIUTABA,2022-08-26,8,2022,APROPRIACAO INDEBITA DE COISA ALHEIA MOVEL,CONSUMADO,1
313420,ITUIUTABA,2022-08-26,8,2022,LESAO CORPORAL,CONSUMADO,1
313420,ITUIUTABA,2022-08-27,8,2022,VIAS DE FATO / AGRESSAO,CONSUMADO,1
313420,ITUIUTABA,2022-08-28,8,2022,AMEACA,CONSUMADO,1
313420,ITUIUTABA,2022-08-28,8,2022,ATEND. DENUNCIA INFRACOES CONTRA MULHER(VIOLENCIA,CONSUMADO,1
313420,ITUIUTABA,2022-08-28,8,2022,DESCUMPRIMENTO DE MEDIDA PROTETIVA DE URGENCIA,CONSUMADO,1
313420,ITUIUTABA,2022-08-31,8,2022,OUTRAS ACOES DEFESA SOCIAL,CONSUMADO,1
313420,ITUIUTABA,2022-09-01,9,2022,APROPRIACAO INDEBITA DE COISA ALHEIA MOVEL,CONSUMADO,1
313420,ITUIUTABA,2022-09-02,9,2022,AMEACA,CONSUMADO,1
313420,ITUIUTABA,2022-09-02,9,2022,LESAO CORPORAL,CONSUMADO,1
313420,ITUIUTABA,2022-09-02,9,2022,VIAS DE FATO / AGRESSAO,CONSUMADO,1
313420,ITUIUTABA,2022-09-03,9,2022,AMEACA,CONSUMADO,1
313420,ITUIUTABA,2022-09-03,9,2022,LESAO CORPORAL,CONSUMADO,1
313420,ITUIUTABA,2022-09-05,9,2022,OUTRAS INFRACOES CONTRA DIGNIDADE SEXUAL E A FAMIL,CONSUMADO,1
313420,ITUIUTABA,2022-09-05,9,2022,VIAS DE FATO / AGRESSAO,CONSUMADO,1
313420,ITUIUTABA,2022-09-07,9,2022,AMEACA,CONSUMADO,2
313420,ITUIUTABA,2022-09-08,9,2022,DANO,CONSUMADO,1
313420,ITUIUTABA,2022-09-08,9,2022,INJURIA,CONSUMADO,1
313420,ITUIUTABA,2022-09-08,9,2022,LESAO CORPORAL,CONSUMADO,1
313420,ITUIUTABA,2022-09-08,9,2022,OUTRAS INFRACOES CONTRA DIGNIDADE SEXUAL E A FAMIL,CONSUMADO,1
313420,ITUIUTABA,2022-09-09,9,2022,AMEACA,CONSUMADO,2
313420,ITUIUTABA,2022-09-10,9,2022,LESAO CORPORAL,CONSUMADO,1
313420,ITUIUTABA,2022-09-10,9,2022,VIAS DE FATO / AGRESSAO,CONSUMADO,1
313420,ITUIUTABA,2022-09-11,9,2022,LESAO CORPORAL,CONSUMADO,2
313420,ITUIUTABA,2022-09-11,9,2022,RESISTENCIA,CONSUMADO,1
313420,ITUIUTABA,2022-09-11,9,2022,VIAS DE FATO / AGRESSAO,CONSUMADO,1
313420,ITUIUTABA,2022-09-12,9,2022,AMEACA,CONSUMADO,2
313420,ITUIUTABA,2022-09-12,9,2022,OUTRAS ACOES DEFESA SOCIAL,CONSUMADO,1
313420,ITUIUTABA,2022-09-13,9,2022,LESAO CORPORAL,CONSUMADO,1
313420,ITUIUTABA,2022-09-13,9,2022,VIAS DE FATO / AGRESSAO,CONSUMADO,1
313420,ITUIUTABA,2022-09-14,9,2022,AMEACA,CONSUMADO,1
313420,ITUIUTABA,2022-09-14,9,2022,OUTRAS ACOES DEFESA SOCIAL,CONSUMADO,1
313420,ITUIUTABA,2022-09-15,9,2022,AMEACA,CONSUMADO,2
313420,ITUIUTABA,2022-09-15,9,2022,MAUS TRATOS,CONSUMADO,1
313420,ITUIUTABA,2022-09-16,9,2022,LESAO CORPORAL,CONSUMADO,1
313420,ITUIUTABA,2022-09-17,9,2022,AMEACA,CONSUMADO,3
313420,ITUIUTABA,2022-09-17,9,2022,LESAO CORPORAL,CONSUMADO,2
313420,ITUIUTABA,2022-09-18,9,2022,AMEACA,CONSUMADO,1
313420,ITUIUTABA,2022-09-18,9,2022,DANO,CONSUMADO,1
313420,ITUIUTABA,2022-09-18,9,2022,VIAS DE FATO / AGRESSAO,CONSUMADO,1
313420,ITUIUTABA,2022-09-19,9,2022,AMEACA,CONSUMADO,1
313420,ITUIUTABA,2022-09-19,9,2022,VIAS DE FATO / AGRESSAO,CONSUMADO,1
313420,ITUIUTABA,2022-09-20,9,2022,ATEND. DENUNCIA INFRACOES CONTRA MULHER(VIOLENCIA,CONSUMADO,1
313420,ITUIUTABA,2022-09-20,9,2022,LESAO CORPORAL,CONSUMADO,1
313420,ITUIUTABA,2022-09-21,9,2022,DIFAMACAO,CONSUMADO,1
313420,ITUIUTABA,2022-09-21,9,2022,FURTO,CONSUMADO,2
313420,ITUIUTABA,2022-09-21,9,2022,LESAO CORPORAL,CONSUMADO,2
313420,ITUIUTABA,2022-09-21,9,2022,VIOLACAO DE DOMICILIO,CONSUMADO,1
313420,ITUIUTABA,2022-09-22,9,2022,AMEACA,CONSUMADO,1
313420,ITUIUTABA,2022-09-25,9,2022,AMEACA,CONSUMADO,1
313420,ITUIUTABA,2022-09-25,9,2022,OUTRAS ACOES DEFESA SOCIAL,CONSUMADO,1
313420,ITUIUTABA,2022-09-29,9,2022,OUTRAS INFRACOES CONTRA DIGNIDADE SEXUAL E A FAMIL,CONSUMADO,1
313420,ITUIUTABA,2022-09-30,9,2022,AMEACA,CONSUMADO,1
313420,ITUIUTABA,2022-09-30,9,2022,LESAO CORPORAL,CONSUMADO,1
313420,ITUIUTABA,2022-10-01,10,2022,LESAO CORPORAL,CONSUMADO,1
313420,ITUIUTABA,2022-10-02,10,2022,LESAO CORPORAL,CONSUMADO,2
313420,ITUIUTABA,2022-10-02,10,2022,VIAS DE FATO / AGRESSAO,CONSUMADO,1
313420,ITUIUTABA,2022-10-04,10,2022,AMEACA,CONSUMADO,1
313420,ITUIUTABA,2022-10-04,10,2022,OUTRAS INFRACOES CONTRA DIGNIDADE SEXUAL E A FAMIL,CONSUMADO,1
313420,ITUIUTABA,2022-10-05,10,2022,AMEACA,CONSUMADO,1
313420,ITUIUTABA,2022-10-05,10,2022,DESCUMPRIMENTO DE MEDIDA PROTETIVA DE URGENCIA,CONSUMADO,1
313420,ITUIUTABA,2022-10-06,10,2022,AMEACA,CONSUMADO,1
313420,ITUIUTABA,2022-10-09,10,2022,AMEACA,CONSUMADO,1
313420,ITUIUTABA,2022-10-10,10,2022,AMEACA,CONSUMADO,1
313420,ITUIUTABA,2022-10-10,10,2022,LESAO CORPORAL,CONSUMADO,1
313420,ITUIUTABA,2022-10-10,10,2022,VIAS DE FATO / AGRESSAO,CONSUMADO,2
313420,ITUIUTABA,2022-10-11,10,2022,AMEACA,CONSUMADO,1
313420,ITUIUTABA,2022-10-12,10,2022,LESAO CORPORAL,CONSUMADO,1
313420,ITUIUTABA,2022-10-13,10,2022,AMEACA,CONSUMADO,2
313420,ITUIUTABA,2022-10-14,10,2022,LESAO CORPORAL,CONSUMADO,1
313420,ITUIUTABA,2022-10-14,10,2022,VIAS DE FATO / AGRESSAO,CONSUMADO,1
313420,ITUIUTABA,2022-10-15,10,2022,VIAS DE FATO / AGRESSAO,CONSUMADO,2
313420,ITUIUTABA,2022-10-16,10,2022,VIAS DE FATO / AGRESSAO,CONSUMADO,1
313420,ITUIUTABA,2022-10-17,10,2022,AMEACA,CONSUMADO,2
313420,ITUIUTABA,2022-10-17,10,2022,LESAO CORPORAL,CONSUMADO,1
313420,ITUIUTABA,2022-10-17,10,2022,VIAS DE FATO / AGRESSAO,CONSUMADO,2
313420,ITUIUTABA,2022-10-18,10,2022,VIAS DE FATO / AGRESSAO,CONSUMADO,1
313420,ITUIUTABA,2022-10-19,10,2022,LESAO CORPORAL,CONSUMADO,1
313420,ITUIUTABA,2022-10-19,10,2022,OUTROS INFRACOES C/ A PESSOA,CONSUMADO,1
313420,ITUIUTABA,2022-10-21,10,2022,AMEACA,CONSUMADO,2
313420,ITUIUTABA,2022-10-22,10,2022,AMEACA,CONSUMADO,1
313420,ITUIUTABA,2022-10-22,10,2022,CONDUZIR VEICULO SOB INFLUENCIA DE ALCOOL/SUBST. P,CONSUMADO,1
313420,ITUIUTABA,2022-10-23,10,2022,AMEACA,CONSUMADO,1
313420,ITUIUTABA,2022-10-23,10,2022,VIAS DE FATO / AGRESSAO,CONSUMADO,2
313420,ITUIUTABA,2022-10-24,10,2022,LESAO CORPORAL,CONSUMADO,1
313420,ITUIUTABA,2022-10-25,10,2022,ESTUPRO DE VULNERAVEL,CONSUMADO,1
313420,ITUIUTABA,2022-10-26,10,2022,AMEACA,CONSUMADO,2
313420,ITUIUTABA,2022-10-26,10,2022,LESAO CORPORAL,CONSUMADO,1
313420,ITUIUTABA,2022-10-27,10,2022,ATEND. DENUNCIA INFRACOES CONTRA MULHER(VIOLENCIA,CONSUMADO,1
313420,ITUIUTABA,2022-10-27,10,2022,OUTRAS ACOES DEFESA SOCIAL,CONSUMADO,1
313420,ITUIUTABA,2022-10-29,10,2022,LESAO CORPORAL,CONSUMADO,1
313420,ITUIUTABA,2022-10-30,10,2022,AMEACA,CONSUMADO,1
313420,ITUIUTABA,2022-10-30,10,2022,VIAS DE FATO / AGRESSAO,CONSUMADO,1
313420,ITUIUTABA,2022-10-31,10,2022,AMEACA,CONSUMADO,1
313420,ITUIUTABA,2022-11-01,11,2022,AMEACA,CONSUMADO,1
313420,ITUIUTABA,2022-11-03,11,2022,AMEACA,CONSUMADO,2
313420,ITUIUTABA,2022-11-03,11,2022,LESAO CORPORAL,CONSUMADO,1
313420,ITUIUTABA,2022-11-03,11,2022,VIAS DE FATO / AGRESSAO,CONSUMADO,1
313420,ITUIUTABA,2022-11-04,11,2022,AMEACA,CONSUMADO,1
313420,ITUIUTABA,2022-11-05,11,2022,AMEACA,CONSUMADO,2
313420,ITUIUTABA,2022-11-06,11,2022,VIAS DE FATO / AGRESSAO,CONSUMADO,1
313420,ITUIUTABA,2022-11-07,11,2022,AMEACA,CONSUMADO,1
313420,ITUIUTABA,2022-11-09,11,2022,AMEACA,CONSUMADO,1
313420,ITUIUTABA,2022-11-11,11,2022,AMEACA,CONSUMADO,1
313420,ITUIUTABA,2022-11-13,11,2022,ABANDONO DE INCAPAZ,CONSUMADO,1
313420,ITUIUTABA,2022-11-14,11,2022,AMEACA,CONSUMADO,1
313420,ITUIUTABA,2022-11-14,11,2022,LESAO CORPORAL,CONSUMADO,1
313420,ITUIUTABA,2022-11-14,11,2022,VIAS DE FATO / AGRESSAO,CONSUMADO,1
313420,ITUIUTABA,2022-11-17,11,2022,LESAO CORPORAL,CONSUMADO,1
313420,ITUIUTABA,2022-11-18,11,2022,AMEACA,CONSUMADO,1
313420,ITUIUTABA,2022-11-19,11,2022,AMEACA,CONSUMADO,2
313420,ITUIUTABA,2022-11-20,11,2022,AMEACA,CONSUMADO,1
313420,ITUIUTABA,2022-11-20,11,2022,VIAS DE FATO / AGRESSAO,CONSUMADO,1
313420,ITUIUTABA,2022-11-21,11,2022,AMEACA,CONSUMADO,1
313420,ITUIUTABA,2022-11-21,11,2022,LESAO CORPORAL,CONSUMADO,1
313420,ITUIUTABA,2022-11-24,11,2022,AMEACA,CONSUMADO,1
313420,ITUIUTABA,2022-11-24,11,2022,DESOBEDECE ORDEM JUDICIAL (PERDA/SUS DIREITO),CONSUMADO,1
313420,ITUIUTABA,2022-11-25,11,2022,AMEACA,CONSUMADO,2
313420,ITUIUTABA,2022-11-25,11,2022,LESAO CORPORAL,CONSUMADO,1
313420,ITUIUTABA,2022-11-26,11,2022,AMEACA,CONSUMADO,1
313420,ITUIUTABA,2022-11-26,11,2022,DESOBEDECE ORDEM JUDICIAL (PERDA/SUS DIREITO),CONSUMADO,1
313420,ITUIUTABA,2022-11-26,11,2022,LESAO CORPORAL,CONSUMADO,1
313420,ITUIUTABA,2022-11-26,11,2022,OUTRAS INFRACOES CONTRA DIGNIDADE SEXUAL E A FAMIL,TENTADO,1
313420,ITUIUTABA,2022-11-28,11,2022,AMEACA,CONSUMADO,1
313420,ITUIUTABA,2022-11-29,11,2022,ESTUPRO DE VULNERAVEL,CONSUMADO,1
313420,ITUIUTABA,2022-11-30,11,2022,LESAO CORPORAL,CONSUMADO,1
313420,ITUIUTABA,2022-12-01,12,2022,AMEACA,CONSUMADO,1
313420,ITUIUTABA,2022-12-02,12,2022,AMEACA,CONSUMADO,1
313420,ITUIUTABA,2022-12-02,12,2022,VIAS DE FATO / AGRESSAO,CONSUMADO,1
313420,ITUIUTABA,2022-12-03,12,2022,ATEND. DENUNCIA INFRACOES CONTRA MULHER(VIOLENCIA,CONSUMADO,1
313420,ITUIUTABA,2022-12-03,12,2022,ROUBO,CONSUMADO,1
313420,ITUIUTABA,2022-12-03,12,2022,VIAS DE FATO / AGRESSAO,CONSUMADO,1
313420,ITUIUTABA,2022-12-04,12,2022,AMEACA,CONSUMADO,1
313420,ITUIUTABA,2022-12-05,12,2022,AMEACA,CONSUMADO,1
313420,ITUIUTABA,2022-12-06,12,2022,AMEACA,CONSUMADO,1
313420,ITUIUTABA,2022-12-06,12,2022,VIAS DE FATO / AGRESSAO,CONSUMADO,1
313420,ITUIUTABA,2022-12-07,12,2022,AMEACA,CONSUMADO,1
313420,ITUIUTABA,2022-12-09,12,2022,ATEND. DENUNCIA INFRACOES CONTRA MULHER(VIOLENCIA,CONSUMADO,1
313420,ITUIUTABA,2022-12-10,12,2022,ATEND. DENUNCIA INFRACOES CONTRA MULHER(VIOLENCIA,CONSUMADO,1
313420,ITUIUTABA,2022-12-10,12,2022,LESAO CORPORAL,CONSUMADO,1
313420,ITUIUTABA,2022-12-11,12,2022,VIAS DE FATO / AGRESSAO,CONSUMADO,1
313420,ITUIUTABA,2022-12-12,12,2022,OUTRAS ACOES DEFESA SOCIAL,CONSUMADO,1
313420,ITUIUTABA,2022-12-14,12,2022,AMEACA,CONSUMADO,3
313420,ITUIUTABA,2022-12-15,12,2022,DESCUMPRIMENTO DE MEDIDA PROTETIVA DE URGENCIA,CONSUMADO,1
313420,ITUIUTABA,2022-12-15,12,2022,LESAO CORPORAL,CONSUMADO,1
313420,ITUIUTABA,2022-12-16,12,2022,VIAS DE FATO / AGRESSAO,CONSUMADO,1
313420,ITUIUTABA,2022-12-17,12,2022,ATEND. DENUNCIA INFRACOES CONTRA MULHER(VIOLENCIA,CONSUMADO,1
313420,ITUIUTABA,2022-12-17,12,2022,LESAO CORPORAL,CONSUMADO,1
313420,ITUIUTABA,2022-12-18,12,2022,AMEACA,CONSUMADO,1
313420,ITUIUTABA,2022-12-19,12,2022,OUTRAS ACOES DEFESA SOCIAL,CONSUMADO,1
313420,ITUIUTABA,2022-12-19,12,2022,VIOLENCIA PSICOLOGICA,CONSUMADO,1
313420,ITUIUTABA,2022-12-21,12,2022,AMEACA,CONSUMADO,1
313420,ITUIUTABA,2022-12-21,12,2022,LESAO CORPORAL,CONSUMADO,1
313420,ITUIUTABA,2022-12-22,12,2022,AMEACA,CONSUMADO,2
313420,ITUIUTABA,2022-12-22,12,2022,CALUNIA,CONSUMADO,1
313420,ITUIUTABA,2022-12-23,12,2022,DESCUMPRIMENTO DE MEDIDA PROTETIVA DE URGENCIA,CONSUMADO,1
313420,ITUIUTABA,2022-12-23,12,2022,VIAS DE FATO / AGRESSAO,CONSUMADO,1
313420,ITUIUTABA,2022-12-24,12,2022,LESAO CORPORAL,CONSUMADO,2
313420,ITUIUTABA,2022-12-25,12,2022,ATEND. DENUNCIA INFRACOES CONTRA MULHER(VIOLENCIA,CONSUMADO,1
313420,ITUIUTABA,2022-12-25,12,2022,LESAO CORPORAL,CONSUMADO,1
313420,ITUIUTABA,2022-12-25,12,2022,VIAS DE FATO / AGRESSAO,CONSUMADO,1
313420,ITUIUTABA,2022-12-27,12,2022,AMEACA,CONSUMADO,2
313420,ITUIUTABA,2022-12-28,12,2022,DANO,CONSUMADO,1
313420,ITUIUTABA,2022-12-30,12,2022,OUTROS INFRACOES C/ A PESSOA,CONSUMADO,1
313420,ITUIUTABA,2022-12-31,12,2022,LESAO CORPORAL,CONSUMADO,1
313420,ITUIUTABA,2023-01-01,1,2023,AMEACA,CONSUMADO,1
313420,ITUIUTABA,2023-01-02,1,2023,ATRITO VERBAL,CONSUMADO,1
313420,ITUIUTABA,2023-01-02,1,2023,DESOBEDECE ORDEM JUDICIAL (PERDA/SUS DIREITO),CONSUMADO,1
313420,ITUIUTABA,2023-01-02,1,2023,LESAO CORPORAL,CONSUMADO,1
313420,ITUIUTABA,2023-01-03,1,2023,DESCUMPRIMENTO DE MEDIDA PROTETIVA DE URGENCIA,CONSUMADO,1
313420,ITUIUTABA,2023-01-04,1,2023,ESTUPRO DE VULNERAVEL,CONSUMADO,1
313420,ITUIUTABA,2023-01-06,1,2023,AMEACA,CONSUMADO,1
313420,ITUIUTABA,2023-01-06,1,2023,FURTO,CONSUMADO,1
313420,ITUIUTABA,2023-01-07,1,2023,AMEACA,CONSUMADO,1
313420,ITUIUTABA,2023-01-08,1,2023,DESCUMPRIMENTO DE MEDIDA PROTETIVA DE URGENCIA,CONSUMADO,1
313420,ITUIUTABA,2023-01-08,1,2023,LESAO CORPORAL,CONSUMADO,1
313420,ITUIUTABA,2023-01-09,1,2023,AMEACA,CONSUMADO,1
313420,ITUIUTABA,2023-01-09,1,2023,ESTUPRO DE VULNERAVEL,CONSUMADO,2
313420,ITUIUTABA,2023-01-09,1,2023,LESAO CORPORAL,CONSUMADO,1
313420,ITUIUTABA,2023-01-10,1,2023,AMEACA,CONSUMADO,2
313420,ITUIUTABA,2023-01-12,1,2023,AMEACA,CONSUMADO,2
313420,ITUIUTABA,2023-01-15,1,2023,LESAO CORPORAL,CONSUMADO,3
313420,ITUIUTABA,2023-01-15,1,2023,VIAS DE FATO / AGRESSAO,CONSUMADO,2
313420,ITUIUTABA,2023-01-16,1,2023,AMEACA,CONSUMADO,1
313420,ITUIUTABA,2023-01-17,1,2023,AMEACA,CONSUMADO,1
313420,ITUIUTABA,2023-01-18,1,2023,AMEACA,CONSUMADO,1
313420,ITUIUTABA,2023-01-19,1,2023,ATEND. DENUNCIA INFRACOES CONTRA MULHER(VIOLENCIA,CONSUMADO,1
313420,ITUIUTABA,2023-01-19,1,2023,VIAS DE FATO / AGRESSAO,CONSUMADO,1
313420,ITUIUTABA,2023-01-20,1,2023,AMEACA,CONSUMADO,1
313420,ITUIUTABA,2023-01-21,1,2023,AMEACA,CONSUMADO,3
313420,ITUIUTABA,2023-01-21,1,2023,LESAO CORPORAL,CONSUMADO,1
313420,ITUIUTABA,2023-01-22,1,2023,ATEND. DENUNCIA INFRACOES CONTRA MULHER(VIOLENCIA,CONSUMADO,2
313420,ITUIUTABA,2023-01-22,1,2023,ATRITO VERBAL,CONSUMADO,1
313420,ITUIUTABA,2023-01-22,1,2023,VIAS DE FATO / AGRESSAO,CONSUMADO,1
313420,ITUIUTABA,2023-01-25,1,2023,ESTELIONATO,CONSUMADO,1
313420,ITUIUTABA,2023-01-25,1,2023,LESAO CORPORAL,CONSUMADO,1
313420,ITUIUTABA,2023-01-26,1,2023,LESAO CORPORAL,CONSUMADO,1
313420,ITUIUTABA,2023-01-27,1,2023,OUTRAS INFRACOES CONTRA O PATRIMONIO,CONSUMADO,1
313420,ITUIUTABA,2023-01-28,1,2023,DESCUMPRIMENTO DE MEDIDA PROTETIVA DE URGENCIA,CONSUMADO,1
313420,ITUIUTABA,2023-01-28,1,2023,VIAS DE FATO / AGRESSAO,CONSUMADO,1
313420,ITUIUTABA,2023-01-29,1,2023,AMEACA,CONSUMADO,2
313420,ITUIUTABA,2023-01-29,1,2023,VIAS DE FATO / AGRESSAO,CONSUMADO,2
313420,ITUIUTABA,2023-01-30,1,2023,AMEACA,CONSUMADO,1
313420,ITUIUTABA,2023-01-30,1,2023,LESAO CORPORAL,CONSUMADO,1
313420,ITUIUTABA,2023-01-31,1,2023,AMEACA,CONSUMADO,1
313420,ITUIUTABA,2023-01-31,1,2023,DESCUMPRIMENTO DE MEDIDA PROTETIVA DE URGENCIA,CONSUMADO,1
313420,ITUIUTABA,2023-01-31,1,2023,LESAO CORPORAL,CONSUMADO,1
313420,ITUIUTABA,2023-01-31,1,2023,OUTRAS INFRACOES CONTRA DIGNIDADE SEXUAL E A FAMIL,CONSUMADO,1
313420,ITUIUTABA,2023-02-01,2,2023,AMEACA,CONSUMADO,3
313420,ITUIUTABA,2023-02-02,2,2023,AMEACA,CONSUMADO,5
313420,ITUIUTABA,2023-02-02,2,2023,FURTO,TENTADO,1
313420,ITUIUTABA,2023-02-03,2,2023,AMEACA,CONSUMADO,2
313420,ITUIUTABA,2023-02-04,2,2023,LESAO CORPORAL,CONSUMADO,1
313420,ITUIUTABA,2023-02-05,2,2023,CALUNIA,CONSUMADO,1
313420,ITUIUTABA,2023-02-05,2,2023,LESAO CORPORAL,CONSUMADO,2
313420,ITUIUTABA,2023-02-05,2,2023,VIAS DE FATO / AGRESSAO,CONSUMADO,1
313420,ITUIUTABA,2023-02-06,2,2023,LESAO CORPORAL,CONSUMADO,1
313420,ITUIUTABA,2023-02-07,2,2023,LESAO CORPORAL,CONSUMADO,1
313420,ITUIUTABA,2023-02-07,2,2023,VIOLENCIA PSICOLOGICA,CONSUMADO,1
313420,ITUIUTABA,2023-02-09,2,2023,AMEACA,CONSUMADO,1
313420,ITUIUTABA,2023-02-10,2,2023,AMEACA,CONSUMADO,1
313420,ITUIUTABA,2023-02-11,2,2023,AMEACA,CONSUMADO,1
313420,ITUIUTABA,2023-02-11,2,2023,VIAS DE FATO / AGRESSAO,CONSUMADO,1
313420,ITUIUTABA,2023-02-12,2,2023,LESAO CORPORAL,CONSUMADO,1
313420,ITUIUTABA,2023-02-13,2,2023,AMEACA,CONSUMADO,2
313420,ITUIUTABA,2023-02-14,2,2023,DANO,CONSUMADO,1
313420,ITUIUTABA,2023-02-14,2,2023,DESCUMPRIMENTO DE MEDIDA PROTETIVA DE URGENCIA,CONSUMADO,1
313420,ITUIUTABA,2023-02-15,2,2023,LESAO CORPORAL,CONSUMADO,1
313420,ITUIUTABA,2023-02-16,2,2023,AMEACA,CONSUMADO,1
313420,ITUIUTABA,2023-02-16,2,2023,LESAO CORPORAL,CONSUMADO,1
313420,ITUIUTABA,2023-02-17,2,2023,LESAO CORPORAL,CONSUMADO,1
313420,ITUIUTABA,2023-02-17,2,2023,VIAS DE FATO / AGRESSAO,CONSUMADO,1
313420,ITUIUTABA,2023-02-18,2,2023,AMEACA,CONSUMADO,1
313420,ITUIUTABA,2023-02-18,2,2023,VIAS DE FATO / AGRESSAO,CONSUMADO,1
313420,ITUIUTABA,2023-02-19,2,2023,ATEND. DENUNCIA INFRACOES CONTRA MULHER(VIOLENCIA,CONSUMADO,1
313420,ITUIUTABA,2023-02-19,2,2023,VIAS DE FATO / AGRESSAO,CONSUMADO,1
313420,ITUIUTABA,2023-02-21,2,2023,VIAS DE FATO / AGRESSAO,CONSUMADO,1
313420,ITUIUTABA,2023-02-23,2,2023,AMEACA,CONSUMADO,1
313420,ITUIUTABA,2023-02-24,2,2023,LESAO CORPORAL,CONSUMADO,1
313420,ITUIUTABA,2023-02-24,2,2023,OUTRAS INFRACOES CONTRA DIGNIDADE SEXUAL E A FAMIL,CONSUMADO,1
313420,ITUIUTABA,2023-02-25,2,2023,AMEACA,CONSUMADO,4
313420,ITUIUTABA,2023-02-25,2,2023,VIAS DE FATO / AGRESSAO,CONSUMADO,1
313420,ITUIUTABA,2023-02-26,2,2023,LESAO CORPORAL,CONSUMADO,1
313420,ITUIUTABA,2023-02-26,2,2023,VIAS DE FATO / AGRESSAO,CONSUMADO,1
313420,ITUIUTABA,2023-02-27,2,2023,VIAS DE FATO / AGRESSAO,CONSUMADO,1
313420,ITUIUTABA,2023-03-01,3,2023,DIFAMACAO,CONSUMADO,1
313420,ITUIUTABA,2023-03-03,3,2023,AMEACA,CONSUMADO,1
313420,ITUIUTABA,2023-03-04,3,2023,LESAO CORPORAL,CONSUMADO,1
313420,ITUIUTABA,2023-03-05,3,2023,AMEACA,CONSUMADO,1
313420,ITUIUTABA,2023-03-05,3,2023,INCENDIO,CONSUMADO,1
313420,ITUIUTABA,2023-03-05,3,2023,LESAO CORPORAL,CONSUMADO,1
313420,ITUIUTABA,2023-03-06,3,2023,ATRITO VERBAL,CONSUMADO,1
313420,ITUIUTABA,2023-03-07,3,2023,AMEACA,CONSUMADO,1
313420,ITUIUTABA,2023-03-07,3,2023,LESAO CORPORAL,CONSUMADO,1
313420,ITUIUTABA,2023-03-08,3,2023,LESAO CORPORAL,CONSUMADO,1
313420,ITUIUTABA,2023-03-08,3,2023,OUTRAS ACOES DEFESA SOCIAL,CONSUMADO,1
313420,ITUIUTABA,2023-03-09,3,2023,AMEACA,CONSUMADO,1
313420,ITUIUTABA,2023-03-10,3,2023,OUTROS INFRACOES C/ A PESSOA,CONSUMADO,1
313420,ITUIUTABA,2023-03-10,3,2023,VIAS DE FATO / AGRESSAO,CONSUMADO,1
313420,ITUIUTABA,2023-03-12,3,2023,LESAO CORPORAL,CONSUMADO,1
313420,ITUIUTABA,2023-03-13,3,2023,AMEACA,CONSUMADO,1
313420,ITUIUTABA,2023-03-13,3,2023,OUTROS INFRACOES C/ A PESSOA,CONSUMADO,1
313420,ITUIUTABA,2023-03-13,3,2023,VIAS DE FATO / AGRESSAO,CONSUMADO,1
313420,ITUIUTABA,2023-03-14,3,2023,LESAO CORPORAL,CONSUMADO,1
313420,ITUIUTABA,2023-03-17,3,2023,ESTUPRO,CONSUMADO,1
313420,ITUIUTABA,2023-03-17,3,2023,LESAO CORPORAL,CONSUMADO,1
313420,ITUIUTABA,2023-03-17,3,2023,OUTRAS ACOES DEFESA SOCIAL,CONSUMADO,1
313420,ITUIUTABA,2023-03-18,3,2023,ATEND. DENUNCIA INFRACOES CONTRA MULHER(VIOLENCIA,CONSUMADO,1
313420,ITUIUTABA,2023-03-19,3,2023,AMEACA,CONSUMADO,1
313420,ITUIUTABA,2023-03-20,3,2023,AMEACA,CONSUMADO,1
313420,ITUIUTABA,2023-03-21,3,2023,AMEACA,CONSUMADO,1
313420,ITUIUTABA,2023-03-21,3,2023,LESAO CORPORAL,CONSUMADO,1
313420,ITUIUTABA,2023-03-21,3,2023,OUTROS INFRACOES C/ A PESSOA,CONSUMADO,1
313420,ITUIUTABA,2023-03-22,3,2023,ATEND. DENUNCIA INFRACOES CONTRA MULHER(VIOLENCIA,CONSUMADO,1
313420,ITUIUTABA,2023-03-22,3,2023,OUTRAS INFRACOES CONTRA DIGNIDADE SEXUAL E A FAMIL,CONSUMADO,1
313420,ITUIUTABA,2023-03-23,3,2023,AMEACA,CONSUMADO,1
313420,ITUIUTABA,2023-03-23,3,2023,ESTELIONATO,CONSUMADO,1
313420,ITUIUTABA,2023-03-25,3,2023,ATEND. DENUNCIA INFRACOES CONTRA MULHER(VIOLENCIA,CONSUMADO,2
313420,ITUIUTABA,2023-03-25,3,2023,LESAO CORPORAL,CONSUMADO,1
313420,ITUIUTABA,2023-03-25,3,2023,OUTROS INFRACOES C/ A PESSOA,CONSUMADO,1
313420,ITUIUTABA,2023-03-25,3,2023,SERVIR BEBIDA ALCOOLICA MENOR/INCAPAZ/OUTRO,CONSUMADO,1
313420,ITUIUTABA,2023-03-26,3,2023,AMEACA,CONSUMADO,1
313420,ITUIUTABA,2023-03-26,3,2023,HOMICIDIO,CONSUMADO,1
313420,ITUIUTABA,2023-03-26,3,2023,OUTRAS ACOES DEFESA SOCIAL,CONSUMADO,1
313420,ITUIUTABA,2023-03-29,3,2023,AMEACA,CONSUMADO,2
313420,ITUIUTABA,2023-03-31,3,2023,ABANDONO DE INCAPAZ,CONSUMADO,1
313420,ITUIUTABA,2023-03-31,3,2023,OUTRAS ACOES DEFESA SOCIAL,CONSUMADO,1
313420,ITUIUTABA,2023-04-02,4,2023,AMEACA,CONSUMADO,2
313420,ITUIUTABA,2023-04-02,4,2023,ESTUPRO DE VULNERAVEL,CONSUMADO,1
313420,ITUIUTABA,2023-04-03,4,2023,AMEACA,CONSUMADO,1
313420,ITUIUTABA,2023-04-03,4,2023,ATEND. DENUNCIA INFRACOES CONTRA MULHER(VIOLENCIA,CONSUMADO,1
313420,ITUIUTABA,2023-04-04,4,2023,ATEND. DENUNCIA INFRACOES CONTRA MULHER(VIOLENCIA,CONSUMADO,1
313420,ITUIUTABA,2023-04-05,4,2023,LESAO CORPORAL,CONSUMADO,1
313420,ITUIUTABA,2023-04-08,4,2023,AMEACA,CONSUMADO,2
313420,ITUIUTABA,2023-04-09,4,2023,AMEACA,CONSUMADO,2
313420,ITUIUTABA,2023-04-09,4,2023,LESAO CORPORAL,CONSUMADO,2
313420,ITUIUTABA,2023-04-13,4,2023,AMEACA,CONSUMADO,3
313420,ITUIUTABA,2023-04-14,4,2023,LESAO CORPORAL,CONSUMADO,1
313420,ITUIUTABA,2023-04-15,4,2023,VIAS DE FATO / AGRESSAO,CONSUMADO,1
313420,ITUIUTABA,2023-04-16,4,2023,AMEACA,CONSUMADO,1
313420,ITUIUTABA,2023-04-16,4,2023,ATEND. DENUNCIA INFRACOES CONTRA MULHER(VIOLENCIA,CONSUMADO,1
313420,ITUIUTABA,2023-04-16,4,2023,LESAO CORPORAL,CONSUMADO,1
313420,ITUIUTABA,2023-04-18,4,2023,LESAO CORPORAL,CONSUMADO,2
313420,ITUIUTABA,2023-04-19,4,2023,AMEACA,CONSUMADO,1
313420,ITUIUTABA,2023-04-19,4,2023,DESCUMPRIMENTO DE MEDIDA PROTETIVA DE URGENCIA,CONSUMADO,1
313420,ITUIUTABA,2023-04-19,4,2023,OUTROS INFRACOES C/ A PESSOA,CONSUMADO,1
313420,ITUIUTABA,2023-04-20,4,2023,LESAO CORPORAL,CONSUMADO,1
313420,ITUIUTABA,2023-04-21,4,2023,DANO,CONSUMADO,2
313420,ITUIUTABA,2023-04-22,4,2023,DIFAMACAO,CONSUMADO,1
313420,ITUIUTABA,2023-04-22,4,2023,LESAO CORPORAL,CONSUMADO,1
313420,ITUIUTABA,2023-04-23,4,2023,AMEACA,CONSUMADO,1
313420,ITUIUTABA,2023-04-23,4,2023,LESAO CORPORAL,CONSUMADO,2
313420,ITUIUTABA,2023-04-23,4,2023,PERSEGUICAO,CONSUMADO,1
313420,ITUIUTABA,2023-04-25,4,2023,AMEACA,CONSUMADO,1
313420,ITUIUTABA,2023-04-26,4,2023,AMEACA,CONSUMADO,1
313420,ITUIUTABA,2023-04-27,4,2023,OUTRAS INFRACOES CONTRA DIGNIDADE SEXUAL E A FAMIL,CONSUMADO,1
313420,ITUIUTABA,2023-04-28,4,2023,AMEACA,CONSUMADO,1
313420,ITUIUTABA,2023-05-01,5,2023,AMEACA,CONSUMADO,1
313420,ITUIUTABA,2023-05-03,5,2023,AMEACA,CONSUMADO,1
313420,ITUIUTABA,2023-05-03,5,2023,ATEND. DENUNCIA INFRACOES CONTRA MULHER(VIOLENCIA,CONSUMADO,1
313420,ITUIUTABA,2023-05-03,5,2023,VIAS DE FATO / AGRESSAO,CONSUMADO,1
313420,ITUIUTABA,2023-05-06,5,2023,DANO,CONSUMADO,1
313420,ITUIUTABA,2023-05-08,5,2023,LESAO CORPORAL,CONSUMADO,1
313420,ITUIUTABA,2023-05-08,5,2023,PERSEGUICAO,CONSUMADO,1
313420,ITUIUTABA,2023-05-10,5,2023,DANO,CONSUMADO,1
313420,ITUIUTABA,2023-05-12,5,2023,AMEACA,CONSUMADO,1
313420,ITUIUTABA,2023-05-12,5,2023,VIAS DE FATO / AGRESSAO,CONSUMADO,1
313420,ITUIUTABA,2023-05-15,5,2023,OUTRAS INFRACOES CONTRA O PATRIMONIO,CONSUMADO,1
313420,ITUIUTABA,2023-05-16,5,2023,AMEACA,CONSUMADO,1
313420,ITUIUTABA,2023-05-16,5,2023,OUTRAS INFRACOES CONTRA DIGNIDADE SEXUAL E A FAMIL,CONSUMADO,1
313420,ITUIUTABA,2023-05-16,5,2023,OUTROS INFRACOES C/ A PESSOA,CONSUMADO,1
313420,ITUIUTABA,2023-05-17,5,2023,AMEACA,CONSUMADO,1
313420,ITUIUTABA,2023-05-17,5,2023,VIOLENCIA PSICOLOGICA,CONSUMADO,1
313420,ITUIUTABA,2023-05-18,5,2023,AMEACA,CONSUMADO,1
313420,ITUIUTABA,2023-05-20,5,2023,AMEACA,CONSUMADO,1
313420,ITUIUTABA,2023-05-21,5,2023,LESAO CORPORAL,CONSUMADO,1
313420,ITUIUTABA,2023-05-22,5,2023,AMEACA,CONSUMADO,1
313420,ITUIUTABA,2023-05-23,5,2023,AMEACA,CONSUMADO,1
313420,ITUIUTABA,2023-05-24,5,2023,AMEACA,CONSUMADO,2
313420,ITUIUTABA,2023-05-24,5,2023,ESTUPRO DE VULNERAVEL,CONSUMADO,1
313420,ITUIUTABA,2023-05-24,5,2023,LESAO CORPORAL,CONSUMADO,1
313420,ITUIUTABA,2023-05-25,5,2023,AMEACA,CONSUMADO,4
313420,ITUIUTABA,2023-05-27,5,2023,AMEACA,CONSUMADO,1
313420,ITUIUTABA,2023-05-28,5,2023,VIAS DE FATO / AGRESSAO,CONSUMADO,2
313420,ITUIUTABA,2023-05-29,5,2023,DESCUMPRIMENTO DE MEDIDA PROTETIVA DE URGENCIA,CONSUMADO,1
313420,ITUIUTABA,2023-05-29,5,2023,LESAO CORPORAL,CONSUMADO,1
313420,ITUIUTABA,2023-05-31,5,2023,OUTRAS ACOES DEFESA SOCIAL,CONSUMADO,1
313420,ITUIUTABA,2023-06-01,6,2023,ESTELIONATO,CONSUMADO,1
313420,ITUIUTABA,2023-06-03,6,2023,AMEACA,CONSUMADO,1
313420,ITUIUTABA,2023-06-03,6,2023,VIAS DE FATO / AGRESSAO,CONSUMADO,1
313420,ITUIUTABA,2023-06-04,6,2023,AMEACA,CONSUMADO,2
313420,ITUIUTABA,2023-06-04,6,2023,LESAO CORPORAL,CONSUMADO,1
313420,ITUIUTABA,2023-06-05,6,2023,AMEACA,CONSUMADO,1
313420,ITUIUTABA,2023-06-05,6,2023,ATEND. DENUNCIA INFRACOES CONTRA MULHER(VIOLENCIA,CONSUMADO,1
313420,ITUIUTABA,2023-06-06,6,2023,AMEACA,CONSUMADO,3
313420,ITUIUTABA,2023-06-06,6,2023,LESAO CORPORAL,CONSUMADO,1
313420,ITUIUTABA,2023-06-07,6,2023,OUTRAS ACOES DEFESA SOCIAL,CONSUMADO,2
313420,ITUIUTABA,2023-06-08,6,2023,LESAO CORPORAL,CONSUMADO,1
313420,ITUIUTABA,2023-06-09,6,2023,LESAO CORPORAL,CONSUMADO,1
313420,ITUIUTABA,2023-06-10,6,2023,AMEACA,CONSUMADO,2
313420,ITUIUTABA,2023-06-10,6,2023,LESAO CORPORAL,CONSUMADO,1
313420,ITUIUTABA,2023-06-11,6,2023,LESAO CORPORAL,CONSUMADO,2
313420,ITUIUTABA,2023-06-11,6,2023,VIAS DE FATO / AGRESSAO,CONSUMADO,1
313420,ITUIUTABA,2023-06-12,6,2023,AMEACA,CONSUMADO,1
313420,ITUIUTABA,2023-06-12,6,2023,OUTRAS INFRACOES CONTRA DIGNIDADE SEXUAL E A FAMIL,CONSUMADO,1
313420,ITUIUTABA,2023-06-12,6,2023,VIAS DE FATO / AGRESSAO,CONSUMADO,1
313420,ITUIUTABA,2023-06-14,6,2023,DANO,CONSUMADO,1
313420,ITUIUTABA,2023-06-14,6,2023,LESAO CORPORAL,CONSUMADO,1
313420,ITUIUTABA,2023-06-15,6,2023,ATEND. DENUNCIA INFRACOES CONTRA MULHER(VIOLENCIA,CONSUMADO,1
313420,ITUIUTABA,2023-06-16,6,2023,ROUBO,CONSUMADO,1
313420,ITUIUTABA,2023-06-20,6,2023,ABANDONO MATERIAL,CONSUMADO,1
313420,ITUIUTABA,2023-06-22,6,2023,AMEACA,CONSUMADO,1
313420,ITUIUTABA,2023-06-23,6,2023,DESCUMPRIMENTO DE MEDIDA PROTETIVA DE URGENCIA,CONSUMADO,2
313420,ITUIUTABA,2023-06-23,6,2023,LESAO CORPORAL,CONSUMADO,1
313420,ITUIUTABA,2023-06-24,6,2023,AMEACA,CONSUMADO,2
313420,ITUIUTABA,2023-06-24,6,2023,ATEND. DENUNCIA INFRACOES CONTRA MULHER(VIOLENCIA,CONSUMADO,1
313420,ITUIUTABA,2023-06-24,6,2023,LESAO CORPORAL,CONSUMADO,1
313420,ITUIUTABA,2023-06-24,6,2023,OUTROS INFRACOES C/ A PESSOA,CONSUMADO,1
313420,ITUIUTABA,2023-06-25,6,2023,AMEACA,CONSUMADO,1
313420,ITUIUTABA,2023-06-26,6,2023,AMEACA,CONSUMADO,1
313420,ITUIUTABA,2023-06-26,6,2023,LESAO CORPORAL,CONSUMADO,1
313420,ITUIUTABA,2023-06-27,6,2023,AMEACA,CONSUMADO,2
313420,ITUIUTABA,2023-06-29,6,2023,AMEACA,CONSUMADO,1
313420,ITUIUTABA,2023-06-29,6,2023,VIAS DE FATO / AGRESSAO,CONSUMADO,1
313420,ITUIUTABA,2023-06-30,6,2023,DESCUMPRIMENTO DE MEDIDA PROTETIVA DE URGENCIA,CONSUMADO,1
313420,ITUIUTABA,2023-06-30,6,2023,VIAS DE FATO / AGRESSAO,CONSUMADO,1
313420,ITUIUTABA,2023-07-02,7,2023,ATEND. DENUNCIA INFRACOES CONTRA MULHER(VIOLENCIA,CONSUMADO,1
313420,ITUIUTABA,2023-07-02,7,2023,LESAO CORPORAL,CONSUMADO,1
313420,ITUIUTABA,2023-07-02,7,2023,VIAS DE FATO / AGRESSAO,CONSUMADO,1
313420,ITUIUTABA,2023-07-03,7,2023,AMEACA,CONSUMADO,1
313420,ITUIUTABA,2023-07-03,7,2023,LESAO CORPORAL,CONSUMADO,1
313420,ITUIUTABA,2023-07-03,7,2023,OUTRAS ACOES DEFESA SOCIAL,CONSUMADO,1
313420,ITUIUTABA,2023-07-04,7,2023,AMEACA,CONSUMADO,2
313420,ITUIUTABA,2023-07-04,7,2023,TRAFICO ILICITO DE DROGAS,CONSUMADO,1
313420,ITUIUTABA,2023-07-04,7,2023,VIAS DE FATO / AGRESSAO,CONSUMADO,1
313420,ITUIUTABA,2023-07-05,7,2023,LESAO CORPORAL,CONSUMADO,1
313420,ITUIUTABA,2023-07-06,7,2023,AMEACA,CONSUMADO,1
313420,ITUIUTABA,2023-07-06,7,2023,APROPRIACAO INDEBITA DE COISA ALHEIA MOVEL,CONSUMADO,1
313420,ITUIUTABA,2023-07-06,7,2023,DESCUMPRIMENTO DE MEDIDA PROTETIVA DE URGENCIA,CONSUMADO,1
313420,ITUIUTABA,2023-07-07,7,2023,AMEACA,CONSUMADO,2
313420,ITUIUTABA,2023-07-08,7,2023,PERSEGUICAO,CONSUMADO,1
313420,ITUIUTABA,2023-07-08,7,2023,VIAS DE FATO / AGRESSAO,CONSUMADO,1
313420,ITUIUTABA,2023-07-09,7,2023,AMEACA,CONSUMADO,1
313420,ITUIUTABA,2023-07-11,7,2023,DIFAMACAO,CONSUMADO,1
313420,ITUIUTABA,2023-07-12,7,2023,AMEACA,CONSUMADO,2
313420,ITUIUTABA,2023-07-14,7,2023,AMEACA,CONSUMADO,1
313420,ITUIUTABA,2023-07-16,7,2023,AMEACA,CONSUMADO,1
313420,ITUIUTABA,2023-07-16,7,2023,LESAO CORPORAL,CONSUMADO,1
313420,ITUIUTABA,2023-07-17,7,2023,FURTO,CONSUMADO,1
313420,ITUIUTABA,2023-07-18,7,2023,LESAO CORPORAL,CONSUMADO,1
313420,ITUIUTABA,2023-07-20,7,2023,AMEACA,CONSUMADO,2
313420,ITUIUTABA,2023-07-20,7,2023,MAUS TRATOS,CONSUMADO,1
313420,ITUIUTABA,2023-07-21,7,2023,DESCUMPRIMENTO DE MEDIDA PROTETIVA DE URGENCIA,CONSUMADO,1
313420,ITUIUTABA,2023-07-21,7,2023,VIAS DE FATO / AGRESSAO,CONSUMADO,1
313420,ITUIUTABA,2023-07-22,7,2023,AMEACA,CONSUMADO,2
313420,ITUIUTABA,2023-07-22,7,2023,ATEND. DENUNCIA INFRACOES CONTRA MULHER(VIOLENCIA,CONSUMADO,1
313420,ITUIUTABA,2023-07-22,7,2023,LESAO CORPORAL,CONSUMADO,1
313420,ITUIUTABA,2023-07-23,7,2023,DESCUMPRIMENTO DE MEDIDA PROTETIVA DE URGENCIA,CONSUMADO,1
313420,ITUIUTABA,2023-07-23,7,2023,LESAO CORPORAL,CONSUMADO,1
313420,ITUIUTABA,2023-07-25,7,2023,LESAO CORPORAL,CONSUMADO,1
313420,ITUIUTABA,2023-07-27,7,2023,LESAO CORPORAL,CONSUMADO,1
313420,ITUIUTABA,2023-07-28,7,2023,DESCUMPRIMENTO DE MEDIDA PROTETIVA DE URGENCIA,CONSUMADO,1
313420,ITUIUTABA,2023-07-30,7,2023,AMEACA,CONSUMADO,1
313420,ITUIUTABA,2023-07-30,7,2023,LESAO CORPORAL,CONSUMADO,1
313420,ITUIUTABA,2023-07-30,7,2023,VIAS DE FATO / AGRESSAO,CONSUMADO,1
313420,ITUIUTABA,2023-07-31,7,2023,OUTRAS ACOES DEFESA SOCIAL,CONSUMADO,1
313420,ITUIUTABA,2024-01-01,1,2024,LESAO CORPORAL,S,2
313420,ITUIUTABA,2024-01-02,1,2024,AMEACA,S,1
313420,ITUIUTABA,2024-01-03,1,2024,AMEACA,S,2
313420,ITUIUTABA,2024-01-03,1,2024,LESAO CORPORAL,S,1
313420,ITUIUTABA,2024-01-04,1,2024,PERSEGUICAO,S,1
313420,ITUIUTABA,2024-01-05,1,2024,LESAO CORPORAL,S,1
313420,ITUIUTABA,2024-01-06,1,2024,AMEACA,S,1
313420,ITUIUTABA,2024-01-06,1,2024,LESAO CORPORAL,S,1
313420,ITUIUTABA,2024-01-06,1,2024,VIAS DE FATO / AGRESSAO,S,2
313420,ITUIUTABA,2024-01-07,1,2024,AMEACA,S,2
313420,ITUIUTABA,2024-01-07,1,2024,VIAS DE FATO / AGRESSAO,S,2
313420,ITUIUTABA,2024-01-10,1,2024,AMEACA,S,2
313420,ITUIUTABA,2024-01-12,1,2024,ABANDONO DE INCAPAZ,S,1
313420,ITUIUTABA,2024-01-12,1,2024,LESAO CORPORAL,S,2
313420,ITUIUTABA,2024-01-12,1,2024,PERTURBACAO DO TRABALHO OU DO SOSSEGO ALHEIOS,S,1
313420,ITUIUTABA,2024-01-12,1,2024,VIAS DE FATO / AGRESSAO,S,1
313420,ITUIUTABA,2024-01-13,1,2024,INJURIA,S,1
313420,ITUIUTABA,2024-01-14,1,2024,DESCUMPRIMENTO DE MEDIDA PROTETIVA DE URGENCIA,S,1
313420,ITUIUTABA,2024-01-15,1,2024,AMEACA,S,1
313420,ITUIUTABA,2024-01-15,1,2024,LESAO CORPORAL,S,1
313420,ITUIUTABA,2024-01-17,1,2024,OUTROS INFRACOES C/ A PESSOA,S,1
313420,ITUIUTABA,2024-01-19,1,2024,AMEACA,S,2
313420,ITUIUTABA,2024-01-20,1,2024,AMEACA,S,1
313420,ITUIUTABA,2024-01-20,1,2024,LESAO CORPORAL,S,1
313420,ITUIUTABA,2024-01-20,1,2024,PERSEGUICAO,S,1
313420,ITUIUTABA,2024-01-22,1,2024,AMEACA,S,1
313420,ITUIUTABA,2024-01-22,1,2024,PORTE ILEGAL ARMA DE FOGO/ACESSÓRIO/MUNIÇÃO DE USO PERMITIDO,S,1
313420,ITUIUTABA,2024-01-22,1,2024,VIAS DE FATO / AGRESSAO,S,2
313420,ITUIUTABA,2024-01-23,1,2024,AMEACA,S,1
313420,ITUIUTABA,2024-01-25,1,2024,FURTO,S,1
313420,ITUIUTABA,2024-01-26,1,2024,LESAO CORPORAL,S,1
313420,ITUIUTABA,2024-01-27,1,2024,AMEACA,S,1
313420,ITUIUTABA,2024-01-28,1,2024,LESAO CORPORAL,S,1
313420,ITUIUTABA,2024-01-30,1,2024,MAUS TRATOS,S,1
313420,ITUIUTABA,2024-01-31,1,2024,ATEND. DENUNCIA INFRACOES CONTRA MULHER(VIOLENCIA DOMESTICA),S,1
313420,ITUIUTABA,2024-01-31,1,2024,OUTROS INFRACOES C/ A PESSOA,S,2
313420,ITUIUTABA,2024-02-01,2,2024,AMEACA,S,1
313420,ITUIUTABA,2024-02-03,2,2024,DANO,S,1
313420,ITUIUTABA,2024-02-03,2,2024,VIAS DE FATO / AGRESSAO,S,1
313420,ITUIUTABA,2024-02-04,2,2024,AMEACA,S,3
313420,ITUIUTABA,2024-02-04,2,2024,VIAS DE FATO / AGRESSAO,S,1
313420,ITUIUTABA,2024-02-05,2,2024,ATRITO VERBAL,S,1
313420,ITUIUTABA,2024-02-06,2,2024,DESCUMPRIMENTO DE MEDIDA PROTETIVA DE URGENCIA,S,1
313420,ITUIUTABA,2024-02-07,2,2024,AMEACA,S,1
313420,ITUIUTABA,2024-02-10,2,2024,LESAO CORPORAL,S,1
313420,ITUIUTABA,2024-02-10,2,2024,VIAS DE FATO / AGRESSAO,S,1
313420,ITUIUTABA,2024-02-12,2,2024,AMEACA,S,1
313420,ITUIUTABA,2024-02-12,2,2024,LESAO CORPORAL,S,1
313420,ITUIUTABA,2024-02-13,2,2024,AMEACA,S,1
313420,ITUIUTABA,2024-02-13,2,2024,LESAO CORPORAL,S,1
313420,ITUIUTABA,2024-02-14,2,2024,LESAO CORPORAL,S,1
313420,ITUIUTABA,2024-02-15,2,2024,PERSEGUICAO,S,1
313420,ITUIUTABA,2024-02-19,2,2024,AMEACA,S,2
313420,ITUIUTABA,2024-02-19,2,2024,ATEND. DENUNCIA INFRACOES CONTRA MULHER(VIOLENCIA DOMESTICA),S,1
313420,ITUIUTABA,2024-02-20,2,2024,AMEACA,S,1
313420,ITUIUTABA,2024-02-21,2,2024,AMEACA,S,1
313420,ITUIUTABA,2024-02-21,2,2024,LESAO CORPORAL,S,1
313420,ITUIUTABA,2024-02-22,2,2024,ATEND. DENUNCIA INFRACOES CONTRA MULHER(VIOLENCIA DOMESTICA),S,1
313420,ITUIUTABA,2024-02-22,2,2024,LESAO CORPORAL,S,1
313420,ITUIUTABA,2024-02-23,2,2024,AMEACA,S,1
313420,ITUIUTABA,2024-02-23,2,2024,OUTRAS INFRACOES CONTRA O PATRIMONIO,S,1
313420,ITUIUTABA,2024-02-24,2,2024,LESAO CORPORAL,S,2
313420,ITUIUTABA,2024-02-25,2,2024,AMEACA,S,3
313420,ITUIUTABA,2024-02-25,2,2024,DANO,S,1
313420,ITUIUTABA,2024-02-25,2,2024,DESCUMPRIMENTO DE MEDIDA PROTETIVA DE URGENCIA,S,1
313420,ITUIUTABA,2024-02-25,2,2024,LESAO CORPORAL,S,1
313420,ITUIUTABA,2024-02-26,2,2024,AMEACA,S,1
313420,ITUIUTABA,2024-02-27,2,2024,ATEND. DENUNCIA INFRACOES CONTRA MULHER(VIOLENCIA DOMESTICA),S,1
313420,ITUIUTABA,2024-02-27,2,2024,LESAO CORPORAL,S,1
313420,ITUIUTABA,2024-02-27,2,2024,VIAS DE FATO / AGRESSAO,S,1
313420,ITUIUTABA,2024-02-28,2,2024,AMEACA,S,1
313420,ITUIUTABA,2024-02-29,2,2024,VIAS DE FATO / AGRESSAO,S,2
313420,ITUIUTABA,2024-03-01,3,2024,VIAS DE FATO / AGRESSAO,S,1
313420,ITUIUTABA,2024-03-02,3,2024,VIAS DE FATO / AGRESSAO,S,1
313420,ITUIUTABA,2024-03-03,3,2024,AMEACA,S,1
313420,ITUIUTABA,2024-03-03,3,2024,LESAO CORPORAL,S,1
313420,ITUIUTABA,2024-03-04,3,2024,ATEND. DENUNCIA INFRACOES CONTRA MULHER(VIOLENCIA DOMESTICA),S,1
313420,ITUIUTABA,2024-03-04,3,2024,LESAO CORPORAL,S,1
313420,ITUIUTABA,2024-03-04,3,2024,VIAS DE FATO / AGRESSAO,S,2
313420,ITUIUTABA,2024-03-06,3,2024,LESAO CORPORAL,S,1
313420,ITUIUTABA,2024-03-06,3,2024,OUTRAS INFRACOES CONTRA O PATRIMONIO,S,1
313420,ITUIUTABA,2024-03-07,3,2024,LESAO CORPORAL,S,1
313420,ITUIUTABA,2024-03-07,3,2024,VIAS DE FATO / AGRESSAO,S,1
313420,ITUIUTABA,2024-03-08,3,2024,AMEACA,S,2
313420,ITUIUTABA,2024-03-08,3,2024,VIAS DE FATO / AGRESSAO,S,2
313420,ITUIUTABA,2024-03-09,3,2024,LESAO CORPORAL,S,1
313420,ITUIUTABA,2024-03-09,3,2024,VIAS DE FATO / AGRESSAO,S,1
313420,ITUIUTABA,2024-03-10,3,2024,LESAO CORPORAL,S,2
313420,ITUIUTABA,2024-03-10,3,2024,VIAS DE FATO / AGRESSAO,S,1
313420,ITUIUTABA,2024-03-11,3,2024,AMEACA,S,2
313420,ITUIUTABA,2024-03-12,3,2024,DANO,S,1
313420,ITUIUTABA,2024-03-14,3,2024,AMEACA,S,2
313420,ITUIUTABA,2024-03-14,3,2024,VIAS DE FATO / AGRESSAO,S,1
313420,ITUIUTABA,2024-03-15,3,2024,AMEACA,S,1
313420,ITUIUTABA,2024-03-15,3,2024,OUTRAS INFRACOES DEMAIS LEIS ESPECIAIS,S,1
313420,ITUIUTABA,2024-03-16,3,2024,LESAO CORPORAL,S,1
313420,ITUIUTABA,2024-03-17,3,2024,ATEND. DENUNCIA INFRACOES CONTRA MULHER(VIOLENCIA DOMESTICA),S,1
313420,ITUIUTABA,2024-03-17,3,2024,LESAO CORPORAL,S,2
313420,ITUIUTABA,2024-03-19,3,2024,AMEACA,S,2
313420,ITUIUTABA,2024-03-20,3,2024,ATEND. DENUNCIA INFRACOES CONTRA MULHER(VIOLENCIA DOMESTICA),S,1
313420,ITUIUTABA,2024-03-20,3,2024,OUTROS INFRACOES C/ A PESSOA,S,1
313420,ITUIUTABA,2024-03-21,3,2024,ENCONTRO DE CADAVER,S,1
313420,ITUIUTABA,2024-03-21,3,2024,POSSE/PORTE ILEGAL ARMA FOGO/MUNIC/ACESSO USO PROIB/RESTRITO,S,1
313420,ITUIUTABA,2024-03-22,3,2024,VIAS DE FATO / AGRESSAO,S,1
313420,ITUIUTABA,2024-03-23,3,2024,ATEND. DENUNCIA INFRACOES CONTRA MULHER(VIOLENCIA DOMESTICA),S,1
313420,ITUIUTABA,2024-03-24,3,2024,DESCUMPRIMENTO DE MEDIDA PROTETIVA DE URGENCIA,S,1
313420,ITUIUTABA,2024-03-24,3,2024,EXERCICIO ARBITRARIO DAS PROPRIAS RAZOES,S,1
313420,ITUIUTABA,2024-03-24,3,2024,LESAO CORPORAL,S,1
313420,ITUIUTABA,2024-03-24,3,2024,OUTROS INFRACOES C/ A PESSOA,S,1
313420,ITUIUTABA,2024-03-24,3,2024,PERSEGUICAO,S,1
313420,ITUIUTABA,2024-03-24,3,2024,VIAS DE FATO / AGRESSAO,S,1
313420,ITUIUTABA,2024-03-26,3,2024,LESAO CORPORAL,S,1
313420,ITUIUTABA,2024-03-28,3,2024,AMEACA,S,1
313420,ITUIUTABA,2024-03-29,3,2024,LESAO CORPORAL,S,1
313420,ITUIUTABA,2024-03-29,3,2024,VIAS DE FATO / AGRESSAO,S,1
313420,ITUIUTABA,2024-03-30,3,2024,DESCUMPRIMENTO DE MEDIDA PROTETIVA DE URGENCIA,S,1
313420,ITUIUTABA,2024-03-30,3,2024,VIAS DE FATO / AGRESSAO,S,1
313420,ITUIUTABA,2024-03-31,3,2024,LESAO CORPORAL,S,1
313420,ITUIUTABA,2024-03-31,3,2024,VIAS DE FATO / AGRESSAO,S,1
313420,ITUIUTABA,2024-04-01,4,2024,AMEACA,S,3
313420,ITUIUTABA,2024-04-01,4,2024,DESCUMPRIMENTO DE MEDIDA PROTETIVA DE URGENCIA,S,1
313420,ITUIUTABA,2024-04-02,4,2024,DESCUMPRIMENTO DE MEDIDA PROTETIVA DE URGENCIA,S,1
313420,ITUIUTABA,2024-04-02,4,2024,LESAO CORPORAL,S,1
313420,ITUIUTABA,2024-04-03,4,2024,LESAO CORPORAL,S,1
313420,ITUIUTABA,2024-04-03,4,2024,OUTROS INFRACOES C/ A PESSOA,S,1
313420,ITUIUTABA,2024-04-04,4,2024,AMEACA,S,1
313420,ITUIUTABA,2024-04-04,4,2024,DESCUMPRIMENTO DE MEDIDA PROTETIVA DE URGENCIA,S,1
313420,ITUIUTABA,2024-04-05,4,2024,INJURIA,S,1
313420,ITUIUTABA,2024-04-06,4,2024,LESAO CORPORAL,S,1
313420,ITUIUTABA,2024-04-06,4,2024,VIAS DE FATO / AGRESSAO,S,1
313420,ITUIUTABA,2024-04-07,4,2024,LESAO CORPORAL,S,1
313420,ITUIUTABA,2024-04-10,4,2024,INJURIA,S,1
313420,ITUIUTABA,2024-04-13,4,2024,LESAO CORPORAL,S,1
313420,ITUIUTABA,2024-04-13,4,2024,VIAS DE FATO / AGRESSAO,S,1
313420,ITUIUTABA,2024-04-14,4,2024,AMEACA,S,4
313420,ITUIUTABA,2024-04-14,4,2024,ATEND. DENUNCIA INFRACOES CONTRA MULHER(VIOLENCIA DOMESTICA),S,1
313420,ITUIUTABA,2024-04-14,4,2024,FURTO,S,1
313420,ITUIUTABA,2024-04-14,4,2024,LESAO CORPORAL,S,2
313420,ITUIUTABA,2024-04-14,4,2024,VIAS DE FATO / AGRESSAO,S,1
313420,ITUIUTABA,2024-04-15,4,2024,AMEACA,S,4
313420,ITUIUTABA,2024-04-15,4,2024,DANO,S,1
313420,ITUIUTABA,2024-04-16,4,2024,ATEND. DENUNCIA INFRACOES CONTRA MULHER(VIOLENCIA DOMESTICA),S,1
313420,ITUIUTABA,2024-04-16,4,2024,LESAO CORPORAL,S,1
313420,ITUIUTABA,2024-04-18,4,2024,AMEACA,S,1
313420,ITUIUTABA,2024-04-20,4,2024,AMEACA,S,1
313420,ITUIUTABA,2024-04-24,4,2024,ATEND. DENUNCIA INFRACOES CONTRA MULHER(VIOLENCIA DOMESTICA),S,1
313420,ITUIUTABA,2024-04-24,4,2024,LESAO CORPORAL,S,1
313420,ITUIUTABA,2024-04-25,4,2024,AMEACA,S,1
313420,ITUIUTABA,2024-04-25,4,2024,ATEND. DENUNCIA INFRACOES CONTRA MULHER(VIOLENCIA DOMESTICA),S,1
313420,ITUIUTABA,2024-04-25,4,2024,DESCUMPRIMENTO DE MEDIDA PROTETIVA DE URGENCIA,S,1
313420,ITUIUTABA,2024-04-26,4,2024,AMEACA,S,1
313420,ITUIUTABA,2024-04-26,4,2024,VIAS DE FATO / AGRESSAO,S,1
313420,ITUIUTABA,2024-04-29,4,2024,OUTRAS ACOES DEFESA SOCIAL,S,1
313420,ITUIUTABA,2024-05-02,5,2024,INCENDIO,S,1
313420,ITUIUTABA,2024-05-03,5,2024,ABANDONO DE INCAPAZ,S,1
313420,ITUIUTABA,2024-05-05,5,2024,AMEACA,S,2
313420,ITUIUTABA,2024-05-06,5,2024,AMEACA,S,1
313420,ITUIUTABA,2024-05-07,5,2024,LESAO CORPORAL,S,1
313420,ITUIUTABA,2024-05-08,5,2024,AMEACA,S,1
313420,ITUIUTABA,2024-05-08,5,2024,VIAS DE FATO / AGRESSAO,S,1
313420,ITUIUTABA,2024-05-09,5,2024,AMEACA,S,2
313420,ITUIUTABA,2024-05-09,5,2024,DESCUMPRIMENTO DE MEDIDA PROTETIVA DE URGENCIA,S,1
313420,ITUIUTABA,2024-05-10,5,2024,AMEACA,S,1
313420,ITUIUTABA,2024-05-11,5,2024,VIAS DE FATO / AGRESSAO,S,1
313420,ITUIUTABA,2024-05-12,5,2024,AMEACA,S,1
313420,ITUIUTABA,2024-05-12,5,2024,INJURIA,S,1
313420,ITUIUTABA,2024-05-12,5,2024,LESAO CORPORAL,S,2
313420,ITUIUTABA,2024-05-13,5,2024,AMEACA,S,2
313420,ITUIUTABA,2024-05-14,5,2024,AMEACA,S,1
313420,ITUIUTABA,2024-05-14,5,2024,VIOLENCIA PSICOLOGICA,S,1
313420,ITUIUTABA,2024-05-15,5,2024,LESAO CORPORAL,S,1
313420,ITUIUTABA,2024-05-16,5,2024,PERTURBACAO DO TRABALHO OU DO SOSSEGO ALHEIOS,S,1
313420,ITUIUTABA,2024-05-17,5,2024,VIAS DE FATO / AGRESSAO,S,1
313420,ITUIUTABA,2024-05-18,5,2024,ESTELIONATO,S,1
313420,ITUIUTABA,2024-05-19,5,2024,DESCUMPRIMENTO DE MEDIDA PROTETIVA DE URGENCIA,S,1
313420,ITUIUTABA,2024-05-21,5,2024,OUTROS INFRACOES C/ A PESSOA,S,1
313420,ITUIUTABA,2024-05-22,5,2024,LESAO CORPORAL,S,1
313420,ITUIUTABA,2024-05-23,5,2024,AMEACA,S,2
313420,ITUIUTABA,2024-05-25,5,2024,DESCUMPRIMENTO DE MEDIDA PROTETIVA DE URGENCIA,S,1
313420,ITUIUTABA,2024-05-25,5,2024,LESAO CORPORAL,S,1
313420,ITUIUTABA,2024-05-25,5,2024,VIAS DE FATO / AGRESSAO,S,1
313420,ITUIUTABA,2024-05-26,5,2024,ATEND. DENUNCIA INFRACOES CONTRA MULHER(VIOLENCIA DOMESTICA),S,1
313420,ITUIUTABA,2024-05-26,5,2024,DANO,S,1
313420,ITUIUTABA,2024-05-26,5,2024,LESAO CORPORAL,S,1
313420,ITUIUTABA,2024-05-26,5,2024,VIAS DE FATO / AGRESSAO,S,1
313420,ITUIUTABA,2024-05-27,5,2024,AMEACA,S,1
313420,ITUIUTABA,2024-05-27,5,2024,ESTUPRO DE VULNERAVEL,S,1
313420,ITUIUTABA,2024-05-29,5,2024,AMEACA,S,1
313420,ITUIUTABA,2024-05-29,5,2024,VIAS DE FATO / AGRESSAO,S,1
313420,ITUIUTABA,2024-06-01,6,2024,LESAO CORPORAL,S,1
313420,ITUIUTABA,2024-06-02,6,2024,AMEACA,S,2
313420,ITUIUTABA,2024-06-05,6,2024,AMEACA,S,1
313420,ITUIUTABA,2024-06-06,6,2024,AMEACA,S,1
313420,ITUIUTABA,2024-06-06,6,2024,INJURIA,S,1
313420,ITUIUTABA,2024-06-06,6,2024,LESAO CORPORAL,S,1
313420,ITUIUTABA,2024-06-06,6,2024,VIAS DE FATO / AGRESSAO,S,1
313420,ITUIUTABA,2024-06-08,6,2024,OUTROS INFRACOES C/ A PESSOA,S,1
313420,ITUIUTABA,2024-06-09,6,2024,DESCUMPRIMENTO DE MEDIDA PROTETIVA DE URGENCIA,S,1
313420,ITUIUTABA,2024-06-09,6,2024,LESAO CORPORAL,S,2
313420,ITUIUTABA,2024-06-10,6,2024,OUTROS INFRACOES C/ A PESSOA,S,1
313420,ITUIUTABA,2024-06-14,6,2024,LESAO CORPORAL,S,1
313420,ITUIUTABA,2024-06-14,6,2024,OUTRAS ACOES DEFESA SOCIAL,S,1
313420,ITUIUTABA,2024-06-15,6,2024,LESAO CORPORAL,S,2
313420,ITUIUTABA,2024-06-16,6,2024,ATEND. DENUNCIA INFRACOES CONTRA MULHER(VIOLENCIA DOMESTICA),S,1
313420,ITUIUTABA,2024-06-17,6,2024,AMEACA,S,1
313420,ITUIUTABA,2024-06-17,6,2024,LESAO CORPORAL,S,1
313420,ITUIUTABA,2024-06-19,6,2024,AMEACA,N,1
313420,ITUIUTABA,2024-06-21,6,2024,AMEACA,S,1
313420,ITUIUTABA,2024-06-21,6,2024,VIAS DE FATO / AGRESSAO,S,1
313420,ITUIUTABA,2024-06-22,6,2024,OUTRAS ACOES DEFESA SOCIAL,S,1
313420,ITUIUTABA,2024-06-23,6,2024,AMEACA,S,1
313420,ITUIUTABA,2024-06-23,6,2024,LESAO CORPORAL,S,1
313420,ITUIUTABA,2024-06-23,6,2024,VIAS DE FATO / AGRESSAO,S,1
313420,ITUIUTABA,2024-06-24,6,2024,VIAS DE FATO / AGRESSAO,S,1
313420,ITUIUTABA,2024-06-25,6,2024,LESAO CORPORAL,S,1
313420,ITUIUTABA,2024-06-26,6,2024,AMEACA,S,1
313420,ITUIUTABA,2024-06-27,6,2024,LESAO CORPORAL,S,1
313420,ITUIUTABA,2024-06-28,6,2024,VIOLACAO DE DOMICILIO,S,1
313420,ITUIUTABA,2024-06-29,6,2024,AMEACA,S,1
313420,ITUIUTABA,2024-06-30,6,2024,LESAO CORPORAL,S,1
313420,ITUIUTABA,2024-07-02,7,2024,IMPEDE/RECUSA/NAO ASSISTE A SAUDE DO IDOSO,S,1
313420,ITUIUTABA,2024-07-02,7,2024,OUTRAS ACOES DEFESA SOCIAL,S,1
313420,ITUIUTABA,2024-07-05,7,2024,AMEACA,S,1
313420,ITUIUTABA,2024-07-05,7,2024,LESAO CORPORAL,S,1
313420,ITUIUTABA,2024-07-06,7,2024,LESAO CORPORAL,S,1
313420,ITUIUTABA,2024-07-07,7,2024,AMEACA,S,1
313420,ITUIUTABA,2024-07-07,7,2024,LESAO CORPORAL,S,1
313420,ITUIUTABA,2024-07-07,7,2024,OUTROS INFRACOES C/ A PESSOA,S,1
313420,ITUIUTABA,2024-07-07,7,2024,VIAS DE FATO / AGRESSAO,S,1
313420,ITUIUTABA,2024-07-08,7,2024,AMEACA,S,2
313420,ITUIUTABA,2024-07-08,7,2024,OUTROS INFRACOES C/ A PESSOA,S,1
313420,ITUIUTABA,2024-07-11,7,2024,ATEND. DENUNCIA INFRACOES CONTRA MULHER(VIOLENCIA DOMESTICA),S,1
313420,ITUIUTABA,2024-07-11,7,2024,VIAS DE FATO / AGRESSAO,S,1
313420,ITUIUTABA,2024-07-12,7,2024,AMEACA,S,3
313420,ITUIUTABA,2024-07-12,7,2024,VIAS DE FATO / AGRESSAO,S,1
313420,ITUIUTABA,2024-07-13,7,2024,AMEACA,S,1
313420,ITUIUTABA,2024-07-13,7,2024,OUTROS INFRACOES C/ A PESSOA,S,1
313420,ITUIUTABA,2024-07-14,7,2024,AMEACA,S,1
313420,ITUIUTABA,2024-07-14,7,2024,VIAS DE FATO / AGRESSAO,S,2
313420,ITUIUTABA,2024-07-16,7,2024,AMEACA,S,1
313420,ITUIUTABA,2024-07-19,7,2024,AMEACA,S,2
313420,ITUIUTABA,2024-07-20,7,2024,VIAS DE FATO / AGRESSAO,S,1
313420,ITUIUTABA,2024-07-21,7,2024,LESAO CORPORAL,S,2
313420,ITUIUTABA,2024-07-22,7,2024,AMEACA,S,2
313420,ITUIUTABA,2024-07-22,7,2024,ATEND. DENUNCIA INFRACOES CONTRA MULHER(VIOLENCIA DOMESTICA),S,1
313420,ITUIUTABA,2024-07-22,7,2024,OUTRAS INFRACOES CONTRA O PATRIMONIO,S,1
313420,ITUIUTABA,2024-07-24,7,2024,AMEACA,S,2
313420,ITUIUTABA,2024-07-25,7,2024,AMEACA,S,2
313420,ITUIUTABA,2024-07-27,7,2024,CALUNIA,S,1
313420,ITUIUTABA,2024-07-27,7,2024,VIAS DE FATO / AGRESSAO,S,1
313420,ITUIUTABA,2024-07-28,7,2024,OUTROS INFRACOES C/ A PESSOA,S,1
313420,ITUIUTABA,2024-07-29,7,2024,AMEACA,S,3
313420,ITUIUTABA,2024-07-29,7,2024,ATEND. DENUNCIA INFRACOES CONTRA MULHER(VIOLENCIA DOMESTICA),S,1
313420,ITUIUTABA,2024-07-29,7,2024,OUTRAS ACOES DEFESA SOCIAL,S,1
313420,ITUIUTABA,2024-07-30,7,2024,AMEACA,S,1
313420,ITUIUTABA,2024-07-30,7,2024,OUTROS INFRACOES C/ A PESSOA,S,1
313420,ITUIUTABA,2024-07-31,7,2024,MAUS TRATOS,S,1
313420,ITUIUTABA,2024-08-01,8,2024,AMEACA,S,1
313420,ITUIUTABA,2024-08-01,8,2024,ATEND. DENUNCIA INFRACOES CONTRA MULHER(VIOLENCIA DOMESTICA),S,1
313420,ITUIUTABA,2024-08-02,8,2024,OUTROS INFRACOES C/ A PESSOA,S,1
313420,ITUIUTABA,2024-08-04,8,2024,DANO,S,1
313420,ITUIUTABA,2024-08-05,8,2024,DESCUMPRIMENTO DE MEDIDA PROTETIVA DE URGENCIA,S,1
313420,ITUIUTABA,2024-08-06,8,2024,AMEACA,S,1
313420,ITUIUTABA,2024-08-06,8,2024,DESCUMPRIMENTO DE MEDIDA PROTETIVA DE URGENCIA,S,1
313420,ITUIUTABA,2024-08-07,8,2024,AMEACA,S,1
313420,ITUIUTABA,2024-08-07,8,2024,OUTRAS INFRACOES CONTRA DIGNIDADE SEXUAL E A FAMILIA,S,1
313420,ITUIUTABA,2024-08-07,8,2024,VIAS DE FATO / AGRESSAO,S,1
313420,ITUIUTABA,2024-08-08,8,2024,OUTRAS ACOES DEFESA SOCIAL,S,1
313420,ITUIUTABA,2024-08-09,8,2024,AMEACA,S,3
313420,ITUIUTABA,2024-08-10,8,2024,LESAO CORPORAL,S,1
313420,ITUIUTABA,2024-08-11,8,2024,AMEACA,S,1
313420,ITUIUTABA,2024-08-13,8,2024,VIAS DE FATO / AGRESSAO,S,1
313420,ITUIUTABA,2024-08-14,8,2024,AMEACA,S,1
313420,ITUIUTABA,2024-08-14,8,2024,PERSEGUICAO,S,1
313420,ITUIUTABA,2024-08-15,8,2024,AMEACA,S,1
313420,ITUIUTABA,2024-08-15,8,2024,LESAO CORPORAL,S,1
313420,ITUIUTABA,2024-08-15,8,2024,VIAS DE FATO / AGRESSAO,S,2
313420,ITUIUTABA,2024-08-15,8,2024,VIOLACAO DE DOMICILIO,S,1
313420,ITUIUTABA,2024-08-16,8,2024,VIAS DE FATO / AGRESSAO,S,1
313420,ITUIUTABA,2024-08-17,8,2024,DESCUMPRIMENTO DE MEDIDA PROTETIVA DE URGENCIA,S,1
313420,ITUIUTABA,2024-08-18,8,2024,AMEACA,S,1
313420,ITUIUTABA,2024-08-19,8,2024,AMEACA,S,1
313420,ITUIUTABA,2024-08-19,8,2024,LESAO CORPORAL,S,1
313420,ITUIUTABA,2024-08-20,8,2024,AMEACA,S,1
313420,ITUIUTABA,2024-08-21,8,2024,DANO,S,1
313420,ITUIUTABA,2024-08-21,8,2024,ESTELIONATO,S,1
313420,ITUIUTABA,2024-08-23,8,2024,AMEACA,S,1
313420,ITUIUTABA,2024-08-23,8,2024,DESCUMPRIMENTO DE MEDIDA PROTETIVA DE URGENCIA,S,1
313420,ITUIUTABA,2024-08-24,8,2024,LESAO CORPORAL,S,1
313420,ITUIUTABA,2024-08-25,8,2024,VIAS DE FATO / AGRESSAO,S,1
313420,ITUIUTABA,2024-08-26,8,2024,DESCUMPRIMENTO DE MEDIDA PROTETIVA DE URGENCIA,S,1
313420,ITUIUTABA,2024-08-26,8,2024,OUTRAS ACOES DEFESA SOCIAL,S,2
313420,ITUIUTABA,2024-08-27,8,2024,AMEACA,S,1
313420,ITUIUTABA,2024-08-27,8,2024,DANO,S,1
313420,ITUIUTABA,2024-08-29,8,2024,DESCUMPRIMENTO DE MEDIDA PROTETIVA DE URGENCIA,S,1
313420,ITUIUTABA,2024-08-31,8,2024,AMEACA,S,1
313420,ITUIUTABA,2024-09-01,9,2024,AMEACA,S,1
313420,ITUIUTABA,2024-09-01,9,2024,LESAO CORPORAL,S,2
313420,ITUIUTABA,2024-09-02,9,2024,ATEND. DENUNCIA INFRACOES CONTRA MULHER(VIOLENCIA DOMESTICA),S,1
313420,ITUIUTABA,2024-09-03,9,2024,INJURIA RACIAL,S,1
313420,ITUIUTABA,2024-09-06,9,2024,LESAO CORPORAL,S,1
313420,ITUIUTABA,2024-09-08,9,2024,AMEACA,S,1
313420,ITUIUTABA,2024-09-09,9,2024,PERTURBACAO DO TRABALHO OU DO SOSSEGO ALHEIOS,S,1
313420,ITUIUTABA,2024-09-10,9,2024,ESTELIONATO,S,1
313420,ITUIUTABA,2024-09-12,9,2024,AMEACA,S,1
313420,ITUIUTABA,2024-09-12,9,2024,DANO,S,1
313420,ITUIUTABA,2024-09-15,9,2024,AMEACA,S,2
313420,ITUIUTABA,2024-09-15,9,2024,APROPRIACAO INDEBITA DE COISA ALHEIA MOVEL,S,1
313420,ITUIUTABA,2024-09-15,9,2024,ATEND. DENUNCIA INFRACOES CONTRA MULHER(VIOLENCIA DOMESTICA),S,1
313420,ITUIUTABA,2024-09-15,9,2024,LESAO CORPORAL,S,1
313420,ITUIUTABA,2024-09-16,9,2024,ATEND. DENUNCIA INFRACOES CONTRA MULHER(VIOLENCIA DOMESTICA),S,1
313420,ITUIUTABA,2024-09-16,9,2024,SERVIR BEBIDA ALCOOLICA MENOR/INCAPAZ/OUTRO,S,1
313420,ITUIUTABA,2024-09-16,9,2024,VIAS DE FATO / AGRESSAO,S,1
313420,ITUIUTABA,2024-09-17,9,2024,LESAO CORPORAL,S,1
313420,ITUIUTABA,2024-09-18,9,2024,AMEACA,S,2
313420,ITUIUTABA,2024-09-19,9,2024,LESAO CORPORAL,S,1
313420,ITUIUTABA,2024-09-20,9,2024,AMEACA,S,1
313420,ITUIUTABA,2024-09-20,9,2024,CALUNIA,S,1
313420,ITUIUTABA,2024-09-21,9,2024,AMEACA,S,2
313420,ITUIUTABA,2024-09-21,9,2024,LESAO CORPORAL,S,1
313420,ITUIUTABA,2024-09-22,9,2024,VIAS DE FATO / AGRESSAO,S,1
313420,ITUIUTABA,2024-09-23,9,2024,LESAO CORPORAL,S,1
313420,ITUIUTABA,2024-09-24,9,2024,AMEACA,S,1
313420,ITUIUTABA,2024-09-24,9,2024,ATEND. DENUNCIA INFRACOES CONTRA MULHER(VIOLENCIA DOMESTICA),S,1
313420,ITUIUTABA,2024-09-24,9,2024,"DIVULGACAO CENA ESTUPRO E IMAGEM NUDEZ, SEXO OU PORNOGRAFIA",S,1
313420,ITUIUTABA,2024-09-25,9,2024,ATEND. DENUNCIA INFRACOES CONTRA MULHER(VIOLENCIA DOMESTICA),S,1
313420,ITUIUTABA,2024-09-25,9,2024,ATRITO VERBAL,S,1
313420,ITUIUTABA,2024-09-26,9,2024,VIAS DE FATO / AGRESSAO,S,2
313420,ITUIUTABA,2024-09-27,9,2024,DANO,S,1
313420,ITUIUTABA,2024-09-28,9,2024,LESAO CORPORAL,S,1
313420,ITUIUTABA,2024-09-28,9,2024,VIAS DE FATO / AGRESSAO,S,1
313420,ITUIUTABA,2024-09-29,9,2024,LESAO CORPORAL,S,2
313420,ITUIUTABA,2024-09-29,9,2024,VIAS DE FATO / AGRESSAO,S,2
313420,ITUIUTABA,2024-09-30,9,2024,AMEACA,S,1
313420,ITUIUTABA,2024-09-30,9,2024,LESAO CORPORAL,S,1
313420,ITUIUTABA,2024-10-01,10,2024,ABANDONO DE INCAPAZ,S,2
313420,ITUIUTABA,2024-10-01,10,2024,AMEACA,S,1
313420,ITUIUTABA,2024-10-01,10,2024,VIAS DE FATO / AGRESSAO,S,1
313420,ITUIUTABA,2024-10-02,10,2024,AMEACA,S,2
313420,ITUIUTABA,2024-10-02,10,2024,ATEND. DENUNCIA INFRACOES CONTRA MULHER(VIOLENCIA DOMESTICA),S,1
313420,ITUIUTABA,2024-10-03,10,2024,AMEACA,S,3
313420,ITUIUTABA,2024-10-04,10,2024,ESTUPRO DE VULNERAVEL,S,1
313420,ITUIUTABA,2024-10-04,10,2024,VIAS DE FATO / AGRESSAO,S,1
313420,ITUIUTABA,2024-10-05,10,2024,AMEACA,S,1
313420,ITUIUTABA,2024-10-06,10,2024,VIAS DE FATO / AGRESSAO,S,1
313420,ITUIUTABA,2024-10-07,10,2024,AMEACA,S,1
313420,ITUIUTABA,2024-10-08,10,2024,AMEACA,S,2
313420,ITUIUTABA,2024-10-08,10,2024,FURTO,S,1
313420,ITUIUTABA,2024-10-09,10,2024,AMEACA,S,1
313420,ITUIUTABA,2024-10-09,10,2024,VIAS DE FATO / AGRESSAO,S,2
313420,ITUIUTABA,2024-10-10,10,2024,AMEACA,S,1
313420,ITUIUTABA,2024-10-10,10,2024,DIFAMACAO,S,1
313420,ITUIUTABA,2024-10-11,10,2024,FURTO,S,1
313420,ITUIUTABA,2024-10-11,10,2024,LESAO CORPORAL,S,1
313420,ITUIUTABA,2024-10-13,10,2024,AMEACA,S,1
313420,ITUIUTABA,2024-10-13,10,2024,ESTUPRO DE VULNERAVEL,S,1
313420,ITUIUTABA,2024-10-13,10,2024,OUTRAS ACOES DEFESA SOCIAL,S,1
313420,ITUIUTABA,2024-10-13,10,2024,VIAS DE FATO / AGRESSAO,S,2
313420,ITUIUTABA,2024-10-14,10,2024,AMEACA,S,1
313420,ITUIUTABA,2024-10-15,10,2024,AMEACA,S,1
313420,ITUIUTABA,2024-10-16,10,2024,OUTRAS ACOES DEFESA SOCIAL,S,2
313420,ITUIUTABA,2024-10-16,10,2024,OUTRAS INFRACOES DEMAIS LEIS ESPECIAIS,S,1
313420,ITUIUTABA,2024-10-16,10,2024,VIAS DE FATO / AGRESSAO,S,1
313420,ITUIUTABA,2024-10-17,10,2024,AMEACA,S,2
313420,ITUIUTABA,2024-10-18,10,2024,AMEACA,S,2
313420,ITUIUTABA,2024-10-20,10,2024,ALTERACAO DE LIMITES,S,1
313420,ITUIUTABA,2024-10-20,10,2024,AMEACA,S,1
313420,ITUIUTABA,2024-10-20,10,2024,LESAO CORPORAL,S,2
313420,ITUIUTABA,2024-10-23,10,2024,ATEND. DENUNCIA INFRACOES CONTRA MULHER(VIOLENCIA DOMESTICA),S,1
313420,ITUIUTABA,2024-10-23,10,2024,LESAO CORPORAL,S,1
313420,ITUIUTABA,2024-10-23,10,2024,VIAS DE FATO / AGRESSAO,S,1
313420,ITUIUTABA,2024-10-24,10,2024,AMEACA,S,2
313420,ITUIUTABA,2024-10-24,10,2024,LESAO CORPORAL,S,2
313420,ITUIUTABA,2024-10-25,10,2024,ABANDONO DE INCAPAZ,S,2
313420,ITUIUTABA,2024-10-25,10,2024,AMEACA,S,1
313420,ITUIUTABA,2024-10-25,10,2024,OUTROS INFRACOES C/ A PESSOA,S,1
313420,ITUIUTABA,2024-10-26,10,2024,VIAS DE FATO / AGRESSAO,S,1
313420,ITUIUTABA,2024-10-27,10,2024,AMEACA,S,2
313420,ITUIUTABA,2024-10-27,10,2024,DESCUMPRIMENTO DE MEDIDA PROTETIVA DE URGENCIA,S,1
313420,ITUIUTABA,2024-10-27,10,2024,VIAS DE FATO / AGRESSAO,S,1
313420,ITUIUTABA,2024-10-28,10,2024,AMEACA,S,1
313420,ITUIUTABA,2024-10-29,10,2024,LESAO CORPORAL,S,1
313420,ITUIUTABA,2024-10-31,10,2024,LESAO CORPORAL,S,1
313420,ITUIUTABA,2024-11-01,11,2024,AMEACA,S,1
313420,ITUIUTABA,2024-11-01,11,2024,LESAO CORPORAL,S,1
313420,ITUIUTABA,2024-11-01,11,2024,VIAS DE FATO / AGRESSAO,S,1
313420,ITUIUTABA,2024-11-02,11,2024,AMEACA,S,1
313420,ITUIUTABA,2024-11-02,11,2024,ATEND. DENUNCIA INFRACOES CONTRA MULHER(VIOLENCIA DOMESTICA),S,1
313420,ITUIUTABA,2024-11-02,11,2024,PERTURBACAO DO TRABALHO OU DO SOSSEGO ALHEIOS,S,1
313420,ITUIUTABA,2024-11-03,11,2024,ESTELIONATO,S,1
313420,ITUIUTABA,2024-11-05,11,2024,AMEACA,S,1
313420,ITUIUTABA,2024-11-05,11,2024,DANO,S,1
313420,ITUIUTABA,2024-11-05,11,2024,ROUBO,S,1
313420,ITUIUTABA,2024-11-06,11,2024,AMEACA,S,1
313420,ITUIUTABA,2024-11-06,11,2024,VIAS DE FATO / AGRESSAO,S,1
313420,ITUIUTABA,2024-11-07,11,2024,ATEND. DENUNCIA INFRACOES CONTRA MULHER(VIOLENCIA DOMESTICA),S,1
313420,ITUIUTABA,2024-11-07,11,2024,DESCUMPRIMENTO DE MEDIDA PROTETIVA DE URGENCIA,S,1
313420,ITUIUTABA,2024-11-08,11,2024,ATEND. DENUNCIA INFRACOES CONTRA MULHER(VIOLENCIA DOMESTICA),S,1
313420,ITUIUTABA,2024-11-08,11,2024,LESAO CORPORAL,S,1
313420,ITUIUTABA,2024-11-09,11,2024,OUTRAS ACOES DEFESA SOCIAL,S,1
313420,ITUIUTABA,2024-11-09,11,2024,VIAS DE FATO / AGRESSAO,S,1
313420,ITUIUTABA,2024-11-10,11,2024,AMEACA,S,2
313420,ITUIUTABA,2024-11-10,11,2024,VIAS DE FATO / AGRESSAO,S,2
313420,ITUIUTABA,2024-11-12,11,2024,DANO,S,1
313420,ITUIUTABA,2024-11-12,11,2024,LESAO CORPORAL,S,1
313420,ITUIUTABA,2024-11-14,11,2024,LESAO CORPORAL,S,1
313420,ITUIUTABA,2024-11-14,11,2024,VIAS DE FATO / AGRESSAO,S,3
313420,ITUIUTABA,2024-11-15,11,2024,DANO,S,1
313420,ITUIUTABA,2024-11-15,11,2024,LESAO CORPORAL,S,1
313420,ITUIUTABA,2024-11-15,11,2024,VIAS DE FATO / AGRESSAO,S,1
313420,ITUIUTABA,2024-11-18,11,2024,AMEACA,S,1
313420,ITUIUTABA,2024-11-18,11,2024,VIAS DE FATO / AGRESSAO,S,2
313420,ITUIUTABA,2024-11-19,11,2024,ATEND. DENUNCIA INFRACOES CONTRA MULHER(VIOLENCIA DOMESTICA),S,1
313420,ITUIUTABA,2024-11-19,11,2024,ESTUPRO DE VULNERAVEL,S,1
313420,ITUIUTABA,2024-11-19,11,2024,LESAO CORPORAL,S,1
313420,ITUIUTABA,2024-11-20,11,2024,AMEACA,S,2
313420,ITUIUTABA,2024-11-23,11,2024,AMEACA,S,1
313420,ITUIUTABA,2024-11-23,11,2024,VIAS DE FATO / AGRESSAO,S,1
313420,ITUIUTABA,2024-11-25,11,2024,AMEACA,S,2
313420,ITUIUTABA,2024-11-26,11,2024,LESAO CORPORAL,S,1
313420,ITUIUTABA,2024-11-27,11,2024,AMEACA,S,1
313420,ITUIUTABA,2024-11-27,11,2024,CORRUPCAO DE MENORES PARA PRATICA DE CRIME,S,1
313420,ITUIUTABA,2024-11-28,11,2024,VIAS DE FATO / AGRESSAO,S,2
313420,ITUIUTABA,2024-11-29,11,2024,LESAO CORPORAL,S,1
313420,ITUIUTABA,2024-11-30,11,2024,LESAO CORPORAL,S,2
313420,ITUIUTABA,2024-11-30,11,2024,PERTURBACAO DO TRABALHO OU DO SOSSEGO ALHEIOS,S,1
313420,ITUIUTABA,2024-11-30,11,2024,VIAS DE FATO / AGRESSAO,S,1
313420,ITUIUTABA,2024-12-01,12,2024,AMEACA,S,2
313420,ITUIUTABA,2024-12-01,12,2024,VIAS DE FATO / AGRESSAO,S,1
313420,ITUIUTABA,2024-12-02,12,2024,PERSEGUICAO,S,1
313420,ITUIUTABA,2024-12-03,12,2024,AMEACA,S,1
313420,ITUIUTABA,2024-12-03,12,2024,OUTRAS INFRACOES DEMAIS LEIS ESPECIAIS,S,1
313420,ITUIUTABA,2024-12-04,12,2024,AMEACA,S,1
313420,ITUIUTABA,2024-12-05,12,2024,DANO,S,1
313420,ITUIUTABA,2024-12-07,12,2024,VIAS DE FATO / AGRESSAO,S,1
313420,ITUIUTABA,2024-12-08,12,2024,AMEACA,S,3
313420,ITUIUTABA,2024-12-08,12,2024,ATEND. DENUNCIA INFRACOES CONTRA MULHER(VIOLENCIA DOMESTICA),S,1
313420,ITUIUTABA,2024-12-08,12,2024,IMPORTUNACAO SEXUAL,S,1
313420,ITUIUTABA,2024-12-08,12,2024,LESAO CORPORAL,S,3
313420,ITUIUTABA,2024-12-08,12,2024,PERSEGUICAO,S,1
313420,ITUIUTABA,2024-12-08,12,2024,VIAS DE FATO / AGRESSAO,S,1
313420,ITUIUTABA,2024-12-09,12,2024,ATEND. DENUNCIA INFRACOES CONTRA MULHER(VIOLENCIA DOMESTICA),S,1
313420,ITUIUTABA,2024-12-10,12,2024,AMEACA,S,1
313420,ITUIUTABA,2024-12-13,12,2024,AMEACA,S,2
313420,ITUIUTABA,2024-12-13,12,2024,ATENDIMENTO DE DENUNCIA DE INFRACOES CONTRA OS IDOSOS,S,1
313420,ITUIUTABA,2024-12-13,12,2024,LESAO CORPORAL,S,1
313420,ITUIUTABA,2024-12-14,12,2024,LESAO CORPORAL,S,1
313420,ITUIUTABA,2024-12-15,12,2024,ATEND. DENUNCIA INFRACOES CONTRA MULHER(VIOLENCIA DOMESTICA),S,1
313420,ITUIUTABA,2024-12-16,12,2024,AMEACA,S,1
313420,ITUIUTABA,2024-12-16,12,2024,APROPRIACAO INDEBITA DE COISA ALHEIA MOVEL,S,1
313420,ITUIUTABA,2024-12-17,12,2024,AMEACA,S,1
313420,ITUIUTABA,2024-12-17,12,2024,PERSEGUICAO,S,1
313420,ITUIUTABA,2024-12-18,12,2024,IMPORTUNACAO SEXUAL,S,1
313420,ITUIUTABA,2024-12-19,12,2024,AMEACA,S,1
313420,ITUIUTABA,2024-12-21,12,2024,ATEND. DENUNCIA INFRACOES CONTRA MULHER(VIOLENCIA DOMESTICA),S,1
313420,ITUIUTABA,2024-12-21,12,2024,VIAS DE FATO / AGRESSAO,S,1
313420,ITUIUTABA,2024-12-22,12,2024,AMEACA,S,2
313420,ITUIUTABA,2024-12-22,12,2024,VIAS DE FATO / AGRESSAO,S,2
313420,ITUIUTABA,2024-12-23,12,2024,DANO,S,1
313420,ITUIUTABA,2024-12-23,12,2024,VIAS DE FATO / AGRESSAO,S,1
313420,ITUIUTABA,2024-12-24,12,2024,AMEACA,S,1
313420,ITUIUTABA,2024-12-25,12,2024,AMEACA,S,2
313420,ITUIUTABA,2024-12-25,12,2024,LESAO CORPORAL,S,2
313420,ITUIUTABA,2024-12-25,12,2024,VIAS DE FATO / AGRESSAO,S,2
313420,ITUIUTABA,2024-12-28,12,2024,ABUSO DE INCAPAZES,S,1
313420,ITUIUTABA,2024-12-28,12,2024,LESAO CORPORAL,S,2
313420,ITUIUTABA,2024-12-29,12,2024,AMEACA,S,1
313420,ITUIUTABA,2024-12-29,12,2024,LESAO CORPORAL,S,3
313420,ITUIUTABA,2024-12-30,12,2024,AMEACA,S,1
313420,ITUIUTABA,2024-12-30,12,2024,DANO,S,1
313420,ITUIUTABA,2024-12-30,12,2024,VIAS DE FATO / AGRESSAO,S,1
313420,ITUIUTABA,2024-12-31,12,2024,AMEACA,S,1
313420,ITUIUTABA,2025-01-01,1,2025,AMEACA,S,1
313420,ITUIUTABA,2025-01-01,1,2025,VIAS DE FATO / AGRESSAO,S,3
313420,ITUIUTABA,2025-01-02,1,2025,LESAO CORPORAL,S,2
313420,ITUIUTABA,2025-01-03,1,2025,AMEACA,S,1
313420,ITUIUTABA,2025-01-03,1,2025,DESCUMPRIMENTO DE MEDIDA PROTETIVA DE URGENCIA,S,1
313420,ITUIUTABA,2025-01-04,1,2025,AMEACA,S,1
313420,ITUIUTABA,2025-01-05,1,2025,AMEACA,S,2
313420,ITUIUTABA,2025-01-05,1,2025,DESCUMPRIMENTO DE MEDIDA PROTETIVA DE URGENCIA,S,1
313420,ITUIUTABA,2025-01-08,1,2025,ATRITO VERBAL,S,1
313420,ITUIUTABA,2025-01-08,1,2025,DESCUMPRIMENTO DE MEDIDA PROTETIVA DE URGENCIA,S,1
313420,ITUIUTABA,2025-01-08,1,2025,VIAS DE FATO / AGRESSAO,S,2
313420,ITUIUTABA,2025-01-09,1,2025,DESCUMPRIMENTO DE MEDIDA PROTETIVA DE URGENCIA,S,1
313420,ITUIUTABA,2025-01-10,1,2025,AMEACA,S,1
313420,ITUIUTABA,2025-01-10,1,2025,PERSEGUICAO,S,1
313420,ITUIUTABA,2025-01-11,1,2025,AMEACA,S,1
313420,ITUIUTABA,2025-01-11,1,2025,VIAS DE FATO / AGRESSAO,S,1
313420,ITUIUTABA,2025-01-12,1,2025,AMEACA,S,1
313420,ITUIUTABA,2025-01-13,1,2025,VIAS DE FATO / AGRESSAO,S,1
313420,ITUIUTABA,2025-01-15,1,2025,AMEACA,S,1
313420,ITUIUTABA,2025-01-15,1,2025,FURTO,S,1
313420,ITUIUTABA,2025-01-15,1,2025,OUTRAS ACOES DEFESA SOCIAL,S,1
313420,ITUIUTABA,2025-01-16,1,2025,LESAO CORPORAL,S,1
313420,ITUIUTABA,2025-01-17,1,2025,AMEACA,S,1
313420,ITUIUTABA,2025-01-17,1,2025,LESAO CORPORAL,S,1
313420,ITUIUTABA,2025-01-18,1,2025,AMEACA,S,3
313420,ITUIUTABA,2025-01-18,1,2025,ATEND. DENUNCIA INFRACOES CONTRA MULHER(VIOLENCIA DOMESTICA),S,1
313420,ITUIUTABA,2025-01-18,1,2025,LESAO CORPORAL,S,1
313420,ITUIUTABA,2025-01-19,1,2025,AMEACA,S,2
313420,ITUIUTABA,2025-01-19,1,2025,DANO,S,1
313420,ITUIUTABA,2025-01-20,1,2025,AMEACA,S,2
313420,ITUIUTABA,2025-01-20,1,2025,LESAO CORPORAL,S,1
313420,ITUIUTABA,2025-01-20,1,2025,VIAS DE FATO / AGRESSAO,S,2
313420,ITUIUTABA,2025-01-23,1,2025,AMEACA,S,1
313420,ITUIUTABA,2025-01-24,1,2025,AMEACA,S,1
313420,ITUIUTABA,2025-01-25,1,2025,LESAO CORPORAL,S,1
313420,ITUIUTABA,2025-01-27,1,2025,AMEACA,S,1
313420,ITUIUTABA,2025-01-28,1,2025,VIAS DE FATO / AGRESSAO,S,1
313420,ITUIUTABA,2025-01-29,1,2025,AMEACA,S,2
313420,ITUIUTABA,2025-01-30,1,2025,AMEACA,S,3
313420,ITUIUTABA,2025-01-30,1,2025,LESAO CORPORAL,S,1
313420,ITUIUTABA,2025-02-01,2,2025,VIAS DE FATO / AGRESSAO,S,1
313420,ITUIUTABA,2025-02-02,2,2025,AMEACA,S,3
313420,ITUIUTABA,2025-02-02,2,2025,LESAO CORPORAL,S,1
313420,ITUIUTABA,2025-02-03,2,2025,SUBTRACAO DE INCAPAZES,S,1
313420,ITUIUTABA,2025-02-06,2,2025,AMEACA,S,1
313420,ITUIUTABA,2025-02-07,2,2025,LESAO CORPORAL,S,2
313420,ITUIUTABA,2025-02-07,2,2025,VIAS DE FATO / AGRESSAO,S,1
313420,ITUIUTABA,2025-02-08,2,2025,DANO,S,1
313420,ITUIUTABA,2025-02-08,2,2025,LESAO CORPORAL,S,1
313420,ITUIUTABA,2025-02-09,2,2025,AMEACA,S,1
313420,ITUIUTABA,2025-02-09,2,2025,VIAS DE FATO / AGRESSAO,S,1
313420,ITUIUTABA,2025-02-13,2,2025,AMEACA,S,1
313420,ITUIUTABA,2025-02-13,2,2025,VIAS DE FATO / AGRESSAO,S,1
313420,ITUIUTABA,2025-02-14,2,2025,AMEACA,S,1
313420,ITUIUTABA,2025-02-15,2,2025,AMEACA,S,1
313420,ITUIUTABA,2025-02-15,2,2025,LESAO CORPORAL,S,1
313420,ITUIUTABA,2025-02-16,2,2025,AMEACA,S,1
313420,ITUIUTABA,2025-02-16,2,2025,LESAO CORPORAL,S,1
313420,ITUIUTABA,2025-02-17,2,2025,AMEACA,S,1
313420,ITUIUTABA,2025-02-17,2,2025,LESAO CORPORAL,S,1
313420,ITUIUTABA,2025-02-19,2,2025,AMEACA,S,1
313420,ITUIUTABA,2025-02-19,2,2025,ATEND. DENUNCIA INFRACOES CONTRA MULHER(VIOLENCIA DOMESTICA),S,1
313420,ITUIUTABA,2025-02-20,2,2025,AMEACA,S,1
313420,ITUIUTABA,2025-02-20,2,2025,PERSEGUICAO,S,1
313420,ITUIUTABA,2025-02-21,2,2025,RECUSA/DIFICULTA/NAO ASSISTE IDOSO,S,1
313420,ITUIUTABA,2025-02-22,2,2025,AMEACA,S,1
313420,ITUIUTABA,2025-02-22,2,2025,VIAS DE FATO / AGRESSAO,S,1
313420,ITUIUTABA,2025-02-23,2,2025,AMEACA,S,1
313420,ITUIUTABA,2025-02-23,2,2025,DESCUMPRIMENTO DE MEDIDA PROTETIVA DE URGENCIA,S,1
313420,ITUIUTABA,2025-02-23,2,2025,LESAO CORPORAL,S,1
313420,ITUIUTABA,2025-02-23,2,2025,VIAS DE FATO / AGRESSAO,S,1
313420,ITUIUTABA,2025-02-26,2,2025,AMEACA,S,1
313420,ITUIUTABA,2025-02-28,2,2025,ATEND. DENUNCIA INFRACOES CONTRA MULHER(VIOLENCIA DOMESTICA),S,1
313420,ITUIUTABA,2025-02-28,2,2025,ESTELIONATO,S,1
313420,ITUIUTABA,2025-02-28,2,2025,LESAO CORPORAL,S,1
313420,ITUIUTABA,2025-02-28,2,2025,VIAS DE FATO / AGRESSAO,S,1
313420,ITUIUTABA,2025-03-01,3,2025,AMEACA,S,3
313420,ITUIUTABA,2025-03-01,3,2025,LESAO CORPORAL,S,1
313420,ITUIUTABA,2025-03-01,3,2025,VIAS DE FATO / AGRESSAO,S,1
313420,ITUIUTABA,2025-03-02,3,2025,AMEACA,S,1
313420,ITUIUTABA,2025-03-06,3,2025,VIAS DE FATO / AGRESSAO,S,1
313420,ITUIUTABA,2025-03-08,3,2025,DESCUMPRIMENTO DE MEDIDA PROTETIVA DE URGENCIA,S,1
313420,ITUIUTABA,2025-03-08,3,2025,ESTUPRO,S,1
313420,ITUIUTABA,2025-03-08,3,2025,LESAO CORPORAL,S,1
313420,ITUIUTABA,2025-03-08,3,2025,VIAS DE FATO / AGRESSAO,S,1
313420,ITUIUTABA,2025-03-09,3,2025,AMEACA,S,1
313420,ITUIUTABA,2025-03-09,3,2025,ATEND. DENUNCIA INFRACOES CONTRA MULHER(VIOLENCIA DOMESTICA),S,1
313420,ITUIUTABA,2025-03-09,3,2025,LESAO CORPORAL,S,1
313420,ITUIUTABA,2025-03-09,3,2025,VIAS DE FATO / AGRESSAO,S,1
313420,ITUIUTABA,2025-03-10,3,2025,AMEACA,S,1
313420,ITUIUTABA,2025-03-10,3,2025,APROPRIACAO INDEBITA DE COISA ALHEIA MOVEL,S,1
313420,ITUIUTABA,2025-03-10,3,2025,PERSEGUICAO,S,1
313420,ITUIUTABA,2025-03-10,3,2025,VIAS DE FATO / AGRESSAO,S,1
313420,ITUIUTABA,2025-03-11,3,2025,AMEACA,S,1
313420,ITUIUTABA,2025-03-12,3,2025,AMEACA,S,1
313420,ITUIUTABA,2025-03-12,3,2025,VIAS DE FATO / AGRESSAO,S,1
313420,ITUIUTABA,2025-03-13,3,2025,AMEACA,S,1
313420,ITUIUTABA,2025-03-14,3,2025,AMEACA,S,1
313420,ITUIUTABA,2025-03-14,3,2025,LESAO CORPORAL,S,1
313420,ITUIUTABA,2025-03-15,3,2025,AMEACA,S,2
313420,ITUIUTABA,2025-03-15,3,2025,LESAO CORPORAL,S,1
313420,ITUIUTABA,2025-03-18,3,2025,OUTRAS ACOES DEFESA SOCIAL,S,1
313420,ITUIUTABA,2025-03-19,3,2025,AMEACA,S,1
313420,ITUIUTABA,2025-03-19,3,2025,LESAO CORPORAL,S,3
313420,ITUIUTABA,2025-03-19,3,2025,OUTRAS INFRACOES DEMAIS LEIS ESPECIAIS,S,1
313420,ITUIUTABA,2025-03-21,3,2025,VIAS DE FATO / AGRESSAO,S,1
313420,ITUIUTABA,2025-03-22,3,2025,AMEACA,S,3
313420,ITUIUTABA,2025-03-22,3,2025,DANO,S,1
313420,ITUIUTABA,2025-03-22,3,2025,VIAS DE FATO / AGRESSAO,S,2
313420,ITUIUTABA,2025-03-23,3,2025,AMEACA,S,1
313420,ITUIUTABA,2025-03-23,3,2025,ESTUPRO DE VULNERAVEL,N,1
313420,ITUIUTABA,2025-03-23,3,2025,FURTO,S,1
313420,ITUIUTABA,2025-03-23,3,2025,LESAO CORPORAL,S,1
313420,ITUIUTABA,2025-03-24,3,2025,PERSEGUICAO,S,2
313420,ITUIUTABA,2025-03-25,3,2025,FURTO,S,1
313420,ITUIUTABA,2025-03-25,3,2025,INVASAO DE DISPOSITIVO INFORMATICO,S,1
313420,ITUIUTABA,2025-03-25,3,2025,OUTRAS ACOES DEFESA SOCIAL,S,1
313420,ITUIUTABA,2025-03-25,3,2025,OUTRAS INFRACOES CONTRA O PATRIMONIO,S,1
313420,ITUIUTABA,2025-03-26,3,2025,AMEACA,S,2
313420,ITUIUTABA,2025-03-26,3,2025,VIAS DE FATO / AGRESSAO,S,1
313420,ITUIUTABA,2025-03-27,3,2025,ATEND. DENUNCIA INFRACOES CONTRA MULHER(VIOLENCIA DOMESTICA),S,1
313420,ITUIUTABA,2025-03-28,3,2025,DIFAMACAO,S,1
313420,ITUIUTABA,2025-03-29,3,2025,CONSTRANGIMENTO ILEGAL,S,1
313420,ITUIUTABA,2025-03-29,3,2025,LESAO CORPORAL,S,1
313420,ITUIUTABA,2025-03-30,3,2025,AMEACA,N,1
313420,ITUIUTABA,2025-03-30,3,2025,LESAO CORPORAL,S,1
313420,ITUIUTABA,2025-03-31,3,2025,AMEACA,S,1
313420,ITUIUTABA,2025-03-31,3,2025,OUTROS INFRACOES C/ A PESSOA,S,1
313420,ITUIUTABA,2025-04-01,4,2025,LESAO CORPORAL,S,1
313420,ITUIUTABA,2025-04-04,4,2025,USO E CONSUMO DE DROGAS,S,1
313420,ITUIUTABA,2025-04-04,4,2025,VIAS DE FATO / AGRESSAO,S,1
313420,ITUIUTABA,2025-04-05,4,2025,ATEND. DENUNCIA INFRACOES CONTRA MULHER(VIOLENCIA DOMESTICA),S,1
313420,ITUIUTABA,2025-04-06,4,2025,AMEACA,S,2
313420,ITUIUTABA,2025-04-06,4,2025,DESCUMPRIMENTO DE MEDIDA PROTETIVA DE URGENCIA,S,1
313420,ITUIUTABA,2025-04-06,4,2025,LESAO CORPORAL,S,1
313420,ITUIUTABA,2025-04-06,4,2025,VIAS DE FATO / AGRESSAO,S,2
313420,ITUIUTABA,2025-04-07,4,2025,AMEACA,S,2
313420,ITUIUTABA,2025-04-07,4,2025,VIAS DE FATO / AGRESSAO,S,1
313420,ITUIUTABA,2025-04-08,4,2025,LESAO CORPORAL,S,1
313420,ITUIUTABA,2025-04-08,4,2025,OUTRAS ACOES DEFESA SOCIAL,S,1
313420,ITUIUTABA,2025-04-09,4,2025,FURTO,S,1
313420,ITUIUTABA,2025-04-09,4,2025,OUTRAS ACOES DEFESA SOCIAL,S,1
313420,ITUIUTABA,2025-04-10,4,2025,AMEACA,S,2
313420,ITUIUTABA,2025-04-10,4,2025,VIAS DE FATO / AGRESSAO,S,1
313420,ITUIUTABA,2025-04-12,4,2025,LESAO CORPORAL,S,1
313420,ITUIUTABA,2025-04-13,4,2025,AMEACA,S,3
313420,ITUIUTABA,2025-04-13,4,2025,LESAO CORPORAL,S,1
313420,ITUIUTABA,2025-04-13,4,2025,VIAS DE FATO / AGRESSAO,S,1
313420,ITUIUTABA,2025-04-14,4,2025,AMEACA,S,1
313420,ITUIUTABA,2025-04-14,4,2025,ATEND. DENUNCIA INFRACOES CONTRA MULHER(VIOLENCIA DOMESTICA),S,1
313420,ITUIUTABA,2025-04-14,4,2025,LESAO CORPORAL,S,1
313420,ITUIUTABA,2025-04-14,4,2025,VIAS DE FATO / AGRESSAO,S,1
313420,ITUIUTABA,2025-04-15,4,2025,AMEACA,S,3
313420,ITUIUTABA,2025-04-17,4,2025,APROPRIACAO INDEBITA DE COISA ALHEIA MOVEL,S,1
313420,ITUIUTABA,2025-04-17,4,2025,OUTRAS ACOES DEFESA SOCIAL,S,1
313420,ITUIUTABA,2025-04-18,4,2025,AMEACA,S,1
313420,ITUIUTABA,2025-04-19,4,2025,AMEACA,S,1
313420,ITUIUTABA,2025-04-21,4,2025,AMEACA,S,1
313420,ITUIUTABA,2025-04-21,4,2025,LESAO CORPORAL,S,2
313420,ITUIUTABA,2025-04-22,4,2025,AMEACA,S,1
313420,ITUIUTABA,2025-04-22,4,2025,ATEND. DENUNCIA INFRACOES CONTRA MULHER(VIOLENCIA DOMESTICA),S,1
313420,ITUIUTABA,2025-04-22,4,2025,PERSEGUICAO,S,1
313420,ITUIUTABA,2025-04-23,4,2025,AMEACA,S,1
313420,ITUIUTABA,2025-04-23,4,2025,VIAS DE FATO / AGRESSAO,S,1
313420,ITUIUTABA,2025-04-24,4,2025,OUTRAS ACOES DEFESA SOCIAL,S,1
313420,ITUIUTABA,2025-04-24,4,2025,OUTROS INFRACOES C/ A PESSOA,S,1
313420,ITUIUTABA,2025-04-25,4,2025,AMEACA,S,1
313420,ITUIUTABA,2025-04-25,4,2025,VIAS DE FATO / AGRESSAO,S,1
313420,ITUIUTABA,2025-04-26,4,2025,LESAO CORPORAL,S,1
313420,ITUIUTABA,2025-04-27,4,2025,AMEACA,S,1
313420,ITUIUTABA,2025-04-27,4,2025,ATEND. DENUNCIA INFRACOES CONTRA MULHER(VIOLENCIA DOMESTICA),S,1
313420,ITUIUTABA,2025-04-28,4,2025,AMEACA,S,2
313420,ITUIUTABA,2025-04-28,4,2025,DESCUMPRIMENTO DE MEDIDA PROTETIVA DE URGENCIA,S,2
313420,ITUIUTABA,2025-04-29,4,2025,AMEACA,S,1
313420,ITUIUTABA,2025-04-30,4,2025,AMEACA,S,2
313420,ITUIUTABA,2025-05-01,5,2025,AMEACA,S,2
313420,ITUIUTABA,2025-05-01,5,2025,VIAS DE FATO / AGRESSAO,S,1
313420,ITUIUTABA,2025-05-02,5,2025,FURTO,S,1
313420,ITUIUTABA,2025-05-03,5,2025,AMEACA,S,1
313420,ITUIUTABA,2025-05-03,5,2025,LESAO CORPORAL,S,2
313420,ITUIUTABA,2025-05-04,5,2025,AMEACA,S,1
313420,ITUIUTABA,2025-05-04,5,2025,ATEND. DENUNCIA INFRACOES CONTRA MULHER(VIOLENCIA DOMESTICA),S,1
313420,ITUIUTABA,2025-05-05,5,2025,VIAS DE FATO / AGRESSAO,S,1
313420,ITUIUTABA,2025-05-06,5,2025,VIAS DE FATO / AGRESSAO,S,1
313420,ITUIUTABA,2025-05-07,5,2025,AMEACA,S,1
313420,ITUIUTABA,2025-05-08,5,2025,AMEACA,S,2
313420,ITUIUTABA,2025-05-08,5,2025,OUTROS INFRACOES C/ A PESSOA,S,1
313420,ITUIUTABA,2025-05-09,5,2025,AMEACA,S,1
313420,ITUIUTABA,2025-05-09,5,2025,VIAS DE FATO / AGRESSAO,S,1
313420,ITUIUTABA,2025-05-10,5,2025,AMEACA,S,2
313420,ITUIUTABA,2025-05-10,5,2025,LESAO CORPORAL,S,2
313420,ITUIUTABA,2025-05-10,5,2025,VIAS DE FATO / AGRESSAO,S,1
313420,ITUIUTABA,2025-05-11,5,2025,AMEACA,S,1
313420,ITUIUTABA,2025-05-12,5,2025,PERSEGUICAO,S,1
313420,ITUIUTABA,2025-05-13,5,2025,AMEACA,S,2
313420,ITUIUTABA,2025-05-13,5,2025,APROPRIACAO INDEBITA DE COISA ALHEIA MOVEL,S,1
313420,ITUIUTABA,2025-05-13,5,2025,VIAS DE FATO / AGRESSAO,S,1
313420,ITUIUTABA,2025-05-15,5,2025,VIAS DE FATO / AGRESSAO,S,1
313420,ITUIUTABA,2025-05-16,5,2025,ATRITO VERBAL,S,1
313420,ITUIUTABA,2025-05-16,5,2025,VIAS DE FATO / AGRESSAO,S,1
313420,ITUIUTABA,2025-05-17,5,2025,AMEACA,S,3
313420,ITUIUTABA,2025-05-17,5,2025,VIAS DE FATO / AGRESSAO,S,1
313420,ITUIUTABA,2025-05-18,5,2025,AMEACA,S,1
313420,ITUIUTABA,2025-05-18,5,2025,LESAO CORPORAL,S,1
313420,ITUIUTABA,2025-05-20,5,2025,ATRITO VERBAL,S,1
313420,ITUIUTABA,2025-05-20,5,2025,OUTROS INFRACOES C/ A PESSOA,S,1
313420,ITUIUTABA,2025-05-21,5,2025,OUTROS INFRACOES C/ A PESSOA,S,1
313420,ITUIUTABA,2025-05-22,5,2025,LESAO CORPORAL,S,1
313420,ITUIUTABA,2025-05-23,5,2025,AMEACA,S,1
313420,ITUIUTABA,2025-05-23,5,2025,VIAS DE FATO / AGRESSAO,S,1
313420,ITUIUTABA,2025-05-25,5,2025,AMEACA,S,2
313420,ITUIUTABA,2025-05-25,5,2025,VIOLACAO DE DOMICILIO,S,1
313420,ITUIUTABA,2025-05-26,5,2025,AMEACA,S,1
313420,ITUIUTABA,2025-05-27,5,2025,AMEACA,S,1
313420,ITUIUTABA,2025-05-28,5,2025,PERSEGUICAO,S,1
313420,ITUIUTABA,2025-05-29,5,2025,AMEACA,S,1
313420,ITUIUTABA,2025-05-30,5,2025,VIAS DE FATO / AGRESSAO,S,1
313420,ITUIUTABA,2025-06-01,6,2025,AMEACA,S,2
313420,ITUIUTABA,2025-06-01,6,2025,OUTRAS ACOES DEFESA SOCIAL,S,1
313420,ITUIUTABA,2025-06-01,6,2025,PERTURBACAO DO TRABALHO OU DO SOSSEGO ALHEIOS,S,1
313420,ITUIUTABA,2025-06-02,6,2025,AMEACA,S,3
313420,ITUIUTABA,2025-06-02,6,2025,LESAO CORPORAL,S,1
313420,ITUIUTABA,2025-06-03,6,2025,LESAO CORPORAL,S,2
313420,ITUIUTABA,2025-06-03,6,2025,VIAS DE FATO / AGRESSAO,S,1
313420,ITUIUTABA,2025-06-04,6,2025,"CUMPRIMENTO DE BUSCA E APREENSAO DE OBJETOS, PES ..",S,1
313420,ITUIUTABA,2025-06-05,6,2025,LESAO CORPORAL,S,1
313420,ITUIUTABA,2025-06-06,6,2025,AMEACA,S,1
313420,ITUIUTABA,2025-06-07,6,2025,AMEACA,S,1
313420,ITUIUTABA,2025-06-08,6,2025,AMEACA,S,1
313420,ITUIUTABA,2025-06-08,6,2025,ESTUPRO DE VULNERAVEL,S,1
313420,ITUIUTABA,2025-06-08,6,2025,OUTRAS INFRACOES CONTRA DIGNIDADE SEXUAL E A FAMILIA,N,1
313420,ITUIUTABA,2025-06-08,6,2025,VIAS DE FATO / AGRESSAO,S,1
313420,ITUIUTABA,2025-06-09,6,2025,AMEACA,S,1
313420,ITUIUTABA,2025-06-09,6,2025,INJURIA,S,1
313420,ITUIUTABA,2025-06-11,6,2025,AMEACA,N,2
313420,ITUIUTABA,2025-06-11,6,2025,LESAO CORPORAL,S,2
313420,ITUIUTABA,2025-06-12,6,2025,AMEACA,S,1
313420,ITUIUTABA,2025-06-14,6,2025,AMEACA,S,1
313420,ITUIUTABA,2025-06-14,6,2025,LESAO CORPORAL,S,1
313420,ITUIUTABA,2025-06-15,6,2025,DIFAMACAO,S,1
313420,ITUIUTABA,2025-06-15,6,2025,LESAO CORPORAL,S,1
313420,ITUIUTABA,2025-06-16,6,2025,DESCUMPRIMENTO DE MEDIDA PROTETIVA DE URGENCIA,S,1
313420,ITUIUTABA,2025-06-16,6,2025,VIAS DE FATO / AGRESSAO,S,1
313420,ITUIUTABA,2025-06-20,6,2025,AMEACA,S,1
313420,ITUIUTABA,2025-06-21,6,2025,AMEACA,S,1
313420,ITUIUTABA,2025-06-21,6,2025,VIAS DE FATO / AGRESSAO,S,1
313420,ITUIUTABA,2025-06-22,6,2025,LESAO CORPORAL,S,3
313420,ITUIUTABA,2025-06-25,6,2025,AMEACA,S,1
313420,ITUIUTABA,2025-06-25,6,2025,LESAO CORPORAL,S,1
313420,ITUIUTABA,2025-06-26,6,2025,DESCUMPRIMENTO DE MEDIDA PROTETIVA DE URGENCIA,S,2
313420,ITUIUTABA,2025-06-29,6,2025,AMEACA,N,1
313420,ITUIUTABA,2025-06-29,6,2025,AMEACA,S,2
313420,ITUIUTABA,2025-07-02,7,2025,AMEACA,S,1
313420,ITUIUTABA,2025-07-03,7,2025,AMEACA,S,2
313420,ITUIUTABA,2025-07-03,7,2025,ATEND. DENUNCIA INFRACOES CONTRA MULHER(VIOLENCIA DOMESTICA),S,1
313420,ITUIUTABA,2025-07-03,7,2025,VIAS DE FATO / AGRESSAO,S,1
313420,ITUIUTABA,2025-07-05,7,2025,AMEACA,S,1
313420,ITUIUTABA,2025-07-05,7,2025,ATEND. DENUNCIA INFRACOES CONTRA MULHER(VIOLENCIA DOMESTICA),S,1
313420,ITUIUTABA,2025-07-06,7,2025,DANO,S,1
313420,ITUIUTABA,2025-07-06,7,2025,LESAO CORPORAL,S,1
313420,ITUIUTABA,2025-07-06,7,2025,OUTRAS ACOES DEFESA SOCIAL,S,1
313420,ITUIUTABA,2025-07-07,7,2025,AMEACA,S,1
313420,ITUIUTABA,2025-07-07,7,2025,LESAO CORPORAL,S,1
313420,ITUIUTABA,2025-07-07,7,2025,VIAS DE FATO / AGRESSAO,S,1
313420,ITUIUTABA,2025-07-08,7,2025,LESAO CORPORAL,S,2
313420,ITUIUTABA,2025-07-09,7,2025,CALUNIA,S,1
313420,ITUIUTABA,2025-07-09,7,2025,OUTROS INFRACOES C/ A PESSOA,S,1
313420,ITUIUTABA,2025-07-09,7,2025,VIAS DE FATO / AGRESSAO,S,1
313420,ITUIUTABA,2025-07-10,7,2025,AMEACA,S,1
313420,ITUIUTABA,2025-07-10,7,2025,VIOLACAO DE DOMICILIO,S,1
313420,ITUIUTABA,2025-07-11,7,2025,LESAO CORPORAL,S,1
313420,ITUIUTABA,2025-07-12,7,2025,AMEACA,S,1
313420,ITUIUTABA,2025-07-14,7,2025,LESAO CORPORAL,S,1
313420,ITUIUTABA,2025-07-15,7,2025,DIFAMACAO,S,1
313420,ITUIUTABA,2025-07-17,7,2025,AMEACA,S,1
313420,ITUIUTABA,2025-07-17,7,2025,DESCUMPRIMENTO DE MEDIDA PROTETIVA DE URGENCIA,S,1
313420,ITUIUTABA,2025-07-17,7,2025,OUTRAS ACOES DEFESA SOCIAL,S,1
313420,ITUIUTABA,2025-07-18,7,2025,LESAO CORPORAL,S,1
313420,ITUIUTABA,2025-07-19,7,2025,DESCUMPRIMENTO DE MEDIDA PROTETIVA DE URGENCIA,S,1
313420,ITUIUTABA,2025-07-19,7,2025,LESAO CORPORAL,S,2
313420,ITUIUTABA,2025-07-20,7,2025,LESAO CORPORAL,S,2
313420,ITUIUTABA,2025-07-20,7,2025,VIOLACAO DE DOMICILIO,S,1
313420,ITUIUTABA,2025-07-21,7,2025,AMEACA,S,2
313420,ITUIUTABA,2025-07-22,7,2025,OUTROS INFRACOES C/ A PESSOA,S,1
313420,ITUIUTABA,2025-07-22,7,2025,VIAS DE FATO / AGRESSAO,S,1
313420,ITUIUTABA,2025-07-24,7,2025,LESAO CORPORAL,S,1
313420,ITUIUTABA,2025-07-24,7,2025,VIAS DE FATO / AGRESSAO,S,1
313420,ITUIUTABA,2025-07-27,7,2025,AMEACA,S,1
313420,ITUIUTABA,2025-07-31,7,2025,DESCUMPRIMENTO DE MEDIDA PROTETIVA DE URGENCIA,S,1
313420,ITUIUTABA,2025-07-31,7,2025,VIAS DE FATO / AGRESSAO,S,1
313420,ITUIUTABA,2025-08-01,8,2025,VIAS DE FATO / AGRESSAO,S,1
313420,ITUIUTABA,2025-08-02,8,2025,AMEACA,S,1
313420,ITUIUTABA,2025-08-03,8,2025,LESAO CORPORAL,S,1
313420,ITUIUTABA,2025-08-04,8,2025,AMEACA,S,2
313420,ITUIUTABA,2025-08-05,8,2025,LESAO CORPORAL,S,2
313420,ITUIUTABA,2025-08-07,8,2025,AMEACA,S,1
313420,ITUIUTABA,2025-08-07,8,2025,LESAO CORPORAL,S,1
313420,ITUIUTABA,2025-08-09,8,2025,LESAO CORPORAL,S,5
313420,ITUIUTABA,2025-08-09,8,2025,PERTURBACAO DO TRABALHO OU DO SOSSEGO ALHEIOS,S,1
313420,ITUIUTABA,2025-08-10,8,2025,AMEACA,S,2
313420,ITUIUTABA,2025-08-10,8,2025,LESAO CORPORAL,S,2
313420,ITUIUTABA,2025-08-11,8,2025,LESAO CORPORAL,S,1
313420,ITUIUTABA,2025-08-13,8,2025,OUTRAS ACOES DEFESA SOCIAL,S,1
313420,ITUIUTABA,2025-08-16,8,2025,AMEACA,S,3
313420,ITUIUTABA,2025-08-17,8,2025,AMEACA,S,1
313420,ITUIUTABA,2025-08-17,8,2025,LESAO CORPORAL,S,2
313420,ITUIUTABA,2025-08-18,8,2025,AMEACA,S,1
313420,ITUIUTABA,2025-08-19,8,2025,AMEACA,S,1
313420,ITUIUTABA,2025-08-19,8,2025,ATEND. DENUNCIA INFRACOES CONTRA MULHER(VIOLENCIA DOMESTICA),S,1
313420,ITUIUTABA,2025-08-19,8,2025,OUTRAS ACOES DEFESA SOCIAL,S,1
313420,ITUIUTABA,2025-08-19,8,2025,VIAS DE FATO / AGRESSAO,S,1
313420,ITUIUTABA,2025-08-20,8,2025,AMEACA,S,1
313420,ITUIUTABA,2025-08-20,8,2025,CALUNIA,S,1
313420,ITUIUTABA,2025-08-20,8,2025,VIAS DE FATO / AGRESSAO,S,1
313420,ITUIUTABA,2025-08-23,8,2025,LESAO CORPORAL,S,1
313420,ITUIUTABA,2025-08-24,8,2025,AMEACA,S,2
313420,ITUIUTABA,2025-08-24,8,2025,VIAS DE FATO / AGRESSAO,S,3
313420,ITUIUTABA,2025-08-26,8,2025,ATEND. DENUNCIA INFRACOES CONTRA MULHER(VIOLENCIA DOMESTICA),S,2
313420,ITUIUTABA,2025-08-26,8,2025,PERSEGUICAO,S,1
313420,ITUIUTABA,2025-08-26,8,2025,VIAS DE FATO / AGRESSAO,S,1
313420,ITUIUTABA,2025-08-27,8,2025,AMEACA,S,2
313420,ITUIUTABA,2025-08-27,8,2025,PERSEGUICAO,S,1
313420,ITUIUTABA,2025-08-28,8,2025,AMEACA,S,2
313420,ITUIUTABA,2025-08-28,8,2025,LESAO CORPORAL,S,1
313420,ITUIUTABA,2025-08-30,8,2025,ATEND. DENUNCIA INFRACOES CONTRA MULHER(VIOLENCIA DOMESTICA),S,1
313420,ITUIUTABA,2025-08-30,8,2025,LESAO CORPORAL,S,1
313420,ITUIUTABA,2025-08-30,8,2025,VIAS DE FATO / AGRESSAO,S,1
313420,ITUIUTABA,2025-08-31,8,2025,AMEACA,S,1
313420,ITUIUTABA,2025-08-31,8,2025,DESCUMPRIMENTO DE MEDIDA PROTETIVA DE URGENCIA,S,1
313420,ITUIUTABA,2025-08-31,8,2025,VIAS DE FATO / AGRESSAO,S,1
313420,ITUIUTABA,2025-09-02,9,2025,AMEACA,S,3
313420,ITUIUTABA,2025-09-04,9,2025,INJURIA,S,1
313420,ITUIUTABA,2025-09-04,9,2025,VIAS DE FATO / AGRESSAO,S,1
313420,ITUIUTABA,2025-09-05,9,2025,DESCUMPRIMENTO DE MEDIDA PROTETIVA DE URGENCIA,S,1
313420,ITUIUTABA,2025-09-06,9,2025,LESAO CORPORAL,S,1
313420,ITUIUTABA,2025-09-07,9,2025,AMEACA,S,2
313420,ITUIUTABA,2025-09-07,9,2025,LESAO CORPORAL,S,1
313420,ITUIUTABA,2025-09-07,9,2025,PERSEGUICAO,S,1
313420,ITUIUTABA,2025-09-07,9,2025,VIAS DE FATO / AGRESSAO,S,4
313420,ITUIUTABA,2025-09-08,9,2025,AMEACA,S,1
313420,ITUIUTABA,2025-09-08,9,2025,VIAS DE FATO / AGRESSAO,S,2
313420,ITUIUTABA,2025-09-09,9,2025,AMEACA,S,2
313420,ITUIUTABA,2025-09-09,9,2025,VIAS DE FATO / AGRESSAO,S,1
313420,ITUIUTABA,2025-09-10,9,2025,OUTRAS ACOES DEFESA SOCIAL,S,1
313420,ITUIUTABA,2025-09-12,9,2025,AMEACA,S,1
313420,ITUIUTABA,2025-09-12,9,2025,ATEND. DENUNCIA INFRACOES CONTRA MULHER(VIOLENCIA DOMESTICA),S,1
313420,ITUIUTABA,2025-09-12,9,2025,VIAS DE FATO / AGRESSAO,S,1
313420,ITUIUTABA,2025-09-13,9,2025,ATRITO VERBAL,S,1
313420,ITUIUTABA,2025-09-13,9,2025,OUTROS INFRACOES C/ A PESSOA,S,1
313420,ITUIUTABA,2025-09-14,9,2025,AMEACA,S,1
313420,ITUIUTABA,2025-09-14,9,2025,LESAO CORPORAL,S,1
313420,ITUIUTABA,2025-09-15,9,2025,OUTROS INFRACOES C/ A PESSOA,S,1
313420,ITUIUTABA,2025-09-16,9,2025,LESAO CORPORAL,S,1
313420,ITUIUTABA,2025-09-17,9,2025,LESAO CORPORAL,S,2
313420,ITUIUTABA,2025-09-19,9,2025,DESCUMPRIMENTO DE MEDIDA PROTETIVA DE URGENCIA,S,1
313420,ITUIUTABA,2025-09-20,9,2025,AMEACA,S,1
313420,ITUIUTABA,2025-09-20,9,2025,ATEND. DENUNCIA INFRACOES CONTRA MULHER(VIOLENCIA DOMESTICA),S,1
313420,ITUIUTABA,2025-09-22,9,2025,AMEACA,S,1
313420,ITUIUTABA,2025-09-22,9,2025,LESAO CORPORAL,S,1
313420,ITUIUTABA,2025-09-25,9,2025,DESCUMPRIMENTO DE MEDIDA PROTETIVA DE URGENCIA,S,2
313420,ITUIUTABA,2025-09-25,9,2025,LESAO CORPORAL,S,2
313420,ITUIUTABA,2025-09-27,9,2025,DESCUMPRIMENTO DE MEDIDA PROTETIVA DE URGENCIA,S,1
313420,ITUIUTABA,2025-09-27,9,2025,LESAO CORPORAL,S,1
313420,ITUIUTABA,2025-09-28,9,2025,AMEACA,S,2
313420,ITUIUTABA,2025-09-28,9,2025,APROPRIACAO INDEBITA DE COISA ALHEIA MOVEL,S,1
313420,ITUIUTABA,2025-09-28,9,2025,LESAO CORPORAL,S,1
313420,ITUIUTABA,2025-09-29,9,2025,AMEACA,S,1
313420,ITUIUTABA,2025-09-29,9,2025,DESCUMPRIMENTO DE MEDIDA PROTETIVA DE URGENCIA,S,2
313420,ITUIUTABA,2025-09-29,9,2025,LESAO CORPORAL,S,2
313420,ITUIUTABA,2025-09-30,9,2025,AMEACA,S,1
313420,ITUIUTABA,2025-10-01,10,2025,AMEACA,S,2
313420,ITUIUTABA,2025-10-01,10,2025,OUTROS INFRACOES C/ A PESSOA,S,3
313420,ITUIUTABA,2025-10-02,10,2025,OUTROS INFRACOES C/ A PESSOA,S,1
313420,ITUIUTABA,2025-10-04,10,2025,AMEACA,S,2
313420,ITUIUTABA,2025-10-04,10,2025,LESAO CORPORAL,S,1
313420,ITUIUTABA,2025-10-04,10,2025,VIAS DE FATO / AGRESSAO,S,1
313420,ITUIUTABA,2025-10-06,10,2025,AMEACA,S,1
313420,ITUIUTABA,2025-10-06,10,2025,CALUNIA,S,1
313420,ITUIUTABA,2025-10-06,10,2025,OUTRAS ACOES DEFESA SOCIAL,S,1
313420,ITUIUTABA,2025-10-06,10,2025,OUTROS INFRACOES C/ A PESSOA,S,1
313420,ITUIUTABA,2025-10-06,10,2025,VIOLENCIA PSICOLOGICA,S,1
313420,ITUIUTABA,2025-10-07,10,2025,AMEACA,S,4
313420,ITUIUTABA,2025-10-07,10,2025,LESAO CORPORAL,S,1
313420,ITUIUTABA,2025-10-07,10,2025,OUTROS INFRACOES C/ A PESSOA,S,1
313420,ITUIUTABA,2025-10-08,10,2025,DESCUMPRIMENTO DE MEDIDA PROTETIVA DE URGENCIA,S,1
313420,ITUIUTABA,2025-10-08,10,2025,OUTROS INFRACOES C/ A PESSOA,S,2
313420,ITUIUTABA,2025-10-09,10,2025,ATEND. DENUNCIA INFRACOES CONTRA MULHER(VIOLENCIA DOMESTICA),S,1
313420,ITUIUTABA,2025-10-09,10,2025,OUTRAS INFRACOES CONTRA DIGNIDADE SEXUAL E A FAMILIA,S,1
313420,ITUIUTABA,2025-10-09,10,2025,OUTROS INFRACOES C/ A PESSOA,S,1
313420,ITUIUTABA,2025-10-10,10,2025,AMEACA,S,1
313420,ITUIUTABA,2025-10-10,10,2025,DESCUMPRIMENTO DE MEDIDA PROTETIVA DE URGENCIA,S,1
313420,ITUIUTABA,2025-10-10,10,2025,LESAO CORPORAL,S,1
313420,ITUIUTABA,2025-10-10,10,2025,OUTROS INFRACOES C/ A PESSOA,S,1
313420,ITUIUTABA,2025-10-12,10,2025,LESAO CORPORAL,S,1
313420,ITUIUTABA,2025-10-13,10,2025,AMEACA,S,1
313420,ITUIUTABA,2025-10-13,10,2025,LESAO CORPORAL,S,1
313420,ITUIUTABA,2025-10-14,10,2025,VIAS DE FATO / AGRESSAO,S,1
313420,ITUIUTABA,2025-10-15,10,2025,LESAO CORPORAL,S,2
313420,ITUIUTABA,2025-10-18,10,2025,AMEACA,S,1
313420,ITUIUTABA,2025-10-18,10,2025,LESAO CORPORAL,S,1
313420,ITUIUTABA,2025-10-18,10,2025,OUTROS INFRACOES C/ A PESSOA,S,1
313420,ITUIUTABA,2025-10-18,10,2025,VIAS DE FATO / AGRESSAO,S,1
313420,ITUIUTABA,2025-10-21,10,2025,OUTROS INFRACOES C/ A PESSOA,S,1
313420,ITUIUTABA,2025-10-22,10,2025,LESAO CORPORAL,S,1
313420,ITUIUTABA,2025-10-23,10,2025,LESAO CORPORAL,S,1
313420,ITUIUTABA,2025-10-23,10,2025,OUTROS INFRACOES C/ A PESSOA,S,1
313420,ITUIUTABA,2025-10-24,10,2025,AMEACA,S,2
313420,ITUIUTABA,2025-10-25,10,2025,AMEACA,S,2
313420,ITUIUTABA,2025-10-26,10,2025,AMEACA,S,1
313420,ITUIUTABA,2025-10-27,10,2025,AMEACA,S,1
313420,ITUIUTABA,2025-10-29,10,2025,OUTRAS INFRACOES CONTRA O PATRIMONIO,S,1
313420,ITUIUTABA,2025-10-30,10,2025,VIAS DE FATO / AGRESSAO,S,1
313420,ITUIUTABA,2025-10-31,10,2025,ABANDONO DE INCAPAZ,S,1
313420,ITUIUTABA,2025-10-31,10,2025,DESCUMPRIMENTO DE MEDIDA PROTETIVA DE URGENCIA,S,1
313420,ITUIUTABA,2025-10-31,10,2025,OUTROS INFRACOES C/ A PESSOA,S,1
313420,ITUIUTABA,2025-11-01,11,2025,AMEACA,S,1
313420,ITUIUTABA,2025-11-01,11,2025,INJURIA,S,1
313420,ITUIUTABA,2025-11-01,11,2025,LESAO CORPORAL,S,1
313420,ITUIUTABA,2025-11-02,11,2025,AMEACA,S,2
313420,ITUIUTABA,2025-11-02,11,2025,DESCUMPRIMENTO DE MEDIDA PROTETIVA DE URGENCIA,S,1
313420,ITUIUTABA,2025-11-02,11,2025,LESAO CORPORAL,S,4
313420,ITUIUTABA,2025-11-02,11,2025,OUTRAS ACOES DEFESA SOCIAL,S,1
313420,ITUIUTABA,2025-11-02,11,2025,OUTROS INFRACOES C/ A PESSOA,S,1
313420,ITUIUTABA,2025-11-02,11,2025,VIAS DE FATO / AGRESSAO,S,1
313420,ITUIUTABA,2025-11-03,11,2025,OUTROS INFRACOES C/ A PESSOA,S,1
313420,ITUIUTABA,2025-11-03,11,2025,VIAS DE FATO / AGRESSAO,S,1
313420,ITUIUTABA,2025-11-04,11,2025,OUTRAS ACOES DEFESA SOCIAL,S,1
313420,ITUIUTABA,2025-11-05,11,2025,DESOBEDECE ORDEM JUDICIAL (PERDA/SUS DIREITO),S,1
313420,ITUIUTABA,2025-11-07,11,2025,PRATICAR DANO,S,1
313420,ITUIUTABA,2025-11-08,11,2025,AMEACA,S,1
313420,ITUIUTABA,2025-11-08,11,2025,LESAO CORPORAL,S,1
313420,ITUIUTABA,2025-11-09,11,2025,LESAO CORPORAL,S,1
313420,ITUIUTABA,2025-11-09,11,2025,VIAS DE FATO / AGRESSAO,S,1
313420,ITUIUTABA,2025-11-10,11,2025,AMEACA,S,1
313420,ITUIUTABA,2025-11-10,11,2025,ATRITO VERBAL,S,1
313420,ITUIUTABA,2025-11-10,11,2025,LESAO CORPORAL,S,1
313420,ITUIUTABA,2025-11-10,11,2025,OUTROS INFRACOES C/ A PESSOA,S,1
313420,ITUIUTABA,2025-11-11,11,2025,AMEACA,S,1
313420,ITUIUTABA,2025-11-11,11,2025,LESAO CORPORAL,S,1
313420,ITUIUTABA,2025-11-12,11,2025,CALUNIA,S,1
313420,ITUIUTABA,2025-11-12,11,2025,PERSEGUICAO,S,1
313420,ITUIUTABA,2025-11-13,11,2025,AMEACA,S,1
313420,ITUIUTABA,2025-11-14,11,2025,AMEACA,S,1
313420,ITUIUTABA,2025-11-14,11,2025,CALUNIA,S,1
313420,ITUIUTABA,2025-11-14,11,2025,LESAO CORPORAL,S,1
313420,ITUIUTABA,2025-11-14,11,2025,OUTROS INFRACOES C/ A PESSOA,S,1
313420,ITUIUTABA,2025-11-14,11,2025,VIAS DE FATO / AGRESSAO,S,1
313420,ITUIUTABA,2025-11-16,11,2025,AMEACA,S,3
313420,ITUIUTABA,2025-11-16,11,2025,OUTROS INFRACOES C/ A PESSOA,S,1
313420,ITUIUTABA,2025-11-18,11,2025,AMEACA,S,2
313420,ITUIUTABA,2025-11-19,11,2025,AMEACA,S,1
313420,ITUIUTABA,2025-11-19,11,2025,LESAO CORPORAL,S,2
313420,ITUIUTABA,2025-11-20,11,2025,AMEACA,S,1
313420,ITUIUTABA,2025-11-21,11,2025,AMEACA,S,1
313420,ITUIUTABA,2025-11-21,11,2025,LESAO CORPORAL,S,1
313420,ITUIUTABA,2025-11-22,11,2025,AMEACA,S,1
313420,ITUIUTABA,2025-11-23,11,2025,DESCUMPRIMENTO DE MEDIDA PROTETIVA DE URGENCIA,S,1
313420,ITUIUTABA,2025-11-23,11,2025,LESAO CORPORAL,S,1
313420,ITUIUTABA,2025-11-23,11,2025,OUTROS INFRACOES C/ A PESSOA,S,1
313420,ITUIUTABA,2025-11-23,11,2025,VIAS DE FATO / AGRESSAO,S,3
313420,ITUIUTABA,2025-11-24,11,2025,LESAO CORPORAL,S,1
313420,ITUIUTABA,2025-11-24,11,2025,OUTROS INFRACOES C/ A PESSOA,S,1
313420,ITUIUTABA,2025-11-25,11,2025,VIAS DE FATO / AGRESSAO,S,1
313420,ITUIUTABA,2025-11-27,11,2025,ATEND. DENUNCIA INFRACOES CONTRA MULHER(VIOLENCIA DOMESTICA),S,1
313420,ITUIUTABA,2025-11-27,11,2025,DESCUMPRIMENTO DE MEDIDA PROTETIVA DE URGENCIA,S,1
313420,ITUIUTABA,2025-11-27,11,2025,LESAO CORPORAL,S,1
313420,ITUIUTABA,2025-11-28,11,2025,AMEACA,S,1
313420,ITUIUTABA,2025-11-29,11,2025,LESAO CORPORAL,S,1
313420,ITUIUTABA,2025-11-29,11,2025,VIAS DE FATO / AGRESSAO,S,2
313420,ITUIUTABA,2025-11-30,11,2025,OUTRAS ACOES DEFESA SOCIAL,S,1
313420,ITUIUTABA,2025-12-01,12,2025,DISPARO DE ARMA DE FOGO/ACIONAM DE MUNICAO,S,1
313420,ITUIUTABA,2025-12-01,12,2025,HOMICIDIO,N,1
313420,ITUIUTABA,2025-12-01,12,2025,OUTRAS ACOES DEFESA SOCIAL,S,1
313420,ITUIUTABA,2025-12-03,12,2025,DESCUMPRIMENTO DE MEDIDA PROTETIVA DE URGENCIA,S,1
313420,ITUIUTABA,2025-12-03,12,2025,LESAO CORPORAL,S,1
313420,ITUIUTABA,2025-12-04,12,2025,INJURIA,S,1
313420,ITUIUTABA,2025-12-05,12,2025,OUTRAS ACOES DEFESA SOCIAL,S,1
313420,ITUIUTABA,2025-12-06,12,2025,AMEACA,S,2
313420,ITUIUTABA,2025-12-06,12,2025,LESAO CORPORAL,S,1
313420,ITUIUTABA,2025-12-06,12,2025,PERSEGUICAO,S,1
313420,ITUIUTABA,2025-12-07,12,2025,AMEACA,S,1
313420,ITUIUTABA,2025-12-07,12,2025,LESAO CORPORAL,S,1
313420,ITUIUTABA,2025-12-08,12,2025,OUTROS INFRACOES C/ A PESSOA,S,2
313420,ITUIUTABA,2025-12-09,12,2025,AMEACA,S,1
313420,ITUIUTABA,2025-12-09,12,2025,OUTROS INFRACOES C/ A PESSOA,S,1
313420,ITUIUTABA,2025-12-10,12,2025,ATRITO VERBAL,S,1
313420,ITUIUTABA,2025-12-11,12,2025,OUTROS INFRACOES C/ A PESSOA,S,2
313420,ITUIUTABA,2025-12-12,12,2025,AMEACA,S,2
313420,ITUIUTABA,2025-12-14,12,2025,AMEACA,S,1
313420,ITUIUTABA,2025-12-14,12,2025,VIAS DE FATO / AGRESSAO,S,1
313420,ITUIUTABA,2025-12-16,12,2025,AMEACA,S,1
313420,ITUIUTABA,2025-12-17,12,2025,DANO,S,1
313420,ITUIUTABA,2025-12-17,12,2025,OUTROS INFRACOES C/ A PESSOA,S,3
313420,ITUIUTABA,2025-12-18,12,2025,OUTROS INFRACOES C/ A PESSOA,S,1
313420,ITUIUTABA,2025-12-19,12,2025,OUTRAS ACOES DEFESA SOCIAL,S,1
313420,ITUIUTABA,2025-12-19,12,2025,VIOLENCIA PSICOLOGICA,S,1
313420,ITUIUTABA,2025-12-20,12,2025,LESAO CORPORAL,S,1
313420,ITUIUTABA,2025-12-22,12,2025,AMEACA,S,1
313420,ITUIUTABA,2025-12-22,12,2025,DESCUMPRIMENTO DE MEDIDA PROTETIVA DE URGENCIA,S,1
313420,ITUIUTABA,2025-12-22,12,2025,OUTROS INFRACOES C/ A PESSOA,S,1
313420,ITUIUTABA,2025-12-22,12,2025,VIAS DE FATO / AGRESSAO,S,1
313420,ITUIUTABA,2025-12-22,12,2025,VIOLENCIA PSICOLOGICA,S,1
313420,ITUIUTABA,2025-12-23,12,2025,VIAS DE FATO / AGRESSAO,S,1
313420,ITUIUTABA,2025-12-24,12,2025,AMEACA,S,1
313420,ITUIUTABA,2025-12-24,12,2025,DISPARO DE ARMA DE FOGO/ACIONAM DE MUNICAO,S,1
313420,ITUIUTABA,2025-12-24,12,2025,VIAS DE FATO / AGRESSAO,S,1
313420,ITUIUTABA,2025-12-25,12,2025,AMEACA,S,1
313420,ITUIUTABA,2025-12-25,12,2025,LESAO CORPORAL,S,1
313420,ITUIUTABA,2025-12-26,12,2025,VIAS DE FATO / AGRESSAO,S,1
313420,ITUIUTABA,2025-12-28,12,2025,AMEACA,S,2
313420,ITUIUTABA,2025-12-29,12,2025,AMEACA,S,1
313420,ITUIUTABA,2025-12-29,12,2025,DESCUMPRIMENTO DE MEDIDA PROTETIVA DE URGENCIA,S,1
313420,ITUIUTABA,2025-12-29,12,2025,VIAS DE FATO / AGRESSAO,S,1
